التاريخ,المسلسل,رقم الإذن,رقم الشيك,البيان,حساب مدين,حساب دائن,المبلغ,مرحّل
2022-01-02,1,65718348,,احمد هشام السيد على الطحان عهدة شراء هدايا لمحافظات شمال الدلتا,مدينون متنوعون,بنك مصر,15000,
2022-01-02,2,65718349,,طارق سيد على خلاف على خلاف عهدة للسيارة ماركة توسان رقم 564,مدينون متنوعون,بنك مصر,4500,
2022-01-02,3,65718350,,كريم ابراهيم عبد الحميد عهده شراء ادوات نظافة ومشروبات,مدينون متنوعون,بنك مصر,5000,
2022-01-02,4,65718351,,كريم ابراهيم عبد الحميد عهده شراء مطهرات ومستلزمات طبيه,مدينون متنوعون,بنك مصر,5000,
2022-01-02,5,65718352,,طارق ابراهيم سليمان عهده صرف مصيف جمصه,مدينون متنوعون,بنك مصر,15000,
2022-01-02,6,65718353,,هشام مصطفى محمد عبد المعطى عبد المعطى عهدة شحن عداات كهرباء وغاز ومياة مصيف مطروح,مدينون متنوعون,بنك مصر,30000,
2022-01-02,7,65718354,,حمدى احمد محمد ناجى مصروفات مكتب شئون العضوية بمنوف عن شهرى اكتوبر وديسمبر 2021,مدينون متنوعون,بنك مصر,2200,
2022-01-02,8,65718356,,هانى محمد عبد الله اعانة,اعانات اجتماعية,بنك مصر,200,
2022-01-03,9,65718357,,هانى عبد الفتاح محمد عبد المللك محمد عهده للصرف على احتياجات عمارة المعادى,مدينون متنوعون,بنك مصر,2000,
2022-01-03,10,65718358,,هانى عبد الفتاح محمد عبد المللك محمد عهده لشراء خامات ولوازم طباعه الكارنيهات,مدينون متنوعون,بنك مصر,3000,
2022-01-03,11,65718359,,عاطف ابا زيد مرسى عهده مصروفات ادارية,مدينون متنوعون,بنك مصر,5000,
2022-01-03,12,65718360,,محمد محمد حسن عهده مرور على بعض اللجان المهنية بالبحيرة وكفر الشيخ,مدينون متنوعون,بنك مصر,3000,
2022-01-03,13,65718361,,محمد محمد حسن عهده مجمع اللجان بالاسكندرية,مدينون متنوعون,بنك مصر,500,
2022-01-03,14,65718362,,حنان عاطف محمود طاهر عهده مصروفات العلاج الادوية,مدينون متنوعون,بنك مصر,2500,
2022-01-03,15,65718363,,سمير السيد أحمد احمد بدل عمل يوم السبت لبعض الزملاء,مكافأت وبدل العمل أيام الاجازات الرسمية,بنك مصر,500,
2022-01-03,16,65718364,,محمد مصطفى رمضان عهده مكتب دمنهور اعانات ومكافات العاملين ومصروفات المكتب,مدينون متنوعون,بنك مصر,5000,
2022-01-03,17,65718365,,اسماء عبد المنعم فراج فراج عهده مصروفات مكتب شئون العضوية بالمنيا,مدينون متنوعون,بنك مصر,5000,
2022-01-03,18,65718366,,اسماء عبد المنعم فراج فراج عهده لشراء اداوات مكتبية مكتب شئون العضوية بالمنيا,مدينون متنوعون,بنك مصر,5000,
2022-01-03,19,65718367,,ايمن احمد مصطفى سلام مصطفى عهده مكتب شئون العضوية بشربين,مدينون متنوعون,بنك مصر,5000,
2022-01-03,20,65718368,,جيهان موسى محمد الشجاعى محمد السجاعى محمد عهده للجنة المهنية للبناء والاخشاب بمنيا القمح,مدينون متنوعون,بنك مصر,5000,
2022-01-03,21,65718369,,ابراهيم محمد محمود غلوش عهده اللجنة المهنية للبناء والاخشاب بطنطا,مدينون متنوعون,بنك مصر,2000,
2022-01-03,22,65718370,,عبد الحميد حسن عبد العزيز الخولى عهده اللجنة المهنية للبناء والاخشاب ببورسعيد,مدينون متنوعون,بنك مصر,3000,
2022-01-03,23,65718371,,نجوى ابراهيم عبده على عهده اللجنة المهنية للبناء والاخشاب بدسوق,مدينون متنوعون,بنك مصر,5000,
2022-01-03,24,65718372,,عاطف عبد النظير عبد الشافى عهده مكتب دار السلام بسوهاج,مدينون متنوعون,بنك مصر,2000,
2022-01-03,25,65718373,,مسعد صالح محمد عهده مكتب المنصورة 2,مدينون متنوعون,بنك مصر,10000,
2022-01-03,26,65718374,,محمد ابراهيم عوض زهران عهده مكتب زفتى,مدينون متنوعون,بنك مصر,2000,
2022-01-03,27,65718375,,السيد عبد المجيد محمد العماوى عهده مكتب كفر الشيخ,مدينون متنوعون,بنك مصر,1000,
2022-01-03,28,65718376,,محمد سمير ابو الفتوح عهده مكتب العاشر من رمضان,مدينون متنوعون,بنك مصر,1000,
2022-01-03,29,65718377,,شريفه شحات حسن عهده مكتب اشمون,مدينون متنوعون,بنك مصر,1000,
2022-01-03,30,65718378,,حمدى احمد محمد ناجى عهده مكتب منوف,مدينون متنوعون,بنك مصر,1000,
2022-01-03,31,65718379,,حسين ثابت حسن عهده مكتب اسيوط,مدينون متنوعون,بنك مصر,2000,
2022-01-03,32,65718380,,مجدى السيد عبد الهادى عهده اعانات للعاملين والمشتركين باللجنة النقابية بمديرية الطرق والنقل بالقليوبية,مدينون متنوعون,بنك مصر,1000,
2022-01-03,33,65718381,,ايهاب عادل مسعد عهده اللجنة الادارية بشركة صحى الامير,مدينون متنوعون,بنك مصر,2000,
2022-01-03,34,65718382,,علاء عبد الحميد توفيق عهده لمكتب شئون العضوية بقليوب,مدينون متنوعون,بنك مصر,3000,
2022-01-03,35,65718383,,علاء عبد الحميد توفيق عهده لشراء هدايا مكتب شئون العضوية بقليوب,مدينون متنوعون,بنك مصر,5000,
2022-01-03,36,65718384,,احمد نعمان محمد  محمد عهده مصروفات مكتب شئون العضوية بالمنصورة,مدينون متنوعون,بنك مصر,3000,
2022-01-03,37,65718385,,احمد نعمان محمد  محمد عهده لشراء هدايا العام الجديد مكتب شئون العضوية بالمنصورة,مدينون متنوعون,بنك مصر,5000,
2022-01-03,38,65718386,,كريم ابراهيم عبد الحميد عهده لشراء سخان لمكتب شئون العضوية بالجيزة,مدينون متنوعون,بنك مصر,2500,
2022-01-03,39,4315,,حسنين إبراهيم حسنين      وجبات غذائية وفد ليبيا,مدينون متنوعون,بنك العمال 1,23530,
2022-01-03,40,4316,,ناديه محمد ابو القاسم عهده لمكتب شئون العضوية باسوان,مدينون متنوعون,بنك العمال 1,5000,
2022-01-03,41,4317,,ناديه محمد ابو القاسم عهده شراء هدايا العام الجديد مكتب شئون العضوية باسوان,مدينون متنوعون,بنك العمال 1,7000,
2022-01-03,42,4318,,محمد عواد محمد عهده للجنة الادارية للعاملين بشركة انشاء الطرق,مدينون متنوعون,بنك العمال 1,8000,
2022-01-03,43,4319,,طه رمضان حجازى عهده مكتب شئون العضوية بالجيزة,مدينون متنوعون,بنك العمال 1,2500,
2022-01-03,44,4320,,دعاء حسين رمضان رمضان عهده مكتب شئون العضوية ببا محافظة بنى سويف,مدينون متنوعون,بنك العمال 1,2000,
2022-01-03,45,4321,,دعاء حسين رمضان رمضان عهده مكتب شئون العضوية بنى سويف,مدينون متنوعون,بنك العمال 1,2000,
2022-01-03,46,4322,,دعاء حسين رمضان رمضان عهده شراء هدايا العام الجديد مكتب شئون العضوية بنى سويف,مدينون متنوعون,بنك العمال 1,10000,
2022-01-03,47,4323,,محمد مصطفى درويش عهده مكتب شئون العضوية بالاسماعيلية,مدينون متنوعون,بنك العمال 1,2000,
2022-01-03,48,4324,,محمود حسين حسن عهده مكتب شئون العضوية بالسويس,مدينون متنوعون,بنك العمال 1,2000,
2022-01-03,49,4325,,طارق بدوى محمود عهده مكتب شئون العضوية بالمنزلة,مدينون متنوعون,بنك العمال 1,2000,
2022-01-04,50,65718387,,كريم ابراهيم عبد الحميد عهده لزيارة الكنيسة الارثوذكسية بالاسكندرية,مدينون متنوعون,بنك مصر,15000,
2022-01-04,51,65718388,,ماضى تمام عبد العزيز بدل سفر وانتقالات لانهاء بعض اعمال مكتب فرشوط,مدينون متنوعون,بنك مصر,1500,
2022-01-04,52,65718389,,ماضى تمام عبد العزيز عهده مكتب شئون العضوية بفرشوط,مدينون متنوعون,بنك مصر,2000,
2022-01-04,53,65718390,,الشاذلى على محمد الشاذلى مصروفات مكتب شئون العضوية بمدينه السادات,مكاتب شئون العضوية,بنك مصر,2600,
2022-01-04,54,65718391,,عبد المعبود عبد السلام حسن عهده مكتب شئون العضوية بشبرا الخيمة,مدينون متنوعون,بنك مصر,1000,
2022-01-04,55,65718392,,امل فاروق عبد الله عبد الله عهده مكتب شئون العضوية بـ 6 أكتوبر,مدينون متنوعون,بنك مصر,1000,
2022-01-04,56,65718393,,امل فاروق عبد الله عبد الله عهده لشراء هدايا العام الجديد مكتب شئون العضوية بـ 6 أكتوبر,مدينون متنوعون,بنك مصر,3000,
2022-01-04,57,65718394,,جوزيف فؤاد ايوب سلفة تخصم من الراتب من 1/1/2022 حتى 31/7/2022,سلف العاملين,بنك مصر,15000,
2022-01-04,58,65718395,,طارق سيد على خلاف على خلاف مصروفات استضافة ومشروبات واكراميات بنادى المقاولون العرب للتجديف والشراع,مناسبات متنوعة,بنك مصر,2673,
2022-01-04,59,65718396,,ايمن عبد العزيز عبد الله عهده للشئون القانونية بالنقابة العامة,مدينون متنوعون,بنك مصر,5000,
2022-01-04,60,65718397,,عماد الدين محمد مبروك عهده لشراء جهاز حاسب آلى طابعه لمكتب شئون العضوية بالمنصورة 2,مدينون متنوعون,بنك مصر,8000,
2022-01-04,61,65718398,,عاطف ابا زيد مرسى عهده مصروفات ادارية استعاضة,اعانات اجتماعية,,100,
2022-01-04,61,65718398,,عاطف ابا زيد مرسى عهده مصروفات ادارية استعاضة,اكراميات ونثريات,,275,
2022-01-04,61,65718398,,عاطف ابا زيد مرسى عهده مصروفات ادارية استعاضة,بريد,,48,
2022-01-04,61,65718398,,عاطف ابا زيد مرسى عهده مصروفات ادارية استعاضة,تليفون,,580,
2022-01-04,61,65718398,,عاطف ابا زيد مرسى عهده مصروفات ادارية استعاضة,ضيافة وبوفيه,,2037.75,
2022-01-04,61,65718398,,عاطف ابا زيد مرسى عهده مصروفات ادارية استعاضة,مطبوعات وادوات كتابية,,1191.6,
2022-01-04,61,65718398,,عاطف ابا زيد مرسى عهده مصروفات ادارية استعاضة,ادوات نظافة ومنظفات,,329.5,
2022-01-04,61,65718398,,عاطف ابا زيد مرسى عهده مصروفات ادارية استعاضة,انتقالات داخلية,,520,
2022-01-04,61,65718398,,عاطف ابا زيد مرسى عهده مصروفات ادارية استعاضة,مكافأت وبدل العمل أيام الاجازات الرسمية,,200,
2022-01-04,61,65718398,,عاطف ابا زيد مرسى عهده مصروفات ادارية استعاضة,,بنك مصر,5281.85,
2022-01-04,62,65718399,,نجوى ابراهيم عبده على عهده  لشراء هدايا العام الجديد اللجنة المهنية للبناء والاخشاب بدسوق,مدينون متنوعون,بنك مصر,5000,
2022-01-05,63,65718400,,عماد الدين محمد مبروك عهده لشراء جهاز حاسب آلى طابعه للجنة المهنية للبناء والاخشاب ببنى سويف,مدينون متنوعون,بنك مصر,8000,
2022-01-05,64,4326,,دار ايام الاسبوع للتوريدات نشر واعلان,اعلانات,,3000,
2022-01-05,64,4326,,دار ايام الاسبوع للتوريدات نشر واعلان,,بنك العمال 1,2910,
2022-01-05,64,4326,,دار ايام الاسبوع للتوريدات نشر واعلان,,ضرائب الخصم والاضافة,90,
2022-01-05,65,4327,,طارق عراقى محمد جاد شراء هدايا العام الجديد الهيئة العامة للطرق والكبارى بمنطقة شرق الدلتا بالزقازيق,مدينون متنوعون,بنك العمال 1,2795,
2022-01-05,66,4328,,سمير السيد أحمد احمد شراء ادوات كتابية للسنه الجديدة,مدينون متنوعون,بنك العمال 1,9450,
2022-01-10,67,4329,,سمير السيد أحمد احمد سلفيات العاملين على ان تخصم على مدار العام حتى 31/12/2022,سلف العاملين,بنك العمال 1,405000,
2022-01-10,68,4330,,سمير السيد أحمد احمد بدل حضور اعضاء مجلس الادارة,بدلات أعضاء مجلس الادارة,بنك العمال 1,12450,
2022-01-10,69,4331,,محمد محمد حسن بدل سفروانتقال للمرور على بعض اللجان النقابية بدمنهور وكفر الشيخ,بدل سفر وانتقال,بنك العمال 1,5260,
2022-01-10,70,4332,,محمد مصطفى عبد الباقى شراء هدايا العام الجديد مكاتب الفيوم ( اطسا - ابشواى - سنورس - طامية - يوسف الصديق ),مكاتب شئون العضوية,بنك العمال 1,7390,
2022-01-10,71,4333,,محمد مصطفى عبد الباقى عهده مكاتب الفيوم ( اطسا - ابشواى - سنورس - طامية - يوسف الصديق ),مدينون متنوعون,بنك العمال 1,10000,
2022-01-10,72,4334,,جابر حنفى محمود عهده شراء هدايا لمكاتب العمل والتامينات والمتعاونين مع النقابة العامة,مدينون متنوعون,بنك العمال 1,2500,
2022-01-10,73,65718401,,احمد هشام السيد على الطحان عهده لزيارات بعض المحافظات ( بورسعيد - الاسماعيلية ),مدينون متنوعون,بنك مصر,15000,
2022-01-11,74,65718402,,محمد رافت عبد القوى عبد ربه وجبات غذائية,مدينون متنوعون,بنك مصر,24350,
2022-01-11,75,65718403,,عاطف ابا زيد مرسى عهده ادارية ( استعاضة ),اكراميات ونثريات,,400,
2022-01-11,75,65718403,,عاطف ابا زيد مرسى عهده ادارية ( استعاضة ),تليفون,,1309,
2022-01-11,75,65718403,,عاطف ابا زيد مرسى عهده ادارية ( استعاضة ),ضيافة وبوفيه,,100,
2022-01-11,75,65718403,,عاطف ابا زيد مرسى عهده ادارية ( استعاضة ),مطبوعات وادوات كتابية,,962.12,
2022-01-11,75,65718403,,عاطف ابا زيد مرسى عهده ادارية ( استعاضة ),السيارة,,400,
2022-01-11,75,65718403,,عاطف ابا زيد مرسى عهده ادارية ( استعاضة ),ادوات نظافة ومنظفات,,329.5,
2022-01-11,75,65718403,,عاطف ابا زيد مرسى عهده ادارية ( استعاضة ),انتقالات داخلية,,250,
2022-01-11,75,65718403,,عاطف ابا زيد مرسى عهده ادارية ( استعاضة ),النت,,490,
2022-01-11,75,65718403,,عاطف ابا زيد مرسى عهده ادارية ( استعاضة ),مستلزمات كمبيوتر,,165,
2022-01-11,75,65718403,,عاطف ابا زيد مرسى عهده ادارية ( استعاضة ),,بنك مصر,4405.62,
2022-01-11,76,65718404,,عماد الدين محمد مبروك استكمال عهده شراء اجهزة وطابعات مكتب المنصورة 2 وبنى سويف,مدينون متنوعون,بنك مصر,6000,
2022-01-11,77,65718405,,السيد محمد محمود عميرة مصروفات وبدل سفر وانتقال مكتب شئون العضوية بابو حماد,مكاتب شئون العضوية,بنك مصر,2400,
2022-01-11,78,65718406,,كريم ابراهيم عبد الحميد تسويه عهده للسفر الى الاسكندرية وكفر الشيخ والبحيرة لحضور اجتماعات بقيادة السيد الاستاذ رئيس النقابة العامة وامين عام النقابة,مناسبات متنوعة,,27526.5,
2022-01-11,78,65718406,,كريم ابراهيم عبد الحميد تسويه عهده للسفر الى الاسكندرية وكفر الشيخ والبحيرة لحضور اجتماعات بقيادة السيد الاستاذ رئيس النقابة العامة وامين عام النقابة,,بنك مصر,11776.5,
2022-01-11,78,65718406,,كريم ابراهيم عبد الحميد تسويه عهده للسفر الى الاسكندرية وكفر الشيخ والبحيرة لحضور اجتماعات بقيادة السيد الاستاذ رئيس النقابة العامة وامين عام النقابة,,مدينون متنوعون,15000,
2022-01-11,78,65718406,,كريم ابراهيم عبد الحميد تسويه عهده للسفر الى الاسكندرية وكفر الشيخ والبحيرة لحضور اجتماعات بقيادة السيد الاستاذ رئيس النقابة العامة وامين عام النقابة,,ضريبة كسب العمل,750,
2022-01-11,79,65718407,,احمد هشام السيد على الطحان تسويه عهده لشراء هدايا العام الجديد لمحافظات ( الاسكندرية - كفر الشيخ - البحيرة ),مناسبات متنوعة,,16675,
2022-01-11,79,65718407,,احمد هشام السيد على الطحان تسويه عهده لشراء هدايا العام الجديد لمحافظات ( الاسكندرية - كفر الشيخ - البحيرة ),,بنك مصر,1513.25,
2022-01-11,79,65718407,,احمد هشام السيد على الطحان تسويه عهده لشراء هدايا العام الجديد لمحافظات ( الاسكندرية - كفر الشيخ - البحيرة ),,مدينون متنوعون,15000,
2022-01-11,79,65718407,,احمد هشام السيد على الطحان تسويه عهده لشراء هدايا العام الجديد لمحافظات ( الاسكندرية - كفر الشيخ - البحيرة ),,ضرائب الخصم والاضافة,161.75,
2022-01-16,80,4335,,جوزيف فؤاد ايوب  تغير زيت للسيارة الميكروباص ماركة و ى د 689,السيارة,بنك العمال 1,880,
2022-01-16,81,4336,,طارق سيد على خلاف على خلاف مصروفات السيارة البيجو رقم 236,السيارة,بنك العمال 1,2020,
2022-01-16,82,4337,,سمير السيد أحمد احمد بدل عمل ايام السبت لبعض الزملاء,مكافأت وبدل العمل أيام الاجازات الرسمية,بنك العمال 1,700,
2022-01-19,83,4338,,ايمن عبد العزيز عبد الله مصروفات الشئون القانونية بالنقابة العامة,مصاريف محاماة,بنك العمال 1,5000,
2022-01-19,84,4339,,عاطف ابا زيد مرسى مصروفات ادارية استعاضة,مناسبات متنوعة,,400,
2022-01-19,84,4339,,عاطف ابا زيد مرسى مصروفات ادارية استعاضة,اعانات اجتماعية,,100,
2022-01-19,84,4339,,عاطف ابا زيد مرسى مصروفات ادارية استعاضة,مصاريف اجتماعات,,1100.25,
2022-01-19,84,4339,,عاطف ابا زيد مرسى مصروفات ادارية استعاضة,اكراميات ونثريات,,585,
2022-01-19,84,4339,,عاطف ابا زيد مرسى مصروفات ادارية استعاضة,بريد,,206,
2022-01-19,84,4339,,عاطف ابا زيد مرسى مصروفات ادارية استعاضة,تليفون,,268,
2022-01-19,84,4339,,عاطف ابا زيد مرسى مصروفات ادارية استعاضة,ضيافة وبوفيه,,660,
2022-01-19,84,4339,,عاطف ابا زيد مرسى مصروفات ادارية استعاضة,مطبوعات وادوات كتابية,,315,
2022-01-19,84,4339,,عاطف ابا زيد مرسى مصروفات ادارية استعاضة,ادوات نظافة ومنظفات,,470,
2022-01-19,84,4339,,عاطف ابا زيد مرسى مصروفات ادارية استعاضة,انتقالات داخلية,,150,
2022-01-19,84,4339,,عاطف ابا زيد مرسى مصروفات ادارية استعاضة,مستلزمات كمبيوتر,,280,
2022-01-19,84,4339,,عاطف ابا زيد مرسى مصروفات ادارية استعاضة,,بنك العمال 1,4534.25,
2022-01-19,85,4340,,احمد هشام السيد على الطحان عهده السيارة رقم هونداى سولارس 569,مدينون متنوعون,بنك العمال 1,2000,
2022-01-22,86,65718408,,عدلى احمد عبد العال مصروفات وبدل سفر مكاتب نجع حمادى وقنا,مكاتب شئون العضوية,بنك مصر,6150,
2022-01-16,87,65718409,,طارق سيد على خلاف على خلاف عهده مصروفات السيارة ماركة هونداى توسان 564,مدينون متنوعون,بنك مصر,7000,
2022-01-16,88,,,كريم ابراهيم عبد الحميد تسويه شراء سخان لمكتب شئون العضوية بالجيزة,اكراميات ونثريات,,280,
2022-01-16,88,,,كريم ابراهيم عبد الحميد تسويه شراء سخان لمكتب شئون العضوية بالجيزة,انتقالات داخلية,,150,
2022-01-16,88,,,كريم ابراهيم عبد الحميد تسويه شراء سخان لمكتب شئون العضوية بالجيزة,أجهزة الكترونية وكهربائية,,2070,
2022-01-16,88,,,كريم ابراهيم عبد الحميد تسويه شراء سخان لمكتب شئون العضوية بالجيزة,,مدينون متنوعون,2500,
2022-01-16,89,65718410,,محمد رافت عبد القوى عبد ربه وجبات غذائية اعضاء مجلس الادارة,مدينون متنوعون,بنك مصر,24640,
2022-01-16,90,65718411,,نادى المقاولون العرب الرياضى للتجديف والشراع وجبات غذائية ومشروبات اثناء اجتماع المجلس بالنادى,مصاريف اجتماعات,بنك مصر,12968,
2022-01-16,91,65718412,,جيهان جرجس حلمى جريدة مجلة حياة جديدة نشر واعلان,اعلانات,,1500,
2022-01-16,91,65718412,,جيهان جرجس حلمى جريدة مجلة حياة جديدة نشر واعلان,,بنك مصر,1455,
2022-01-16,91,65718412,,جيهان جرجس حلمى جريدة مجلة حياة جديدة نشر واعلان,,ضرائب الخصم والاضافة,45,
2022-01-16,92,65718413,,عماد حليم انيس مجله السلام الاجتماعى نشر واعلان,اعلانات,,1500,
2022-01-16,92,65718413,,عماد حليم انيس مجله السلام الاجتماعى نشر واعلان,,بنك مصر,1455,
2022-01-16,92,65718413,,عماد حليم انيس مجله السلام الاجتماعى نشر واعلان,,ضرائب الخصم والاضافة,45,
2022-01-19,93,65718414,,طلعت عبد العال حسين مساهمة فى العلاج رئيس اللجنة المهنية بسوهاج,تعويضات ومساهمات,بنك مصر,5000,
2022-01-19,94,65718415,,السيد فرغلى السيد مساهمة فى العلاج من العاملين باللجنة المهنية بسوهاج,تعويضات ومساهمات,بنك مصر,1000,
2022-01-20,95,65718416,,جابر حنفى محمود عبدل حضور لجان وتسويات وديه,لجان ثلاثية,بنك مصر,595,
2022-01-23,96,65718417,,محمد مصطفى عبد الباقى بدل انتقال يناير 2022 لمكتب بنى سويف,مرتبات ومكافأة شاملة,بنك مصر,100,
2022-01-23,97,65718418,,اشرف ابراهيم السيد بدل انتقال يناير 2022,مرتبات ومكافأة شاملة,,1100,
2022-01-23,97,65718418,,اشرف ابراهيم السيد بدل انتقال يناير 2022,,بنك مصر,1045,
2022-01-23,97,65718418,,اشرف ابراهيم السيد بدل انتقال يناير 2022,,ضريبة كسب العمل,55,
2022-01-23,98,65718419,,ابراهيم عبد الله حسيب بدل انتقال يناير 2022,مرتبات ومكافأة شاملة,,1590,
2022-01-23,98,65718419,,ابراهيم عبد الله حسيب بدل انتقال يناير 2022,,بنك مصر,1520,
2022-01-23,98,65718419,,ابراهيم عبد الله حسيب بدل انتقال يناير 2022,,ضريبة كسب العمل,70,
2022-01-23,99,65718420,,ايمن عبد العزيز عبد الله بدل انتقال يناير 2022,مرتبات ومكافأة شاملة,,2110,
2022-01-23,99,65718420,,ايمن عبد العزيز عبد الله بدل انتقال يناير 2022,,بنك مصر,2040,
2022-01-23,99,65718420,,ايمن عبد العزيز عبد الله بدل انتقال يناير 2022,,ضريبة كسب العمل,70,
2022-01-23,100,65718421,,محمد كرم عباس محمد بدل انتقال يناير 2022,مرتبات ومكافأة شاملة,,1570,
2022-01-23,100,65718421,,محمد كرم عباس محمد بدل انتقال يناير 2022,,بنك مصر,1520,
2022-01-23,100,65718421,,محمد كرم عباس محمد بدل انتقال يناير 2022,,ضريبة كسب العمل,50,
2022-01-23,101,65718422,,محمد داود حسين بدل انتقال يناير 2022,مرتبات ومكافأة شاملة,,850,
2022-01-23,101,65718422,,محمد داود حسين بدل انتقال يناير 2022,,بنك مصر,770,
2022-01-23,101,65718422,,محمد داود حسين بدل انتقال يناير 2022,,ضريبة كسب العمل,80,
2022-01-23,102,65718423,,عبد العليم محمد ابو الوفا بدل انتقال يناير 2022,مرتبات ومكافأة شاملة,,850,
2022-01-23,102,65718423,,عبد العليم محمد ابو الوفا بدل انتقال يناير 2022,,بنك مصر,770,
2022-01-23,102,65718423,,عبد العليم محمد ابو الوفا بدل انتقال يناير 2022,,ضريبة كسب العمل,80,
2022-01-23,103,65718424,,صالح نسيم محمد بدل انتقال يناير 2022 مكتب العاشر من رمضان,مرتبات ومكافأة شاملة,,1000,
2022-01-23,103,65718424,,صالح نسيم محمد بدل انتقال يناير 2022 مكتب العاشر من رمضان,,بنك مصر,900,
2022-01-23,103,65718424,,صالح نسيم محمد بدل انتقال يناير 2022 مكتب العاشر من رمضان,,ضريبة كسب العمل,100,
2022-01-23,104,65718425,,محمد بهاء الدين محمد بدل انتقال 2022,مرتبات ومكافأة شاملة,,1100,
2022-01-23,104,65718425,,محمد بهاء الدين محمد بدل انتقال 2022,,بنك مصر,990,
2022-01-23,104,65718425,,محمد بهاء الدين محمد بدل انتقال 2022,,ضريبة كسب العمل,110,
2022-01-23,105,65718426,,محمد حسنى محمد تونى بدل انتقال 2022,مرتبات ومكافأة شاملة,,1100,
2022-01-23,105,65718426,,محمد حسنى محمد تونى بدل انتقال 2022,,بنك مصر,990,
2022-01-23,105,65718426,,محمد حسنى محمد تونى بدل انتقال 2022,,ضريبة كسب العمل,110,
2022-01-23,106,65718427,,عزت عبد الوهاب احمد بدل انتقال 2022,مرتبات ومكافأة شاملة,,3530,
2022-01-23,106,65718427,,عزت عبد الوهاب احمد بدل انتقال 2022,,بنك مصر,3360,
2022-01-23,106,65718427,,عزت عبد الوهاب احمد بدل انتقال 2022,,ضريبة كسب العمل,170,
2022-01-23,107,65718428,,نبويه عاشور محمود اعانة يناير 2022,اعانات اجتماعية,بنك مصر,350,
2022-01-23,108,65718429,,سناء مصطفى محمد مصطفى اعانة يناير 2022,اعانات اجتماعية,بنك مصر,100,
2022-01-23,109,65718430,,هانم فؤاد حنفى احمد اعانة اجتماعية يناير 2022,اعانات اجتماعية,بنك مصر,400,
2022-01-23,110,65718431,,نعناعة عبد الرحمن احمد اعانه اجتماعية يناير 2022,اعانات اجتماعية,بنك مصر,450,
2022-01-23,111,65718432,,تحيه محمد عيسى خليل اعانة اجتماعية يناير 2022,اعانات اجتماعية,بنك مصر,450,
2022-01-23,112,65718433,,سيده زكى محمد ابراهيم اعانه اجتماعية يناير 2022,اعانات اجتماعية,بنك مصر,200,
2022-01-23,113,65718434,,سعديه احمد محمد اعانه اجتماعيه يناير 2022,اعانات اجتماعية,بنك مصر,50,
2022-01-23,114,65718435,,ماجده عبد الله عبد اللطيف اعانه اجتماعية يناير 2022,اعانات اجتماعية,بنك مصر,200,
2022-01-23,115,65718436,,نعيمة مصطفى محمد مصطفى اعانه اجتماعية 2022,اعانات اجتماعية,بنك مصر,150,
2022-01-23,116,65718437,,سحر رمضان عبد المجيد عبد الوهاب اعانه اجتماعية 2022,اعانات اجتماعية,بنك مصر,350,
2022-01-23,117,65718438,,فاطمة ابراهيم السيد على اعانه يناير 2022,اعانات اجتماعية,بنك مصر,50,
2022-01-23,118,65718439,,رمضان اسماعيل احمد اعانه اجتماعية يناير 2022,اعانات اجتماعية,بنك مصر,75,
2022-01-23,119,65718441,,فاطمة حنفى على امين اعانه يناير 2022,اعانات اجتماعية,بنك مصر,350,
2022-01-23,120,65718442,,باتعة عبد اللطيف ابراهيم اعانه يناير 2022,اعانات اجتماعية,بنك مصر,75,
2022-01-23,121,65718443,,رجاء عبد الفتاح محمد اعانه يناير 2022,اعانات اجتماعية,بنك مصر,450,
2022-01-23,122,65718444,,كريم ابراهيم عبد الحميد عهده شراء ادوات كتابية ومكتبية لمكتب رئيس النقابة العامة,مدينون متنوعون,بنك مصر,5000,
2022-01-23,123,65718445,,سمير السيد أحمد احمد بدل عمل يوم السبت لبعض الزملاء,مكافأت وبدل العمل أيام الاجازات الرسمية,بنك مصر,350,
2022-01-23,124,65718446,,محمد محمد حسن مصروفات مجمع اللجان بالاسكندرية وبدل سفر,مجمع لجان الإسكندرية,,1183.7,
2022-01-23,124,65718446,,محمد محمد حسن مصروفات مجمع اللجان بالاسكندرية وبدل سفر,بدل سفر وانتقال,,850,
2022-01-23,124,65718446,,محمد محمد حسن مصروفات مجمع اللجان بالاسكندرية وبدل سفر,,بنك مصر,2033.7,
2022-01-23,125,65718448,,بهجت احمد حامد مساهمة فى علاجه,علاج ومستلزمات طبية,بنك مصر,1000,
2022-01-23,126,65718449,,محمد محمد حسن بدل شفر وانتقال الى محافظة كفر الشيخ والبحيرة,بدل سفر وانتقال,بنك مصر,6100,
2022-01-23,127,65718451,,ايمن محمد احمد الشربينى رئيس اللجنة المهنية ببلقاس مساهمة فى العلاج,علاج ومستلزمات طبية,بنك مصر,1500,
2022-01-24,128,65718452,,رحمه عبد الرحيم عبد العال اعانة يناير 2022,اعانات اجتماعية,بنك مصر,450,
2022-01-24,129,65718453,,احمد خميس عبد العال اعانة اجتماعية يناير 2022 اسيوط,اعانات اجتماعية,بنك مصر,100,
2022-01-24,130,65718454,,خميس ابراهيم حسين اعانة يناير 2022 اسيوط,اعانات اجتماعية,بنك مصر,100,
2022-01-24,131,65718455,,امال محمد سليمان اعانة يناير 2022 اشمون,اعانات اجتماعية,بنك مصر,100,
2022-01-24,132,65718456,,انور رجب مختار اعانة يناير 2022 اشمون,اعانات اجتماعية,بنك مصر,75,
2022-01-24,133,65718457,,محمد كمال محمود اعانة اجتماعية يناير 2022 اشمون,اعانات اجتماعية,بنك مصر,75,
2022-01-24,134,65718458,,انتصار مصطفى احمد اعانة اجتماعية يناير 2022 القاهرة,اعانات اجتماعية,بنك مصر,250,
2022-01-24,135,65718459,,حمدى عبد الرحمن صادق اعانة يناير 2022 اكتوبر,اعانات اجتماعية,بنك مصر,150,
2022-01-24,136,65718460,,محمود محمد احمد ابراهيم اعانة يناير 2022 منيه النصر,اعانات اجتماعية,بنك مصر,150,
2022-01-24,137,65718461,,شحات سلطان حسن اعانة يناير 2022 شبرا الخيمة,اعانات اجتماعية,بنك مصر,100,
2022-01-24,138,65718462,,عادل محمد الطاهر اعانة يناير 2022 شبرا الخيمة,اعانات اجتماعية,بنك مصر,75,
2022-01-24,139,65718463,,عبد الصبور عبد العال حسين اعانة اجتماعية يناير 2022 سوهاج,اعانات اجتماعية,بنك مصر,300,
2022-01-24,140,65718464,,السيد فرغلى السيد اعانة اجتماعية يناير 2022 بسوهاج,اعانات اجتماعية,بنك مصر,300,
2022-01-26,141,65718465,,طارق سيد على خلاف على خلاف تسويه عهده اصلاح السيارة ماركة هونداى توسان 564,السيارة,,10439.3,
2022-01-26,141,65718465,,طارق سيد على خلاف على خلاف تسويه عهده اصلاح السيارة ماركة هونداى توسان 564,,بنك مصر,3326.75,
2022-01-26,141,65718465,,طارق سيد على خلاف على خلاف تسويه عهده اصلاح السيارة ماركة هونداى توسان 564,,مدينون متنوعون,7000,
2022-01-26,141,65718465,,طارق سيد على خلاف على خلاف تسويه عهده اصلاح السيارة ماركة هونداى توسان 564,,ضرائب الخصم والاضافة,112.55,
2022-01-26,142,65718466,,طارق سيد على خلاف على خلاف مصروفات السيارة ماركة هونداى توسان 564 والسيارة رقم 236,السيارة,بنك مصر,5770,
2022-01-26,143,65718467,,طارق سيد على خلاف على خلاف مصروفات لشراء كاوتش للسيارة ماركة هونداى توسان 564,السيارة,,8820.38,
2022-01-26,143,65718467,,طارق سيد على خلاف على خلاف مصروفات لشراء كاوتش للسيارة ماركة هونداى توسان 564,مكافأت وبدل العمل أيام الاجازات الرسمية,,240,
2022-01-26,143,65718467,,طارق سيد على خلاف على خلاف مصروفات لشراء كاوتش للسيارة ماركة هونداى توسان 564,,بنك مصر,8988.45,
2022-01-26,143,65718467,,طارق سيد على خلاف على خلاف مصروفات لشراء كاوتش للسيارة ماركة هونداى توسان 564,,ضرائب الخصم والاضافة,71.93,
2022-01-26,144,65718468,,طارق سيد على خلاف على خلاف عهده للسيارة رقم 564 ماركة هونداى توسان,مدينون متنوعون,بنك مصر,2000,
2022-01-26,145,65718469,,عاطف ابا زيد مرسى مصروفات ادارية استعاضة,مناسبات متنوعة,,350,
2022-01-26,145,65718469,,عاطف ابا زيد مرسى مصروفات ادارية استعاضة,اعانات اجتماعية,,400,
2022-01-26,145,65718469,,عاطف ابا زيد مرسى مصروفات ادارية استعاضة,اكراميات ونثريات,,150,
2022-01-26,145,65718469,,عاطف ابا زيد مرسى مصروفات ادارية استعاضة,كهرباء,,1009.25,
2022-01-26,145,65718469,,عاطف ابا زيد مرسى مصروفات ادارية استعاضة,بريد,,46.1,
2022-01-26,145,65718469,,عاطف ابا زيد مرسى مصروفات ادارية استعاضة,مياه,,189.22,
2022-01-26,145,65718469,,عاطف ابا زيد مرسى مصروفات ادارية استعاضة,ضيافة وبوفيه,,1264.5,
2022-01-26,145,65718469,,عاطف ابا زيد مرسى مصروفات ادارية استعاضة,مطبوعات وادوات كتابية,,819.77,
2022-01-26,145,65718469,,عاطف ابا زيد مرسى مصروفات ادارية استعاضة,ادوات نظافة ومنظفات,,300,
2022-01-26,145,65718469,,عاطف ابا زيد مرسى مصروفات ادارية استعاضة,انتقالات داخلية,,250,
2022-01-26,145,65718469,,عاطف ابا زيد مرسى مصروفات ادارية استعاضة,النت,,300,
2022-01-26,145,65718469,,عاطف ابا زيد مرسى مصروفات ادارية استعاضة,,بنك مصر,5078.84,
2022-01-26,146,65718470,,مصطفى احمد احمد عهده للجنة الادارية بشركة سيراميكا الامير,مدينون متنوعون,بنك مصر,2000,
2022-01-26,147,65718471,,محمد محمد على احمد عهده لعمل عدد 8 دواليب لمصيف جمصه,مدينون متنوعون,بنك مصر,18000,
2022-01-26,148,65718472,,جمعيه الامل لرعاية اسر السجناء مساهمة,تعويضات ومساهمات,بنك مصر,2000,
2022-01-26,149,65718473,,مجله الحياة القبطية نشر واعلان,اعلانات,,2000,
2022-01-26,149,65718473,,مجله الحياة القبطية نشر واعلان,,بنك مصر,1940,
2022-01-26,149,65718473,,مجله الحياة القبطية نشر واعلان,,ضرائب الخصم والاضافة,60,
2022-01-26,150,65718474,,هانى عبد الفتاح محمد عبد المللك محمد مصروفات عمارة النقابة العامة بالمعادى,عمارة المعادى,بنك مصر,2327,
2022-01-26,151,65718476,,هانى عبد الفتاح محمد عبد المللك محمد عهده لعمل تعديلات على عداد المياة الرئيسى الخاص بعمارة النقابة بالمعادى,مدينون متنوعون,بنك مصر,2000,
2022-01-20,152,4341,,سمير السيد أحمد - بدل سفر,مدينون متنوعون,بنك العمال 1,28700,
2022-01-26,153,4342,,بنك التنمية الصناعية بالجلاء قسط قرض العاملين عن شهر يناير 2022,أقساط قروض بنك التنمية لبعض العاملين,بنك العمال 1,26539.94,
2022-01-27,154,4343,,السيد عبد المجيد العماوى - شراء هدايا,مدينون متنوعون,بنك العمال 1,20000,
2022-01-30,155,4344,,سمير السيد أحمد احمد مرتبات العاملين + بدلات الاعضاء يناير 2022,بدلات أعضاء مجلس الادارة,,13860,
2022-01-30,155,4344,,سمير السيد أحمد احمد مرتبات العاملين + بدلات الاعضاء يناير 2022,مرتبات ومكافأة شاملة,,293869.44,
2022-01-30,155,4344,,سمير السيد أحمد احمد مرتبات العاملين + بدلات الاعضاء يناير 2022,مدينون متنوعون,,28244.71,
2022-01-30,155,4344,,سمير السيد أحمد احمد مرتبات العاملين + بدلات الاعضاء يناير 2022,,بنك العمال 1,198638.54,
2022-01-30,155,4344,,سمير السيد أحمد احمد مرتبات العاملين + بدلات الاعضاء يناير 2022,,سلف العاملين,33565,
2022-01-30,155,4344,,سمير السيد أحمد احمد مرتبات العاملين + بدلات الاعضاء يناير 2022,,تأمين تكافلى,6725.11,
2022-01-30,155,4344,,سمير السيد أحمد احمد مرتبات العاملين + بدلات الاعضاء يناير 2022,,ضريبة كسب العمل,9601.5,
2022-01-30,155,4344,,سمير السيد أحمد احمد مرتبات العاملين + بدلات الاعضاء يناير 2022,,أقساط النفقة,180,
2022-01-30,155,4344,,سمير السيد أحمد احمد مرتبات العاملين + بدلات الاعضاء يناير 2022,,أقساط قروض بنك التنمية لبعض العاملين,22530.19,
2022-01-30,155,4344,,سمير السيد أحمد احمد مرتبات العاملين + بدلات الاعضاء يناير 2022,,التأمينات الاجتماعية,60883.77,
2022-01-30,155,4344,,سمير السيد أحمد احمد مرتبات العاملين + بدلات الاعضاء يناير 2022,,دمغة,173.21,
2022-01-30,155,4344,,سمير السيد أحمد احمد مرتبات العاملين + بدلات الاعضاء يناير 2022,,تامينات عاملين مستقطعه وتسدد لمكاتب تامينات بالمحافظات,3676.83,
2022-01-30,156,4345,,جهاز الخدمات للقوات المسلحة جراج الجمهورية لعدد 4 سيارات,السيارة,بنك العمال 1,4107.95,
2022-01-30,157,4346,,وائل محمد مبروك محمد مساهمة فى عمل نظارة طبيبه,علاج ومستلزمات طبية,بنك العمال 1,300,
2022-01-30,158,4347,,كريم ابراهيم عبد الحميد مصروفات مستلزمات طبيه,مستلزمات طبية ( كورونا ),,6362,
2022-01-30,158,4347,,كريم ابراهيم عبد الحميد مصروفات مستلزمات طبيه,,بنك العمال 1,6300,
2022-01-30,158,4347,,كريم ابراهيم عبد الحميد مصروفات مستلزمات طبيه,,ضرائب الخصم والاضافة,62,
2022-01-31,159,4348,,عدلى احمد عبد العال مصروفات وبدل سفر مكاتب نجع حمادى وقنا,مدينون متنوعون,بنك العمال 1,6300,
2022-01-30,160,4349,,نجوى ابراهيم على مصروفات وبدل سفر وانتقال مكتب شئون العضوية بدسوق,مكاتب شئون العضوية,بنك العمال 1,4478,
2022-01-30,161,4350,,سمير السيد أحمد احمد بدل عمل يوم السبت لبعض الزملاء,مكافأت وبدل العمل أيام الاجازات الرسمية,بنك العمال 1,500,
2022-01-30,162,65718477,,عماد الدين محمد مبروك عهده لشراء احبار للشئون القانونية,مدينون متنوعون,بنك مصر,1000,
2022-01-30,163,65718478,,احمد هشام السيد على الطحان عهده لشراء اداوات كتابية وهدايا العام الجديد,مدينون متنوعون,بنك مصر,10000,
2022-01-30,164,65718479,,حسين ثابت حسن مصروفات مكتب اسيوط,مدينون متنوعون,بنك مصر,14497,
2022-01-30,165,65718480,,محمود حسين حسن مصروفات مكتب شئون العضوية بالسويس,مدينون متنوعون,بنك مصر,3900,
2022-01-30,166,65718481,,صلاح محمد عبد الستار مصروفات مكتب شئون العضوية بمنيه النصر + بدل سفر وانتقالات + اعانات كبار السن,مكاتب شئون العضوية,بنك مصر,4675,
2022-01-30,167,65718482,,جميل عبد الهادى ابو سعده مصروفات مكتب شئون العضوية باشمون + بدل سفر وانتقالات,مكاتب شئون العضوية,بنك مصر,2800,
2022-01-30,168,65718483,,محمود درديرى محمد بدل سفر وانتقالات يناير 2022,جهاز مشروعات أسيوط,بنك مصر,1500,
2022-01-30,169,65718484,,ميرفت السيد على هلال من العاملين باللجنة المهنية بشبين الكوم مساهمة فى علاجها,تعويضات ومساهمات,بنك مصر,500,
2022-01-31,170,65718486,,عبد الناصر بكر احمد بدل سفر وانتقالات + بدل عمل بعد مواعيد العمل الرسمية للسائق اسامه على,بدل سفر وانتقال,بنك مصر,4630,
2022-01-19,171,4035,,شركة النصر العامة للمقاولا - حسن علام,حصص اللجان النقابية بالشركات من الاشتركات,بنك العمال 1,20172,
2022-01-19,172,4036,,شركة اسمنت اسيوط,حصص اللجان النقابية بالشركات من الاشتركات,بنك العمال 1,1946,
2022-01-19,173,4037,,الشركة العامة لمنتجات الخزف والصينى,حصص اللجان النقابية بالشركات من الاشتركات,بنك العمال 1,3260,
2022-01-19,174,4038,,شركة اسمنت حلوان,حصص اللجان النقابية بالشركات من الاشتركات,بنك العمال 1,1476,
2022-01-19,175,4039,,الشركة العربية للخزف سيراميكا ريماس,حصص اللجان النقابية بالشركات من الاشتركات,بنك العمال 1,6246,
2022-01-19,176,4040,,شركة المقاولات المصرية - مختار ابراهيم,حصص اللجان النقابية بالشركات من الاشتركات,بنك العمال 1,30000,
2022-01-19,177,4041,,شركة مصر لاعمال الاسمنت المسلح,حصص اللجان النقابية بالشركات من الاشتركات,بنك العمال 1,5000,
2022-01-19,178,4042,,شركة المعادى للتنمية والتعمير,حصص اللجان النقابية بالشركات من الاشتركات,بنك العمال 1,960,
2022-01-19,179,4043,,شركة النيل العامة للطرق والكبارى,حصص اللجان النقابية بالشركات من الاشتركات,بنك العمال 1,8856,
2022-01-19,180,4044,,شركة المقاولون العرب - القاهرة,حصص اللجان النقابية بالشركات من الاشتركات,بنك العمال 1,82944,
2022-01-19,181,4045,,شركة المقاولون العرب - اسوان,حصص اللجان النقابية بالشركات من الاشتركات,بنك العمال 1,17144,
2022-01-31,182,,,اللجنه النقابية بشركة المقاولون العرب - القاهره,بنك مصر,إيرادات من الجان الشركات والهيئات,150134,
2022-01-31,183,,,اللجنه النقابية بشركة النصر للمقاولات - حسن علام,بنك مصر,إيرادات من الجان الشركات والهيئات,15066,
2022-01-31,184,,,اللجنه النقابية بشركة مصر لاعمال الاسمنت المسلح,بنك مصر,إيرادات من الجان الشركات والهيئات,3500,
2022-01-31,185,,,اللجنه النقابية بشركة النصر للمبانى والانشاءات - أيجيكو القاهره,بنك مصر,إيرادات من الجان الشركات والهيئات,1914.3,
2022-01-31,186,,,اللجنه النقابية بشركة النصر للمبانى والانشاءات - أيجيكو القاهره,بنك مصر,إيرادات من الجان الشركات والهيئات,356.4,
2022-01-31,187,,,اللجنه النقابية بشركة النصر للمبانى والانشاءات - أيجيكو القاهره,بنك مصر,إيرادات من الجان الشركات والهيئات,394.2,
2022-01-31,188,,,اللجنه النقابية بشركة النصر للمبانى والانشاءات - أيجيكو القاهره,بنك مصر,إيرادات من الجان الشركات والهيئات,356.4,
2022-01-31,189,,,اللجنه النقابية بشركة النصر للمبانى والانشاءات - أيجيكو القاهره,بنك مصر,إيرادات من الجان الشركات والهيئات,607.5,
2022-01-31,190,,,اللجنه النقابية بشركة النصر للمبانى والانشاءات - أيجيكو القاهره,بنك مصر,إيرادات من الجان الشركات والهيئات,1914.3,
2022-01-31,191,,,اللجنه النقابية بشركة النصر للمبانى والانشاءات - أيجيكو القاهره,بنك مصر,إيرادات من الجان الشركات والهيئات,394.2,
2022-01-31,192,,,اللجنه النقابية بشركة النصر للمبانى والانشاءات - أيجيكو القاهره,بنك مصر,إيرادات من الجان الشركات والهيئات,629.1,
2022-01-31,193,,,اللجنه النقابية بشركة السويس للاسمنت - القاهره,بنك العمال 1,إيرادات من الجان الشركات والهيئات,1714.5,
2022-01-31,194,,,اللجنه النقابية بشركة النيل العامه للطرق والكبارى,بنك العمال 1,إيرادات من الجان الشركات والهيئات,13284,
2022-01-31,195,,,اللجنه النقابية بشركة النيل العامه للطرق الصحراوية  _القاهرة,بنك مصر,إيرادات من الجان الشركات والهيئات,714,
2022-01-31,196,,,اللجنه النقابية بشركة الهيئة العامه للطرق والكبارى - القاهرة,بنك مصر,إيرادات من الجان الشركات والهيئات,79,
2022-01-31,197,,,اللجنه النقابية بشركةالتعمير والاستشارات الهندسية,بنك مصر,إيرادات من الجان الشركات والهيئات,447.3,
2022-01-31,198,,,اللجنه النقابية بشركة المعادى للتنمية والتعمير,بنك العمال 1,إيرادات من الجان الشركات والهيئات,1440,
2022-01-31,199,,,اللجنه النقابية بشركة مدينة نصر للاسكان والتعمير,بنك العمال 1,إيرادات من الجان الشركات والهيئات,318.6,
2022-01-31,200,,,اللجنه النقابية بشركة المساهمة المصرية - القاهرة,بنك مصر,إيرادات من الجان الشركات والهيئات,5445.9,
2022-01-31,201,,,اللجنه النقابية بشركة طرق وكبارى القليوبية,بنك مصر,إيرادات من الجان الشركات والهيئات,181,
2022-01-31,202,,,اللجنه النقابية بشركة طرق ونقل الغربية,بنك مصر,إيرادات من الجان الشركات والهيئات,222.9,
2022-01-31,203,,,اللجنه النقابية بشركة طرق ونقل طنطا,بنك مصر,إيرادات من الجان الشركات والهيئات,330.9,
2022-01-31,204,,,اللجنه النقابية بشركة طرق ونقل كفر الشيخ,بنك مصر,إيرادات من الجان الشركات والهيئات,1288,
2022-01-31,205,,,اللجنه النقابية بشركة طرق ونقل دمنهور - بحيرة,بنك مصر,إيرادات من الجان الشركات والهيئات,760.2,
2022-01-31,206,,,اللجنه النقابية بشركةالنصر للمبانى والانشاءات - ايجيكو اسكندرية,بنك مصر,إيرادات من الجان الشركات والهيئات,926.1,
2022-01-30,207,,,اللجنه النقابية بشركةالنصر للمبانى والانشاءات - ايجيكو اسكندرية,بنك مصر,إيرادات من الجان الشركات والهيئات,891,
2022-01-31,208,,,اللجنه النقابية بشركة المعمورة للاسكان والتعمير,بنك مصر,إيرادات من الجان الشركات والهيئات,2371.5,
2022-01-31,209,,,اللجنه النقابية بشركة الهيئة العامة للطرق والكبارى - الزقازيق,بنك مصر,إيرادات من الجان الشركات والهيئات,49,
2022-01-31,210,,,اللجنه النقابية بشركة الهيئة العامة للطرق والكبارى - الزقازيق,بنك مصر,إيرادات من الجان الشركات والهيئات,536,
2022-01-31,211,,,اللجنه النقابية منطقة القنال وسيناء بالاسماعيلية,بنك مصر,إيرادات من الجان الشركات والهيئات,700.8,
2022-01-31,212,,,اللجنه النقابية بشركة طرق وكبارى قنا,بنك مصر,إيرادات من الجان الشركات والهيئات,846.6,
2022-01-31,213,,,اللجنه النقابية بشركة المصرية للخرسانة سابقة الاجهاد,بنك العمال 1,إيرادات من الجان الشركات والهيئات,487.8,
2022-01-31,214,,,اللجنه النقابية بشركة طرق ونقل الخارجة الوادى الجديد,بنك مصر,إيرادات من الجان الشركات والهيئات,555,
2022-01-31,215,,,اللجنه النقابية بشركة طرق ونقل الخارجة الوادى الجديد,بنك مصر,إيرادات من الجان الشركات والهيئات,549.6,
2022-01-31,216,,,اللجنه النقابية بشركة طرق وكبارى الوادى الجديد,بنك مصر,إيرادات من الجان الشركات والهيئات,79.2,
2022-01-31,217,,,اللجنه النقابية بشركة بمديرية طرق ونقل السويس,بنك مصر,إيرادات من الجان الشركات والهيئات,380.76,
2022-01-31,218,,,اللجنه النقابية بشركة بمديرية طرق ونقل الجيزة,بنك مصر,إيرادات من الجان الشركات والهيئات,807,
2022-01-31,219,,,اللجنه النقابية بشركة بطرق ونقل المنوفية,بنك مصر,إيرادات من الجان الشركات والهيئات,587.4,
2022-01-31,220,,,اللجنه النقابية بشركة بطرق ونقل المنوفية,بنك مصر,إيرادات من الجان الشركات والهيئات,19,
2022-01-31,221,,,اللجنه النقابية بشركة بطرق ونقل المنوفية,بنك مصر,إيرادات من الجان الشركات والهيئات,530.7,
2022-01-31,222,,,اللجنه النقابية بشركة بطرق ونقل المنوفية,بنك مصر,إيرادات من الجان الشركات والهيئات,21,
2022-01-31,223,,,اللجنه النقابية بشركة بمديرية طرق ونقل الجيزة,بنك مصر,إيرادات من الجان الشركات والهيئات,798,
2022-01-31,224,,,اللجنة النقابية بشركة لافارج اسمنت مصر,بنك مصر,إيرادات من الجان الشركات والهيئات,756,
2022-01-31,225,,,اللجنة النقابية بطرق وكبارى سيناء,بنك مصر,إيرادات من الجان الشركات والهيئات,134.7,
2022-01-31,226,,,اللجنة المهنية – بالمحلة الكبرى,بنك مصر,,27610,
2022-01-31,226,,,اللجنة المهنية – بالمحلة الكبرى,,إيرادات من اللجان المهنية,16640,
2022-01-31,226,,,اللجنة المهنية – بالمحلة الكبرى,,الإيرادات من المطبوعات,8120,
2022-01-31,226,,,اللجنة المهنية – بالمحلة الكبرى,,الإيرادات من دعم التثقيف,2850,
2022-01-31,227,,,اللجنة المهنية – ببلقاس,بنك مصر,الإيرادات من دعم التثقيف,3933,
2022-01-31,228,,,اللجنة المهنية- بميت غمر حصة النقابة من دعم التثقيف,بنك مصر,الإيرادات من دعم التثقيف,6675,
2022-01-31,229,,,اللجنة المهنية- بميت غمر حصة الاتحاد,بنك مصر,الاتحاد العام,7342.5,
2022-01-31,230,,,اللجنة المهنية- بسوهاج حصة النقابة +المطبوعات + دعم + حصة الاتحاد,بنك مصر,,24318,
2022-01-31,230,,,اللجنة المهنية- بسوهاج حصة النقابة +المطبوعات + دعم + حصة الاتحاد,,إيرادات من اللجان المهنية,12506.4,
2022-01-31,230,,,اللجنة المهنية- بسوهاج حصة النقابة +المطبوعات + دعم + حصة الاتحاد,,الإيرادات من المطبوعات,4168.8,
2022-01-31,230,,,اللجنة المهنية- بسوهاج حصة النقابة +المطبوعات + دعم + حصة الاتحاد,,الإيرادات من دعم التثقيف,3474,
2022-01-31,230,,,اللجنة المهنية- بسوهاج حصة النقابة +المطبوعات + دعم + حصة الاتحاد,,الاتحاد العام,4168.8,
2022-01-31,231,,,اللجنة المهنية بفاقوس حصة النقابة,بنك العمال 1,إيرادات من اللجان المهنية,2403,
2022-01-31,232,,,اللجنة المهنية بفاقوس حصة الاتحاد,بنك العمال 1,الاتحاد العام,499.5,
2022-01-31,233,,,اللجنة المهنية – بابو كبير,بنك العمال 1,,7350,
2022-01-31,233,,,اللجنة المهنية – بابو كبير,,إيرادات من اللجان المهنية,3780,
2022-01-31,233,,,اللجنة المهنية – بابو كبير,,الإيرادات من المطبوعات,1260,
2022-01-31,233,,,اللجنة المهنية – بابو كبير,,الإيرادات من دعم التثقيف,1050,
2022-01-31,233,,,اللجنة المهنية – بابو كبير,,الاتحاد العام,1260,
2022-01-31,234,,,اللجنة المهنية- بههيا حصة النقابة+ دعم المطبوعات,بنك مصر,,3374.4,
2022-01-31,234,,,اللجنة المهنية- بههيا حصة النقابة+ دعم المطبوعات,,إيرادات من اللجان المهنية,2530.8,
2022-01-31,234,,,اللجنة المهنية- بههيا حصة النقابة+ دعم المطبوعات,,الإيرادات من المطبوعات,843.6,
2022-01-31,235,,,اللجنة المهنية- بههيا حصة النقابة من دعم التدريب,بنك مصر,الإيرادات من دعم التثقيف,684,
2022-01-31,236,,,اللجنة المهنية- بههيا حصة الاتحاد العام,بنك مصر,الاتحاد العام,843.6,
2022-01-31,237,,,إيداع نقدى حالد عبد العزيز عفيفى قسط التامينات والوثيقة,بنك مصر,,1450,
2022-01-31,237,,,إيداع نقدى حالد عبد العزيز عفيفى قسط التامينات والوثيقة,,تأمين تكافلى,150,
2022-01-31,237,,,إيداع نقدى حالد عبد العزيز عفيفى قسط التامينات والوثيقة,,التأمينات الاجتماعية,1300,
2022-01-31,238,,,إبراهيم عبد الله حسيب  تسوية سلفه,بنك مصر,سلف العاملين,2500,
2022-01-31,239,,,إيداع نقدى اقسط قروض مركز من بنك التنمية الصناعية,بنك مصر,أقساط قروض بنك التنمية لبعض العاملين,4008,
2022-01-31,240,,,نقابة التجارة سداد اول قسط من السلفة,بنك مصر,مدينون متنوعون,25000,
2022-01-31,241,,,مكتب شئون عضوية بطنطا,بنك مصر,إيرادات مكاتب شئون العضوية,11180,
2022-01-31,242,,,اسمنت حلوان  ( ضمن شيكات تحت التحصيل 2021,بنك العمال 1,إيرادات سنوات سابقة,1088.1,
2022-01-31,243,,,اسمنت حلوان  ( ضمن شيكات تحت التحصيل 2021,بنك العمال 1,إيرادات سنوات سابقة,1125.9,
2022-01-31,244,,,العربية للخذف   ( ضمن شيكات تحت التحصيل 2021,بنك العمال 1,إيرادات سنوات سابقة,9369,
2022-01-31,245,,,اللجنه النقابية بشركة المتحده  للاسكان والتعمير,بنك العمال 1,إيرادات من الجان الشركات والهيئات,256.5,
2022-01-31,246,,,اللجنه النقابية بشركة المتحده  للاسكان والتعمير,بنك العمال 1,إيرادات من الجان الشركات والهيئات,256.5,
2022-01-31,247,,,المعمورة للتعمير والتنمية,بنك العمال 1,إيرادات من الجان الشركات والهيئات,2380.5,
2022-01-31,248,,,اللجنه النقابية بشركة المتحده  للاسكان والتعمير,بنك العمال 1,إيرادات من الجان الشركات والهيئات,256.5,
2022-01-31,249,,,مكتب شئون عضوية باسيوط,بنك العمال 1,إيرادات مكاتب شئون العضوية,17000,
2022-01-31,250,,,مكتب شئون عضوية بزفتى,بنك مصر,إيرادات مكاتب شئون العضوية,4000,
2022-01-31,251,,,مكتب شئون عضوية بكفر صقر,بنك مصر,إيرادات مكاتب شئون العضوية,3600,
2022-01-31,252,,,مكتب شئون عضوية بكفر الشيخ,بنك مصر,إيرادات مكاتب شئون العضوية,920,
2022-01-31,253,,,مكتب شئون عضوية بفرشوط,بنك مصر,إيرادات مكاتب شئون العضوية,1480,
2022-01-31,254,,,مكتب شئون عضوية بالمنزلة,بنك مصر,إيرادات مكاتب شئون العضوية,2520,
2022-01-31,255,,,مكتب شئون عضوية بالمنصورة ( ب ),بنك مصر,إيرادات مكاتب شئون العضوية,61500,
2022-01-31,256,,,مكتب شئون عضوية السادس من اكتوبر,بنك مصر,إيرادات مكاتب شئون العضوية,720,
2022-01-31,257,,,مكتب شئون عضوية السادس من اكتوبر,بنك مصر,إيرادات مكاتب شئون العضوية,720,
2022-01-31,258,,,مكتب شئون عضوية بشربين,بنك مصر,إيرادات مكاتب شئون العضوية,14000,
2022-01-31,259,,,مكتب شئون عضوية السنبلاوين,بنك مصر,إيرادات مكاتب شئون العضوية,11240,
2022-01-31,260,,,مكتب شئون عضوية الجيزة,بنك مصر,إيرادات مكاتب شئون العضوية,2000,
2022-01-31,261,,,مكتب شئون عضوية - نجع حمادى,بنك العمال 1,إيرادات مكاتب شئون العضوية,8000,
2022-01-31,262,,,مكتب شئون عضوية - دسوق,بنك مصر,إيرادات مكاتب شئون العضوية,10000,
2022-01-31,263,,,مكتب شئون عضوية اسوان,بنك مصر,إيرادات مكاتب شئون العضوية,13024.25,
2022-01-31,264,,,مكتب شئون عضوية القاهرة الكبرى,بنك مصر,إيرادات مكاتب شئون العضوية,33040,
2022-01-31,265,,,مكتب شئون عضوية طامية,بنك مصر,إيرادات مكاتب شئون العضوية,19500,
2022-01-31,266,,,مكتب شئون عضوية الحسينية _ الشرقية,بنك مصر,إيرادات مكاتب شئون العضوية,2000,
2022-01-31,267,,,اللجنة الادارية بمنية النصر,بنك مصر,إيرادات مكاتب شئون العضوية,24000,
2022-01-31,268,,,اللجنة الادارية بنى عبيد,بنك مصر,إيرادات مكاتب شئون العضوية,4000,
2022-01-31,269,,,ترصيد وديعة,بنك العمال 1,الودائع,500000,
2022-01-31,270,,,ترصيد فائدة على الوديعة,بنك العمال 1,الإيرادات من عائد الودائع,7875.74,
2022-01-31,271,,,إيداع نقدى سمير السيد أحمد  -قسط سلفة  دعاء حسين رمضان رمضان,بنك العمال 1,سلف العاملين,2993,
2022-01-31,272,,,مصروفات بنكية بنك التنمية,بنكية,بنك العمال 1,180,
2022-01-31,273,,,فائدة محوله من قرض المؤسسة الثقافية,المؤسسة الثقافية,بنك العمال 1,9176,
2022-01-31,274,,,عموله على الفائدة,المؤسسة الثقافية,بنك العمال 1,1998,
2022-01-31,275,,,إيرادات متنوعة شهادة خبره,بنك مصر,الإيرادات المتنوعة,2332,
2022-01-11,276,,,سداد تأمينات - تحويل,التأمينات الاجتماعية,بنك مصر,83307.93,
2022-01-31,277,,,مصروفات كشف حساب بنك مصر,بنكية,بنك مصر,340.7,
2022-02-02,278,65718487,,حنان عاطف محود طاهر استعاضة الادوية,علاج ومستلزمات طبية,بنك مصر,2785.75,
2022-02-02,279,65718488,,سمير السيد أحمد احمد,مدينون متنوعون,بنك مصر,29600,
2022-02-02,280,65718489,,ايمن مصطفى سلام   مصروفات مكتب دنجواى,مكاتب شئون العضوية,بنك مصر,11995,
2022-02-02,281,65718490,,منصور عبد اللطيف عبد الله مصروفات مكتب كفر صقر,مكاتب شئون العضوية,بنك مصر,4850,
2022-02-02,282,,,عماد الدين محمد مبروك تسويه شراء عدد 2 جهاز حاسب الى بالطابعات مكتبى المنصورة (2) وبنى سويف,بنك مصر,,847,
2022-02-02,282,,,عماد الدين محمد مبروك تسويه شراء عدد 2 جهاز حاسب الى بالطابعات مكتبى المنصورة (2) وبنى سويف,أجهزة الكترونية وكهربائية,,21153,
2022-02-02,282,,,عماد الدين محمد مبروك تسويه شراء عدد 2 جهاز حاسب الى بالطابعات مكتبى المنصورة (2) وبنى سويف,,مدينون متنوعون,22000,
2022-02-02,283,65718491,,احمد هشام السيد على الطحان مصروفات السيارة سولارس يناير 2022,السيارة,بنك مصر,2199,
2022-02-02,284,65718492,,احمد هشام السيد على الطحان تسويه عهده هدايا العام الجديد للاحوال المدنية بالقاهرة,مناسبات متنوعة,,17430,
2022-02-02,284,65718492,,احمد هشام السيد على الطحان تسويه عهده هدايا العام الجديد للاحوال المدنية بالقاهرة,,بنك مصر,7260.79,
2022-02-02,284,65718492,,احمد هشام السيد على الطحان تسويه عهده هدايا العام الجديد للاحوال المدنية بالقاهرة,,مدينون متنوعون,10000,
2022-02-02,284,65718492,,احمد هشام السيد على الطحان تسويه عهده هدايا العام الجديد للاحوال المدنية بالقاهرة,,ضرائب الخصم والاضافة,169.21,
2022-02-02,285,4351,,ماضى تمام عبد العزيز ( مصروفات مكتب فرشوط ),مدينون متنوعون,بنك العمال 1,6973,
2022-02-02,286,4352,,احمد نعمان محمد  محمد ( مصروفات مكتب المنصورة1 ),مدينون متنوعون,بنك العمال 1,5995,
2022-02-02,287,4353,,دعاء حسين رمضان رمضان مصروفات المكتب + بدل سفر وانتقال شراء أثاث بنى سويف,مكاتب شئون العضوية,بنك العمال 1,14635,
2022-02-02,288,4354,,السيد عبد المجيد العماوى مصروفات المكتب + بدل سفر مكتب كفر الشيخ,مدينون متنوعون,بنك العمال 1,7310,
2022-02-02,289,4355,,جيهان موسى محمد الشجاعى محمد السجاعى محمد ( مصروفات مكتب مينا القمح ),مدينون متنوعون,بنك العمال 1,11450,
2022-02-02,290,4356,,طه رمضان حجازى مصروفات المكتب الجيزة,مكاتب شئون العضوية,بنك العمال 1,1383,
2022-02-02,291,4357,,محمود ابراهيم محمد زهران زهران ( مصروفات مكتب زفتى ),مدينون متنوعون,بنك العمال 1,4325,
2022-02-02,292,4358,,فتحى عواد محمد مصروفات المكتب + مكافاة شهر يناير 2022 العريش,مكاتب شئون العضوية,بنك العمال 1,1800,
2022-02-02,293,4359,,كريم ابراهيم عبد الحميد مصروفات ادوات كتابية,مطبوعات وادوات كتابية,,6015.5,
2022-02-02,293,4359,,كريم ابراهيم عبد الحميد مصروفات ادوات كتابية,,بنك العمال 1,5957.34,
2022-02-02,293,4359,,كريم ابراهيم عبد الحميد مصروفات ادوات كتابية,,ضرائب الخصم والاضافة,58.16,
2022-02-02,294,4360,,طارق سيد على خلاف على خلاف تسويه عهده السيارة رقم 564,السيارة,,3423.5,
2022-02-02,294,4360,,طارق سيد على خلاف على خلاف تسويه عهده السيارة رقم 564,,بنك العمال 1,1423.5,
2022-02-02,294,4360,,طارق سيد على خلاف على خلاف تسويه عهده السيارة رقم 564,,مدينون متنوعون,2000,
2022-02-02,295,4361,,رضا ابو عجيله صميدة مصروفات مكتبى الحامول ومطوبس,مدينون متنوعون,بنك العمال 1,5900,
2022-02-03,296,4362,,ايمن عبد العزيز عبد الله مصروفات الشئون القانونية,مصاريف محاماة,بنك العمال 1,6780,
2022-02-03,297,4363,,اسماء عبد المنعم فراج فراج مصروفات المكتب + مكافاة جهود + بدل سفر وانتقال المنيا,مكاتب شئون العضوية,بنك العمال 1,10347,
2022-02-03,298,4364,,محمد مصطفى رمضان مصروفات المكتب + بدل سفر وانتقال دمنهور,مكاتب شئون العضوية,بنك العمال 1,8250,
2022-02-03,299,4365,,سمير السيد أحمد احمد شراء هدايا العام الجديد,مناسبات متنوعة,,19904.6,
2022-02-03,299,4365,,سمير السيد أحمد احمد شراء هدايا العام الجديد,,بنك العمال 1,19730,
2022-02-03,299,4365,,سمير السيد أحمد احمد شراء هدايا العام الجديد,,ضرائب الخصم والاضافة,174.6,
2022-02-03,300,65718493,,عاطف ابا زيد مرسى بدل سفر وانتقالات ماموريه لمحافظة المنيا وسوهاج وقنا,مدينون متنوعون,بنك مصر,9850,
2022-02-03,301,65718494,,كريم ابراهيم عبد الحميد عهده لحين التسويه لاجتماع بشركات قطاع الاعمال العام,مدينون متنوعون,بنك مصر,15000,
2022-02-03,302,65718495,,عاطف ابا زيد مرسى استعاضة المصروفات الادارية,اعانات اجتماعية,,600,
2022-02-03,302,65718495,,عاطف ابا زيد مرسى استعاضة المصروفات الادارية,مصروفات إدارية المقر الرئيسى,,330,
2022-02-03,302,65718495,,عاطف ابا زيد مرسى استعاضة المصروفات الادارية,اكراميات ونثريات,,350,
2022-02-03,302,65718495,,عاطف ابا زيد مرسى استعاضة المصروفات الادارية,بريد,,175,
2022-02-03,302,65718495,,عاطف ابا زيد مرسى استعاضة المصروفات الادارية,تليفون,,250,
2022-02-03,302,65718495,,عاطف ابا زيد مرسى استعاضة المصروفات الادارية,ضيافة وبوفيه,,1297,
2022-02-03,302,65718495,,عاطف ابا زيد مرسى استعاضة المصروفات الادارية,صيانه,,360,
2022-02-03,302,65718495,,عاطف ابا زيد مرسى استعاضة المصروفات الادارية,مطبوعات وادوات كتابية,,118,
2022-02-03,302,65718495,,عاطف ابا زيد مرسى استعاضة المصروفات الادارية,ادوات نظافة ومنظفات,,450,
2022-02-03,302,65718495,,عاطف ابا زيد مرسى استعاضة المصروفات الادارية,,بنك مصر,3930,
2022-02-06,303,65718496,,مسعد صالح محمد مصروفات المكتب + مكافاة جهود +بدل سفر وانتقال المنصورة (2),مكاتب شئون العضوية,بنك مصر,11245,
2022-02-07,304,65718497,,حوزيف فؤاد ايوب اصلاح السيارة رقم 689,السيارة,بنك مصر,1497,
2022-02-07,305,65718498,,سمير السيد أحمد احمد بدل عمل يوم السبت لبعض الموظفين,مكافأت وبدل العمل أيام الاجازات الرسمية,بنك مصر,400,
2022-02-07,306,65718499,,جابر حنفى محمود بدل حضور لجان وتسويات وديه عن شهرى ديسمبر ويناير 2022,لجان ثلاثية,بنك مصر,735,
2022-02-07,307,65718500,,عبد المحسن ابو اليزيد حسن بدل حضور لجان عن شهرى ديسمبر ويناير 2022,لجان ثلاثية,بنك مصر,945,
2022-02-07,308,65718501,,الشاذلى على محمد الشاذلى مصروفات المكتب السادات,مكاتب شئون العضوية,بنك مصر,2580,
2022-02-07,309,65718502,,عاطف ابا زيد مرسى استعاضة المصروفات الادارية,مصروفات إدارية المقر الرئيسى,بنك مصر,5134.78,
2022-02-07,310,65718503,,عماد الدين محمد مبروك عهدة لحين التسويه مصاريف انتقالات لمحافظة المنصورة لتسليم جهاز حاسب الى وطابعة,مدينون متنوعون,بنك مصر,1500,
2022-02-07,311,,,عماد الدين محمد مبروك تسويه شراء حبارة لطابعة الشئون القانونية,بنك مصر,,109,
2022-02-07,311,,,عماد الدين محمد مبروك تسويه شراء حبارة لطابعة الشئون القانونية,مستلزمات كمبيوتر,,891,
2022-02-07,311,,,عماد الدين محمد مبروك تسويه شراء حبارة لطابعة الشئون القانونية,,مدينون متنوعون,1000,
2022-02-07,312,65718504,,محمد بهاء الدين محمد بدل سفر وانتقال مامورية لمحافظة سوهاج لجنه جرجا,بدل سفر وانتقال,بنك مصر,2550,
2022-02-07,313,65718505,,سمير السيد أحمد احمد وجبات غذائية,مدينون متنوعون,بنك مصر,34650,
2022-02-14,314,65718506,,احمد محمد مصطفى مصروفات مكاتب الفيوم + بدل سفر + انتقالات + مكافاة شهر يناير 2022,مكاتب شئون العضوية,بنك مصر,17565,
2022-02-14,315,65718507,,عبد الحميد حسن عبد العزيز الخولى مصروفات مكتب بورسعيد + بدل سفر وانتقال,مكاتب شئون العضوية,بنك مصر,8926,
2022-02-14,316,65718508,,محمد عواد محمد مصروفات اللجنة الادارية بشركة النيل العامة لانشاء الطرق,مكاتب شئون العضوية,بنك مصر,7965,
2022-02-14,317,65718509,,طارق سيد على خلاف على خلاف مصروفات السيارات ( بيجو 508 + هونداى توسان + جهود ),السيارة,بنك مصر,7005,
2022-02-14,318,65718510,,احمد هشام السيد على مصروفات السيارة هونداى سولارس رقم 569,السيارة,بنك مصر,2819,
2022-02-14,319,65718511,,سمير السيد أحمد احمد بدل عمل يوم السبت لبعض الموظفين,مكافأت وبدل العمل أيام الاجازات الرسمية,بنك مصر,450,
2022-02-14,320,65718512,,حسنين ابراهيم حسنين عهده لحين التسويه لتاشيرات ووثائق تامين طبى لحضور دورة تدريبية بلبنان,مدينون متنوعون,بنك مصر,6000,
2022-02-14,321,65718513,,عاطف آبا زيد مرسى استعاضة المصروفات الادارية,مصروفات إدارية المقر الرئيسى,بنك مصر,3746.1,
2022-02-14,322,65718514,,حنان عاطف محود طاهر استعاضة الادوية,علاج ومستلزمات طبية,بنك مصر,2005,
2022-02-14,323,65718515,,عدلى احمد عبد العال مصروفات وهدايا العام الجديد 2022,مكاتب شئون العضوية,بنك مصر,10148,
2022-02-14,324,4366,,هشام مصطفى محمد عبد المعطى عبد المعطى ماموريه لمحافظة اسيوط لمركز تنمية المشروعات المتوسطة والصغيرة لمراجعة المستندات,مدينون متنوعون,بنك العمال 1,10000,
2022-02-02,325,4367,,الحسين حامد محمود مصاريف المكتب,مدينون متنوعون,بنك العمال 1,9859,
2022-02-02,326,4368,,طارق بدوى محمود ( مصروفات مكتب المنزله ),مدينون متنوعون,بنك العمال 1,6350,
2022-02-14,327,4369,,احمد هشام السيد على عهده لشراء ادوات كتابية,مدينون متنوعون,بنك العمال 1,7000,
2022-02-14,328,65718516,,سمير السيد أحمد احمد بدل,مدينون متنوعون,بنك مصر,19950,
2022-02-15,329,65718517,,كريم ابراهيم عبد الحميد تسويه عهده الاجتماع الخاص بشركات قطاع الاعمال العام,مناسبات متنوعة,,22384,
2022-02-15,329,65718517,,كريم ابراهيم عبد الحميد تسويه عهده الاجتماع الخاص بشركات قطاع الاعمال العام,,بنك مصر,6884,
2022-02-15,329,65718517,,كريم ابراهيم عبد الحميد تسويه عهده الاجتماع الخاص بشركات قطاع الاعمال العام,,مدينون متنوعون,15000,
2022-02-15,329,65718517,,كريم ابراهيم عبد الحميد تسويه عهده الاجتماع الخاص بشركات قطاع الاعمال العام,,ضريبة كسب العمل,500,
2022-02-16,330,4371,,سمير السيد أحمد احمد عهده بدلات السفر والانتقالات ومصروفات ادارية خاصه بالجمعية العمومية,مدينون متنوعون,بنك العمال 1,400000,
2022-02-16,331,4372,,شركة كاف لتامينات الحياة قسك التامين + مساهمة من النقابة,تأمين تكافلى,بنك العمال 1,106212.25,
2022-02-20,332,65718518,,طارق سيد على خلاف على عهده لصيانه السايرة البيجو 508,مدينون متنوعون,بنك مصر,5000,
2022-02-20,333,65718519,,هشام مصطفى محمد عبد المعطى عبد المعطى تسويه ماموريه محافظة اسيوط لمركز تنمية المشروعات المتوسطة والصغيرة لمراجعة المستندات,جهاز مشروعات أسيوط,,14085,
2022-02-20,333,65718519,,هشام مصطفى محمد عبد المعطى عبد المعطى تسويه ماموريه محافظة اسيوط لمركز تنمية المشروعات المتوسطة والصغيرة لمراجعة المستندات,,بنك مصر,4085,
2022-02-20,333,65718519,,هشام مصطفى محمد عبد المعطى عبد المعطى تسويه ماموريه محافظة اسيوط لمركز تنمية المشروعات المتوسطة والصغيرة لمراجعة المستندات,,مدينون متنوعون,10000,
2022-02-21,334,65718520,,محمد مصطفى عبد الباقى بدل انتقال فبراير 2022 بنى سويف,مرتبات ومكافأة شاملة,بنك مصر,100,
2022-02-21,335,65718521,,اشرف ابراهيم السيد عفيفى بدل انتقال + استعاضة 35 زيارة يناير 2022,مرتبات ومكافأة شاملة,,1170,
2022-02-21,335,65718521,,اشرف ابراهيم السيد عفيفى بدل انتقال + استعاضة 35 زيارة يناير 2022,,بنك مصر,1115,
2022-02-21,335,65718521,,اشرف ابراهيم السيد عفيفى بدل انتقال + استعاضة 35 زيارة يناير 2022,,ضريبة كسب العمل,55,
2022-02-21,336,65718522,,ابراهيم عبد الله حسيب بدل انتقال + اضافة زيادة يناير 2022,مرتبات ومكافأة شاملة,,2090,
2022-02-21,336,65718522,,ابراهيم عبد الله حسيب بدل انتقال + اضافة زيادة يناير 2022,,بنك مصر,2020,
2022-02-21,336,65718522,,ابراهيم عبد الله حسيب بدل انتقال + اضافة زيادة يناير 2022,,ضريبة كسب العمل,70,
2022-02-21,337,65718523,,ايمن عبد العزيز عبد الله بدل انتقال + اضافة زيادة يناير 2022,مرتبات ومكافأة شاملة,,2530,
2022-02-21,337,65718523,,ايمن عبد العزيز عبد الله بدل انتقال + اضافة زيادة يناير 2022,,بنك مصر,2460,
2022-02-21,337,65718523,,ايمن عبد العزيز عبد الله بدل انتقال + اضافة زيادة يناير 2022,,ضريبة كسب العمل,70,
2022-02-21,338,65718524,,محمد كرم عباس بدل انتقال + اضافة زيادة يناير 2022,مرتبات ومكافأة شاملة,,2070,
2022-02-21,338,65718524,,محمد كرم عباس بدل انتقال + اضافة زيادة يناير 2022,,بنك مصر,2020,
2022-02-21,338,65718524,,محمد كرم عباس بدل انتقال + اضافة زيادة يناير 2022,,ضريبة كسب العمل,50,
2022-02-21,339,65718525,,محمد داود حسين بدل انتقال + اضافة زيادة يناير 2022,مرتبات ومكافأة شاملة,,930,
2022-02-21,339,65718525,,محمد داود حسين بدل انتقال + اضافة زيادة يناير 2022,,بنك مصر,850,
2022-02-21,339,65718525,,محمد داود حسين بدل انتقال + اضافة زيادة يناير 2022,,ضريبة كسب العمل,80,
2022-02-21,340,65718526,,عبد العليم محمد ابو الوفا بدل انتقال شهر فبراير 2022,مرتبات ومكافأة شاملة,,930,
2022-02-21,340,65718526,,عبد العليم محمد ابو الوفا بدل انتقال شهر فبراير 2022,,بنك مصر,850,
2022-02-21,340,65718526,,عبد العليم محمد ابو الوفا بدل انتقال شهر فبراير 2022,,ضريبة كسب العمل,80,
2022-02-21,341,65718527,,صالح محمد نسيم بدل انتقال شهر فبراير 2022,مرتبات ومكافأة شاملة,,1000,
2022-02-21,341,65718527,,صالح محمد نسيم بدل انتقال شهر فبراير 2022,,بنك مصر,900,
2022-02-21,341,65718527,,صالح محمد نسيم بدل انتقال شهر فبراير 2022,,ضريبة كسب العمل,100,
2022-02-21,342,65718528,,محمد بهاء الدين محمد بدل انتقال شهر فبراير 2022 + زيادة شهر فبراير 2022,مرتبات ومكافأة شاملة,,1280,
2022-02-21,342,65718528,,محمد بهاء الدين محمد بدل انتقال شهر فبراير 2022 + زيادة شهر فبراير 2022,,بنك مصر,1170,
2022-02-21,342,65718528,,محمد بهاء الدين محمد بدل انتقال شهر فبراير 2022 + زيادة شهر فبراير 2022,,ضريبة كسب العمل,110,
2022-02-21,343,65718529,,محمد حسنى محمد تونى بدل انتقال + اضافة زيادة يناير 2022,مرتبات ومكافأة شاملة,,1280,
2022-02-21,343,65718529,,محمد حسنى محمد تونى بدل انتقال + اضافة زيادة يناير 2022,,بنك مصر,1170,
2022-02-21,343,65718529,,محمد حسنى محمد تونى بدل انتقال + اضافة زيادة يناير 2022,,ضريبة كسب العمل,110,
2022-02-21,344,65718530,,عزت عبد الوهاب احمد بدل انتقال شهر فبراير 2022 + زيادة شهر يناير 2022,مرتبات ومكافأة شاملة,,3617,
2022-02-21,344,65718530,,عزت عبد الوهاب احمد بدل انتقال شهر فبراير 2022 + زيادة شهر يناير 2022,,بنك مصر,3447,
2022-02-21,344,65718530,,عزت عبد الوهاب احمد بدل انتقال شهر فبراير 2022 + زيادة شهر يناير 2022,,ضريبة كسب العمل,170,
2022-02-21,345,65718531,,محمد درديرى محمد بدل انتقال شهر فبراير 2022,جهاز مشروعات أسيوط,بنك مصر,1500,
2022-02-21,346,65718532,,محمد محمد حسن مصروفات وبدل سفر وانتقال,بدل سفر وانتقال,بنك مصر,5771.25,
2022-02-21,347,65718533,,ايمن عبد العزيز عبد الله مصروفات الشئون القانونية,مصاريف محاماة,بنك مصر,4650,
2022-02-21,348,65718534,,سمير السيد أحمد احمد بدل عمل يوم السبت لبعض الموظفين,مكافأت وبدل العمل أيام الاجازات الرسمية,بنك مصر,400,
2022-02-21,349,4373,,احمد حسنى حامد الدباح سلفة تخصم على مدار العام,سلف العاملين,بنك العمال 1,5000,
2022-02-21,350,4374,,امجد السيد العشرى بدل سفر وانتقال منيه النصر,مكاتب شئون العضوية,بنك العمال 1,600,
2022-02-21,351,4375,,كريم ابراهيم عبد الحميد استعاضة لشراء ادوات نظافة ومشروبات,مستلزمات مكتب رئيس مجلس الإدارة,بنك العمال 1,4253.75,
2022-02-21,352,4376,,جريدة بورصه الغد نشر واعلان,اعلانات,,5000,
2022-02-21,352,4376,,جريدة بورصه الغد نشر واعلان,,بنك العمال 1,4850,
2022-02-21,352,4376,,جريدة بورصه الغد نشر واعلان,,ضرائب الخصم والاضافة,150,
2022-02-02,353,4377,,حمدى احمد محمد ناجى عهده مكتب منوف,مدينون متنوعون,بنك العمال 1,2755,
2022-02-22,354,4378,,سمير السيد أحمد احمد عهده شراء شنط واطقم اقلام لاعضاء الجمعية العمومية,مدينون متنوعون,بنك العمال 1,21450,
2022-02-22,355,4379,,سمير السيد أحمد احمد مرتبات العاملين + بدلات الاعضاء شهر فبراير 2022,بدلات أعضاء مجلس الادارة,,13860,
2022-02-22,355,4379,,سمير السيد أحمد احمد مرتبات العاملين + بدلات الاعضاء شهر فبراير 2022,مرتبات ومكافأة شاملة,,292657.32,
2022-02-22,355,4379,,سمير السيد أحمد احمد مرتبات العاملين + بدلات الاعضاء شهر فبراير 2022,مدينون متنوعون,,29780.49,
2022-02-22,355,4379,,سمير السيد أحمد احمد مرتبات العاملين + بدلات الاعضاء شهر فبراير 2022,,بنك العمال 1,199388.04,
2022-02-22,355,4379,,سمير السيد أحمد احمد مرتبات العاملين + بدلات الاعضاء شهر فبراير 2022,,سلف العاملين,33435,
2022-02-22,355,4379,,سمير السيد أحمد احمد مرتبات العاملين + بدلات الاعضاء شهر فبراير 2022,,تأمين تكافلى,6645.11,
2022-02-22,355,4379,,سمير السيد أحمد احمد مرتبات العاملين + بدلات الاعضاء شهر فبراير 2022,,ضريبة كسب العمل,9531.5,
2022-02-22,355,4379,,سمير السيد أحمد احمد مرتبات العاملين + بدلات الاعضاء شهر فبراير 2022,,أقساط النفقة,180,
2022-02-22,355,4379,,سمير السيد أحمد احمد مرتبات العاملين + بدلات الاعضاء شهر فبراير 2022,,أقساط قروض بنك التنمية لبعض العاملين,22530.19,
2022-02-22,355,4379,,سمير السيد أحمد احمد مرتبات العاملين + بدلات الاعضاء شهر فبراير 2022,,التأمينات الاجتماعية,60737.93,
2022-02-22,355,4379,,سمير السيد أحمد احمد مرتبات العاملين + بدلات الاعضاء شهر فبراير 2022,,دمغة,173.21,
2022-02-22,355,4379,,سمير السيد أحمد احمد مرتبات العاملين + بدلات الاعضاء شهر فبراير 2022,,تامينات عاملين مستقطعه وتسدد لمكاتب تامينات بالمحافظات,3676.83,
2022-02-22,356,4380,,هاله محمد عبد الحفيظ بدل سفر لحضور ورشه تدريبية بلبنان,بدلات سفر خارجية,بنك العمال 1,3142,
2022-02-23,357,4381,,احمد هشام السيد على الطحان تسويه عهده شراء ادوات ومستلزمات مكتبية,مطبوعات وادوات كتابية,,9330.82,
2022-02-23,357,4381,,احمد هشام السيد على الطحان تسويه عهده شراء ادوات ومستلزمات مكتبية,,بنك العمال 1,2240.96,
2022-02-23,357,4381,,احمد هشام السيد على الطحان تسويه عهده شراء ادوات ومستلزمات مكتبية,,مدينون متنوعون,7000,
2022-02-23,357,4381,,احمد هشام السيد على الطحان تسويه عهده شراء ادوات ومستلزمات مكتبية,,ضرائب الخصم والاضافة,89.86,
2022-02-23,358,65718536,,هانى محمد عبد اللاه اعانة فبراير 2022,اعانات اجتماعية,بنك مصر,200,
2022-02-23,359,65718537,,سناء مصطفى محمد مصطفى اعانة فبراير 2022 القاهرة,اعانات اجتماعية,بنك مصر,100,
2022-02-23,360,65718538,,نبويه عاشور محمود اعانة فبراير 2022 القاهرة,اعانات اجتماعية,بنك مصر,350,
2022-02-23,361,65718539,,هانم فؤاد حنفى احمد اعانة فبراير 2022 القاهرة,اعانات اجتماعية,بنك مصر,400,
2022-02-23,362,65718540,,نعناعه عبد الرحمن احمد خلف اعانة فبراير 2022 القاهرة,اعانات اجتماعية,بنك مصر,450,
2022-02-23,363,65718541,,نجيه محمد يحى خليل اعانة فبراير 2022 القاهرة,اعانات اجتماعية,بنك مصر,450,
2022-02-23,364,65718542,,سعديه احمد محمد اعانة فبراير 2022 القاهرة,اعانات اجتماعية,بنك مصر,50,
2022-02-23,365,65718543,,ماجدة عبد الله عبد اللطيف اعانة فبراير 2022 القاهرة,اعانات اجتماعية,بنك مصر,200,
2022-02-23,366,65718544,,تحيه مصطفى محمد على اعانة فبراير 2022 القاهرة,اعانات اجتماعية,بنك مصر,150,
2022-02-23,367,65718546,,سحر رمضان عبد المجيد عبد الوهاب اعانة فبراير 2022 شبين الكوم,اعانات اجتماعية,بنك مصر,350,
2022-02-23,368,65718547,,فاطمة ابراهيم السيد على اعانة فبراير 2022 الاساعيلية,اعانات اجتماعية,بنك مصر,50,
2022-02-23,369,65718549,,رمضان اسماعيل احمد اعانة فبراير 2022 بنى سويف,اعانات اجتماعية,بنك مصر,75,
2022-02-23,370,65718550,,بسيونى عبد المطلب على اعانة فبراير 2022 طنطا,اعانات اجتماعية,بنك مصر,50,
2022-02-23,371,65718551,,بشرى عيسى عبد الحميد اعانة فبراير 2022 زفتى,اعانات اجتماعية,بنك مصر,75,
2022-02-23,372,65718552,,فاطمة حمود بكرى اعانة فبراير 2022 فرشوط,اعانات اجتماعية,بنك مصر,150,
2022-02-23,373,65718553,,فاطمة حنفى على مطاوع اعانة فبراير 2022 القاهرة,اعانات اجتماعية,بنك مصر,350,
2022-02-23,374,65718555,,رجاء عبد الفتاح محمد اعانة فبراير 2022 الفيوم,اعانات اجتماعية,بنك مصر,450,
2022-02-23,375,65718556,,باتعه عبد اللطيف ابراهيم اعانة فبراير 2022 القاهرة,اعانات اجتماعية,بنك مصر,75,
2022-02-23,376,65718557,,رحمه عبد الرحيم عبد العال اعانة فبراير 2022 القاهرة,اعانات اجتماعية,بنك مصر,450,
2022-02-23,377,65718558,,كوثر احمد عبده مرسى اعانة فبراير 2022 قليوب,اعانات اجتماعية,بنك مصر,100,
2022-02-23,378,65718559,,احمد خميس عبد العال اعانة فبراير 2022 اسيوط,اعانات اجتماعية,بنك مصر,100,
2022-02-23,379,65718560,,خميس احمد حسين اعانة فبراير 2022 اسيوط,اعانات اجتماعية,بنك مصر,100,
2022-02-23,380,65718561,,امال محمد سليمان عبد الخالق اعانة فبراير 2022 اشمون,اعانات اجتماعية,بنك مصر,100,
2022-02-23,381,65718562,,انور رجب مختار محمد اعانة فبراير 2022 اشمون,اعانات اجتماعية,بنك مصر,75,
2022-02-23,382,65718563,,انتصار مصطفى احمد محمود اعانة فبراير 2022 القاهرة,اعانات اجتماعية,بنك مصر,250,
2022-02-23,383,65718564,,حمدى عبد الرحمن صادق اعانة فبراير 2022 السادس من اكتوبر,اعانات اجتماعية,بنك مصر,150,
2022-02-23,384,65718565,,عاطف آبا زيد مرسى استعاضة المصروفات الادارية,اعانات اجتماعية,,500,
2022-02-23,384,65718565,,عاطف آبا زيد مرسى استعاضة المصروفات الادارية,اكراميات ونثريات,,911.3,
2022-02-23,384,65718565,,عاطف آبا زيد مرسى استعاضة المصروفات الادارية,كهرباء,,999.25,
2022-02-23,384,65718565,,عاطف آبا زيد مرسى استعاضة المصروفات الادارية,تليفون,,191,
2022-02-23,384,65718565,,عاطف آبا زيد مرسى استعاضة المصروفات الادارية,ضيافة وبوفيه,,1962,
2022-02-23,384,65718565,,عاطف آبا زيد مرسى استعاضة المصروفات الادارية,ادوات نظافة ومنظفات,,300,
2022-02-23,384,65718565,,عاطف آبا زيد مرسى استعاضة المصروفات الادارية,انتقالات داخلية,,150,
2022-02-23,384,65718565,,عاطف آبا زيد مرسى استعاضة المصروفات الادارية,,بنك مصر,5013.55,
2022-02-24,385,4382,,محمود محمد محمود بدل سفر وانتقال مرتان,بدل سفر وانتقال,بنك العمال 1,700,
2022-02-24,386,4383,,سمير السيد أحمد احمد مصروفات علاج,علاج ومستلزمات طبية,بنك العمال 1,3834.3,
2022-02-24,387,4384,,شركة المجد للتجارة صيانه ماكينة التصوير,صيانه,,3363,
2022-02-24,387,4384,,شركة المجد للتجارة صيانه ماكينة التصوير,,بنك العمال 1,3274,
2022-02-24,387,4384,,شركة المجد للتجارة صيانه ماكينة التصوير,,ضرائب الخصم والاضافة,89,
2022-02-24,388,4385,,بنك التنمية الصناعية قسط القرض عن شهر فبراير 2022,أقساط قروض بنك التنمية لبعض العاملين,بنك العمال 1,26539.94,
2022-02-24,389,4386,,حسنين ابراهيم حسنين عهده لحين التسويه استضافة وفد الاتحاد الدولى وعدد من رؤساء وممثلى النقابات لحضور الجمعية العمومية,مدينون متنوعون,بنك العمال 1,40000,
2022-02-27,390,4387,,طارق سيد على خلاف على مصروفات السايرة البيجو 508 وجهود,السيارة,بنك العمال 1,3405,
2022-02-27,391,65718566,,حسين ثابت حسن مصروفات مكتب اسيوط + بدل سفر وانتقال ومكافاة جهود,مدينون متنوعون,بنك مصر,19658,
2022-02-27,392,65718567,,محمود حسن حسين مصروفات مكتب السويس + بدل سفر وانتقال ومكافاة جهود,مكاتب شئون العضوية,بنك مصر,4750,
2022-02-27,393,65718568,,سمير السيد أحمد احمد بدل عمل يوم السبت لبعض الموظفين,مكافأت وبدل العمل أيام الاجازات الرسمية,بنك مصر,600,
2022-02-27,394,65718569,,احمد هشام السيد على الطحان مصروفات السيارة سولارس 569,السيارة,بنك مصر,2499,
2022-02-27,395,65718570,,ايمن احمد مصطفى سلام مصطفى   مصروفات مكتب شربين,مدينون متنوعون,بنك مصر,15245,
2022-02-27,396,65718571,,محمد مصطفى عبد الباقى بدل سفر وانتقال,بدل سفر وانتقال,بنك مصر,850,
2022-02-27,397,65718572,,محمد محمد حسن بدل سفر وانتقال,بدل سفر وانتقال,بنك مصر,850,
2022-02-28,398,65718573,,جهاز الخدمات العامة للقوات المسلحة جراح,السيارة,بنك مصر,4107.95,
2022-02-28,399,65718574,,امال محمد السيد اعانة فبراير 2022 القاهرة,اعانات اجتماعية,بنك مصر,100,
2022-02-28,400,65718575,,محمد كمال محمود حسن اعانة فبراير 2022 اشمون,اعانات اجتماعية,بنك مصر,75,
2022-02-28,401,65718576,,ساميه عبد الغنى عثمان حسن اعانة فبراير 2022 القاهرة,اعانات اجتماعية,بنك مصر,100,
2022-02-28,402,65718577,,السيد فرغلى السيد اعانة فبراير 2022 سوهاج,اعانات اجتماعية,بنك مصر,300,
2022-02-28,403,65718578,,شحات سلطان حسن اعانة فبراير 2022 شبرا الخيمة,اعانات اجتماعية,بنك مصر,100,
2022-02-28,404,65718579,,عادل محمد الطاهر اعانة فبراير 2022 شبرا الخيمة,اعانات اجتماعية,بنك مصر,75,
2022-02-28,405,65718580,,عبد الصبور عبد العال حسين اعانة فبراير 2022 سوهاج,اعانات اجتماعية,بنك مصر,300,
2022-02-28,406,65718581,,صلاح محمد عبد المقصود اعانة فبراير 2022 قليوب,اعانات اجتماعية,بنك مصر,75,
2022-02-28,407,65718582,,عبد الغفار احمد مصطفى اعانة فبراير 2022 السويس,اعانات اجتماعية,بنك مصر,75,
2022-02-28,408,65718583,,سيده زكى محمد ابراهيم اعانة فبراير 2022 قوص,اعانات اجتماعية,بنك مصر,200,
2022-02-28,409,65718584,,الحسين حامد محمود مصاريف المكتب,مدينون متنوعون,بنك مصر,9353.25,
2022-02-28,410,65718585,,دعاء حسين رمضان رمضان مصروفات مكتب بنى سويف,مدينون متنوعون,بنك مصر,13299.5,
2022-02-28,411,65718586,,صلاح محمد عبد الستار مصروفات المكتب + اعانات شهر فبراير 2022,مكاتب شئون العضوية,بنك مصر,6050,
2022-02-02,412,4388,,هشام مصطفى محمد عبد المعطى عبد المعطى بدل سفر,مدينون متنوعون,بنك العمال 1,32540,
2022-02-28,413,4389,,عاطف آبا زيد مرسى استعاضة المصروفات الادارية,مصروفات إدارية المقر الرئيسى,,300,
2022-02-28,413,4389,,عاطف آبا زيد مرسى استعاضة المصروفات الادارية,اكراميات ونثريات,,220,
2022-02-28,413,4389,,عاطف آبا زيد مرسى استعاضة المصروفات الادارية,تليفون,,200,
2022-02-28,413,4389,,عاطف آبا زيد مرسى استعاضة المصروفات الادارية,ضيافة وبوفيه,,4058,
2022-02-28,413,4389,,عاطف آبا زيد مرسى استعاضة المصروفات الادارية,السيارة,,200,
2022-02-28,413,4389,,عاطف آبا زيد مرسى استعاضة المصروفات الادارية,ادوات نظافة ومنظفات,,300,
2022-02-28,413,4389,,عاطف آبا زيد مرسى استعاضة المصروفات الادارية,مكافأت وبدل العمل أيام الاجازات الرسمية,,420,
2022-02-28,413,4389,,عاطف آبا زيد مرسى استعاضة المصروفات الادارية,,بنك العمال 1,5698,
2022-02-02,414,4390,,محمود ابراهيم محمد زهران عوض ( مصروفات مكتب زفتى ),مدينون متنوعون,بنك العمال 1,5275,
2022-02-28,415,4391,,كريم ابراهيم عبد الحميد استعاضة لشراء مستلزمات طبيه,مستلزمات طبية ( كورونا ),,6683.5,
2022-02-28,415,4391,,كريم ابراهيم عبد الحميد استعاضة لشراء مستلزمات طبيه,,بنك العمال 1,6617.67,
2022-02-28,415,4391,,كريم ابراهيم عبد الحميد استعاضة لشراء مستلزمات طبيه,,ضرائب الخصم والاضافة,65.83,
2022-02-28,416,4392,,عدلى احمد عبد العال مصروفات مكتب قنا ونجع جمادى وبدل سفر وانتقال,مكاتب شئون العضوية,بنك العمال 1,6150,
2022-02-28,417,4393,,ايمن عبد العزيز عبد الله مصروفات الشئون القانونية,مصاريف محاماة,بنك العمال 1,7350,
2022-02-28,418,,,جابر حنفى محمود تسويه عهده شراء هدايا العام الجديد 2022 وانتقالات لشراء الهدايا,مناسبات متنوعة,مدينون متنوعون,2500,
2022-02-28,419,,,اللجنه النقابية بشركة المقاولون العرب - القاهره,بنك مصر,إيرادات من الجان الشركات والهيئات,149934,
2022-02-28,420,,,اللجنه النقابية بشركة النصر للمقاولات - حسن علام,بنك مصر,إيرادات من الجان الشركات والهيئات,14946,
2022-02-28,421,,,اللجنه النقابية بشركة سيجوارت المعصرة,بنك مصر,إيرادات من الجان الشركات والهيئات,2586.3,
2022-02-28,422,,,اللجنه النقابية بشركة السويس للاسمنت - القاهره,بنك مصر,إيرادات من الجان الشركات والهيئات,1088.1,
2022-02-28,423,,,اللجنه النقابية بشركة السويس للاسمنت - القاهره,بنك مصر,إيرادات من الجان الشركات والهيئات,1098.9,
2022-02-28,424,,,اللجنه النقابية بشركة السويس للاسمنت - القاهره,بنك مصر,إيرادات من الجان الشركات والهيئات,1684.8,
2022-02-28,425,,,اللجنه النقابية بشركة السويس للاسمنت - القاهره,بنك مصر,إيرادات من الجان الشركات والهيئات,1706.4,
2022-02-28,426,,,اللجنه النقابية بشركة النيل العامه للطرق والكبارى,بنك مصر,إيرادات من الجان الشركات والهيئات,13019.4,
2022-02-28,427,,,اللجنه النقابية بشركة سيجوارت المعصرة,بنك مصر,إيرادات من الجان الشركات والهيئات,2659.2,
2022-02-28,428,,,اللجنه النقابية بشركة النيل العامه لانشاء الطرق,بنك مصر,إيرادات من الجان الشركات والهيئات,13476,
2022-02-28,429,,,اللجنه النقابية بشركة النيل العامه لانشاء الطرق,بنك مصر,إيرادات من الجان الشركات والهيئات,13488,
2022-02-28,430,,,اللجنه النقابية بشركة النيل العامه لانشاء الطرق,بنك مصر,إيرادات من الجان الشركات والهيئات,13431,
2022-02-28,431,,,اللجنه النقابية بشركة الهيئة العامه للطرق والكبارى - القاهرة,بنك مصر,إيرادات من الجان الشركات والهيئات,77,
2022-02-28,432,,,اللجنه النقابية بشركة الهيئة العامه للطرق والكبارى - القاهرة,بنك مصر,إيرادات من الجان الشركات والهيئات,1133.8,
2022-02-28,433,,,اللجنه النقابية بشركة مدينة نصر للاسكان والتعمير,بنك مصر,إيرادات من الجان الشركات والهيئات,318.6,
2022-02-28,434,,,اللجنه النقابية بشركة سيجوارت شبرا الخيمة,بنك مصر,إيرادات من الجان الشركات والهيئات,2451,
2022-02-28,435,,,اللجنه النقابية بشركة طرق وكبارى القليوبية,بنك مصر,إيرادات من الجان الشركات والهيئات,183,
2022-02-28,436,,,اللجنه النقابية بشركة طرق ونقل طنطا,بنك مصر,إيرادات من الجان الشركات والهيئات,336.3,
2022-02-28,437,,,اللجنه النقابية بشركة طرق ونقل الغربية,بنك مصر,إيرادات من الجان الشركات والهيئات,222.9,
2022-02-28,438,,,اللجنه النقابية بشركة طرق ونقل الغربية,بنك مصر,إيرادات من الجان الشركات والهيئات,209.4,
2022-02-28,439,,,اللجنه النقابية بشركة طرق ونقل دمنهور - بحيرة,بنك مصر,إيرادات من الجان الشركات والهيئات,746.7,
2022-02-28,440,,,اللجنه النقابية بشركةالاسكندرية للحراريات - اسكندرية,بنك مصر,إيرادات من الجان الشركات والهيئات,388.8,
2022-02-06,441,,,اللجنه النقابية بشركةالاسكندرية للحراريات - اسكندرية,بنك مصر,إيرادات من الجان الشركات والهيئات,386.1,
2022-02-28,442,,,اللجنه النقابية بشركةطرق ونقل الشرقيه,بنك مصر,إيرادات من الجان الشركات والهيئات,2102,
2022-02-28,443,,,اللجنه النقابية بشركةطرق ونقل الشرقيه,بنك مصر,إيرادات من الجان الشركات والهيئات,2093,
2022-02-28,444,,,اللجنه النقابية بشركةطرق ونقل الشرقيه,بنك مصر,إيرادات من الجان الشركات والهيئات,663,
2022-02-28,445,,,اللجنه النقابية بشركةطرق ونقل الزقازيق,بنك مصر,إيرادات من الجان الشركات والهيئات,509,
2022-02-28,446,,,اللجنه النقابية بشركةطرق ونقل الزقازيق,بنك مصر,إيرادات من الجان الشركات والهيئات,46,
2022-02-28,447,,,اللجنه النقابية بشركةطرق ونقل الزقازيق,بنك مصر,إيرادات من الجان الشركات والهيئات,501,
2022-02-28,448,,,اللجنه النقابية بشركةطرق ونقل الزقازيق,بنك مصر,إيرادات من الجان الشركات والهيئات,45,
2022-02-28,449,,,اللجنه النقابية طرق وكبارى جنوب سيناء,بنك مصر,إيرادات من الجان الشركات والهيئات,132,
2022-02-28,450,,,اللجنه النقابية طرق وكبارى جنوب سيناء,بنك مصر,إيرادات من الجان الشركات والهيئات,134.7,
2022-02-28,451,,,اللجنه النقابية طرق وكبارى الاسماعيلية,بنك مصر,إيرادات من الجان الشركات والهيئات,700.8,
2022-02-28,452,,,اللجنه النقابية بشركة أسمنت أسيوط,بنك مصر,إيرادات من الجان الشركات والهيئات,721.8,
2022-02-28,453,,,اللجنه النقابية بشركة طرق وكبارى قنا,بنك مصر,إيرادات من الجان الشركات والهيئات,830.4,
2022-02-28,454,,,اللجنه النقابية بشركة طرق وكبارى قنا,بنك مصر,إيرادات من الجان الشركات والهيئات,870.9,
2022-02-28,455,,,اللجنه النقابية بشركة المصرية للخرسانة سابقة الاجهاد,بنك مصر,إيرادات من الجان الشركات والهيئات,487.8,
2022-02-28,456,,,اللجنه النقابية بشركة العربية للخزف - اراسمكو,بنك مصر,إيرادات من الجان الشركات والهيئات,9486,
2022-02-28,457,,,اللجنه النقابية بشركة طرق ونقل الخارجة الوادى الجديد,بنك مصر,إيرادات من الجان الشركات والهيئات,546.9,
2022-02-28,458,,,اللجنه النقابية بشركة بمديرية طرق ونقل الجيزة,بنك مصر,إيرادات من الجان الشركات والهيئات,807,
2022-02-28,459,,,اللجنه النقابية بشركة مصر الجديدة للاسكان والتعمير,بنك مصر,إيرادات من الجان الشركات والهيئات,3342.6,
2022-02-28,460,,,اللجنه النقابية بشركة مصر الجديدة للاسكان والتعمير,بنك مصر,إيرادات من الجان الشركات والهيئات,3323.7,
2022-02-28,461,,,اللجنه النقابية بشركة مصر الجديدة للاسكان والتعمير,بنك مصر,إيرادات من الجان الشركات والهيئات,3334.5,
2022-02-28,462,,,اللجنه النقابية بشركة مصر الجديدة للاسكان والتعمير,بنك مصر,إيرادات من الجان الشركات والهيئات,3326.4,
2022-02-28,463,,,اللجنه النقابية بشركة مصر الجديدة للاسكان والتعمير,بنك مصر,إيرادات من الجان الشركات والهيئات,3318.3,
2022-02-28,464,,,اللجنة النقابية بشركة لافارج اسمنت مصر,بنك مصر,إيرادات من الجان الشركات والهيئات,756,
2022-02-28,465,,,مصروفات بنكية كشف حساب بنك التنمية,بنكية,بنك العمال 1,50,
2022-02-28,466,,,فائدة محوله من قرض المؤسسة الثقافية,المؤسسة الثقافية,بنك العمال 1,8288,
2022-02-28,467,,,عموله على الفائدة,المؤسسة الثقافية,بنك العمال 1,1998,
2022-02-28,468,,,مصروفات بنكية كشف حساب بنك مصر,بنكية,بنك مصر,444.95,
2022-02-28,469,,,إيداع تسوية فرق  سفر جنيف,بنك مصر,إيرادات سنوات سابقة,1824,
2022-02-28,470,,,إيداع أقساط قروض العاملين بمركز التدريب,بنك مصر,أقساط قروض بنك التنمية لبعض العاملين,4008,
2022-02-28,471,,,اللجنة المهنية – بأجا - حصة الاتحاد,بنك مصر,الاتحاد العام,2347,
2022-02-28,472,,,اللجنة المهنية – بأجا - حصة النقابة,بنك مصر,إيرادات من اللجان المهنية,9864,
2022-02-28,473,,,اللجنة المهنية – بأجا - دعم التثقيف,بنك مصر,الإيرادات من دعم التثقيف,2046,
2022-02-28,474,,,اللجنة المهنية- بالزقازيق - حصة النقابة,بنك مصر,إيرادات من اللجان المهنية,13850,
2022-02-28,475,,,اللجنة المهنية – بابو كبير (  2700 حصة - 750 مطبوعات - 900 الاتحاد - 900 دعم,بنك مصر,,5250,
2022-02-28,475,,,اللجنة المهنية – بابو كبير (  2700 حصة - 750 مطبوعات - 900 الاتحاد - 900 دعم,,إيرادات من اللجان المهنية,2700,
2022-02-28,475,,,اللجنة المهنية – بابو كبير (  2700 حصة - 750 مطبوعات - 900 الاتحاد - 900 دعم,,الإيرادات من المطبوعات,900,
2022-02-28,475,,,اللجنة المهنية – بابو كبير (  2700 حصة - 750 مطبوعات - 900 الاتحاد - 900 دعم,,الإيرادات من دعم التثقيف,750,
2022-02-28,475,,,اللجنة المهنية – بابو كبير (  2700 حصة - 750 مطبوعات - 900 الاتحاد - 900 دعم,,الاتحاد العام,900,
2022-02-28,476,,,ايرادات شئون عضوية بالمنصورة,بنك مصر,إيرادات مكاتب شئون العضوية,6000,
2022-02-28,477,,,ايرادات شئون عضوية بالعريش,بنك مصر,إيرادات مكاتب شئون العضوية,840,
2022-02-28,478,,,ايرادات شئون عضوية بطنطا,بنك مصر,إيرادات مكاتب شئون العضوية,4300,
2022-02-28,479,,,ايرادات شئون عضوية بطنطا,بنك مصر,إيرادات مكاتب شئون العضوية,4300,
2022-02-28,480,,,ايرادات شئون عضوية بطنطا,بنك مصر,إيرادات مكاتب شئون العضوية,4300,
2022-02-28,481,,,ايرادات شئون عضوية بالمنيا,بنك مصر,إيرادات مكاتب شئون العضوية,4300,
2022-02-28,482,,,ايرادات شئون عضوية باسيوط,بنك العمال 1,إيرادات مكاتب شئون العضوية,27000,
2022-02-28,483,,,ايرادات شئون عضوية بزفتى 2000+2000,بنك مصر,إيرادات مكاتب شئون العضوية,4000,
2022-02-28,484,,,ايرادات شئون عضوية بكفر صقر,بنك مصر,إيرادات مكاتب شئون العضوية,3400,
2022-02-28,485,,,ايرادات شئون عضوية بأشمون,بنك مصر,إيرادات مكاتب شئون العضوية,8560,
2022-02-28,486,,,ايرادات شئون عضوية بكفر الشيخ,بنك مصر,إيرادات مكاتب شئون العضوية,520,
2022-02-28,487,,,ايرادات شئون عضوية بشبرا الخيمة,بنك مصر,إيرادات مكاتب شئون العضوية,2000,
2022-02-28,488,,,ايرادات شئون عضوية بفرشوط,بنك مصر,إيرادات مكاتب شئون العضوية,1000,
2022-02-28,489,,,ايرادات شئون عضوية بالمنزلة 800+920,بنك مصر,إيرادات مكاتب شئون العضوية,1720,
2022-02-28,490,,,ايرادات شئون عضوية بقليوب,بنك مصر,إيرادات مكاتب شئون العضوية,3920,
2022-02-28,491,,,ايرادات شئون عضوية بقليوب,بنك مصر,إيرادات مكاتب شئون العضوية,3320,
2022-02-28,492,,,ايرادات شئون عضوية بالسويس,بنك مصر,إيرادات مكاتب شئون العضوية,2000,
2022-02-28,493,,,ايرادات شئون عضوية بالمنصورة ( ب )16500+3500+5000+10000+4000+6000,بنك مصر,إيرادات مكاتب شئون العضوية,45000,
2022-02-28,494,,,ايرادات شئون عضوية السادس من اكتوبر,بنك مصر,إيرادات مكاتب شئون العضوية,2200,
2022-02-28,495,,,ايرادات شئون عضوية بورسعيد,بنك مصر,إيرادات مكاتب شئون العضوية,4510,
2022-02-28,496,,,ايرادات شئون عضوية بورسعيد,بنك مصر,إيرادات مكاتب شئون العضوية,333.5,
2022-02-28,497,,,ايرادات شئون عضوية بشربين 14000+2000,بنك مصر,إيرادات مكاتب شئون العضوية,16000,
2022-02-28,498,,,ايرادات شئون عضوية السنبلاوين,بنك مصر,إيرادات مكاتب شئون العضوية,10680,
2022-02-28,499,,,ايرادات شئون عضوية الجيزة,بنك مصر,إيرادات مكاتب شئون العضوية,4320,
2022-02-28,500,,,ايرادات شئون عضوية الجيزة,بنك مصر,إيرادات مكاتب شئون العضوية,3280,
2022-02-28,501,,,ايرادات شئون عضوية - قنا,بنك العمال 1,إيرادات مكاتب شئون العضوية,12150,
2022-02-28,502,,,ايرادات شئون عضوية - دسوق,بنك مصر,إيرادات مكاتب شئون العضوية,9600,
2022-02-28,503,,,ايرادات شئون عضوية - ارمنت,بنك مصر,إيرادات مكاتب شئون العضوية,10000,
2022-02-28,504,,,ايرادات شئون عضوية القاهرة الكبرى,بنك مصر,إيرادات مكاتب شئون العضوية,1160,
2022-02-28,505,,,ايرادات شئون عضوية طامية,بنك مصر,إيرادات مكاتب شئون العضوية,24000,
2022-02-28,506,,,مكاتب شئون عضوية الحامول,بنك مصر,إيرادات مكاتب شئون العضوية,5600,
2022-02-28,507,,,اللجنة الادارية بمنية النصر,بنك مصر,إيرادات مكاتب شئون العضوية,20000,
2022-02-28,508,,,ايرادات متنوعة,بنك مصر,الإيرادات المتنوعة,710,
2022-02-28,509,,,اللجنة الادارية بنى عبيد,بنك مصر,إيرادات مكاتب شئون العضوية,4000,
2022-02-28,510,,,سداد التأمينات الاجتماعية,التأمينات الاجتماعية,بنك العمال 1,85945,
2022-02-01,511,,,عموله اذون خزانة,أذون الخزانة,بنك مصر,500,
2022-02-01,512,,,ضرائب اذون خزانة,أذون الخزانة,بنك مصر,14256,
2022-02-01,513,,,استحقاق اذون خزانة,بنك مصر,أذون الخزانة,1000000,
2022-02-28,514,,,مصروفات تحويل  سداد التأمينات الاجتماعية,بنكية,بنك العمال 1,318.86,
2022-02-02,515,,,اللجنه النقابية بشركة أسمنت بنى سويف,بنك العمال 1,إيرادات من الجان الشركات والهيئات,413.1,
2022-02-03,516,,,اللجنه النقابية بشركة الجيزة العامة للمقاولات,بنك العمال 1,إيرادات من الجان الشركات والهيئات,3204.9,
2022-02-04,517,,,تحويل لحساب مشروع تحسين فرص التشغيل,جهاز مشروعات أسيوط,بنك العمال 1,50000,
2022-03-01,518,65718587,,سمير السيد أحمد احمد بدلات سفر وانتقالات لاعضاء مجلس الادارة لحضور اجتماع المجلس,مدينون متنوعون,بنك مصر,5850,
2022-03-01,519,65718588,,دعاء حسين رمضان رمضان عهده لحسن التسويه تحت حساب شراء فرش لمكتب بنى سويف,مدينون متنوعون,بنك مصر,25000,
2022-03-02,520,65718589,,احمد نعمان محمد  محمد ( مصروفات مكتب المنصورة1 ),مدينون متنوعون,بنك مصر,4930,
2022-03-03,521,65718590,,منصور عبد اللطيف عبد الله,مدينون متنوعون,بنك مصر,3350,
2022-03-04,522,65718591,,رضا ابو عجيله مكافاة ومصروفات وايرادات مكتبى مطوبس والحامول بكفر الشيخ,مدينون متنوعون,بنك مصر,6910,
2022-03-05,523,65718592,,نجوى ابراهيم عبده مرتبات ومصروفات مكتب دسوق بكفر الشيخ,مكاتب شئون العضوية,بنك مصر,3443,
2022-03-06,524,4394,,سمير السيد أحمد - وجبات غذائية,مدينون متنوعون,بنك العمال 1,26450,
2022-03-07,525,4395,,جيهان موسى محمد الشجاعى محمد السجاعى محمد ( مصروفات مكتب مينا القمح ),مدينون متنوعون,بنك العمال 1,9560,
2022-03-08,526,4396,,اسماء عبد المنعم فراج فراج     مكتب المنيا,مدينون متنوعون,بنك العمال 1,13450,
2022-03-01,527,4397,,الاتحاد العام لنقابات عمال مصر تحت حساب الاشتراكات المستقبلية من اللجان,الاتحاد العام,بنك العمال 1,50000,
2022-03-01,528,65718593,,عبد الناصر بكر احمد بدل سفر وانتقالات وجهود السائق,بدل سفر وانتقال,بنك مصر,4895,
2022-03-01,529,65718594,,حنان عاطف محمود طاهر استعاضة الادوية,علاج ومستلزمات طبية,بنك مصر,2435.4,
2022-03-01,530,65718595,,ماضى تمام عبد العزيز مصروفات مكتب فرشوط,مدينون متنوعون,بنك مصر,5513,
2022-03-01,531,65718596,,محمد عواد محمد شركة النيل العامة لانشاء الطرق شراء هدايا عيد الام,مناسبات متنوعة,بنك مصر,35000,
2022-03-01,532,65718597,,محمد مصطفى رمضان مكتب دمنهور,مدينون متنوعون,بنك مصر,5850,
2022-03-01,533,65718598,,السيد عبد المجيد العماوى مصروفات المكتب + اعانات شهر فبراير 2022 مكتب كفر الشيخ,مكاتب شئون العضوية,بنك مصر,2160,
2022-03-01,534,65718599,,الشاذلى على محمد الشاذلى مصروفات المكتب ومكافاة رئيس المكتب ( مكتب السادات ),مكاتب شئون العضوية,بنك مصر,2975,
2022-03-01,535,65718600,,عبد الرحيم محمد مدنى مصروفات المكتب من شهر يونيه وحتى ديسمبر 2021 مكتب ابو تشت,مكاتب شئون العضوية,بنك مصر,17600,
2022-03-01,536,65718601,,محمد رافت عبد القوى عبد ربه وجبات غذائية ومشروبات لاعضاء مجلس الادارة,مدينون متنوعون,بنك مصر,33420,
2022-03-01,537,65718602,,محمود احمد مكى مصروفات المكتب ومكافاة رئيس المكتب من شهر يوليو وحتى ديسمبر 2021 مكتب ارمنت,مكاتب شئون العضوية,بنك مصر,8400,
2022-03-01,538,65718603,,محمود محمد محمد عطيه نشر واعلان جريدة مصر الغد,اعلانات,بنك مصر,4850,
2022-03-01,539,65718604,,طارق سيد على خلاف على خلاف مصروفات السيارة توسان رقم 564,السيارة,بنك مصر,3705,
2022-03-01,540,65718605,,طارق سيد على خلاف على خلاف عهدة للسيارة سولارس رقم 569,مدينون متنوعون,بنك مصر,3500,
2022-03-01,541,65718606,,سمير السيد أحمد احمد مكافاة العاملين بالمؤسسة الاجتماعية العمالية للتجهيز لاعمال الجمعية العمومية للنقابة العامة,مكافأت وبدل العمل أيام الاجازات الرسمية,بنك مصر,5600,
2022-03-01,542,65718607,,عماد الدين محمد مبروك عهده شراء احبار لاعمال الجمعية العمومية,مدينون متنوعون,بنك مصر,3000,
2022-03-01,543,65718608,,سمير السيد أحمد احمد بدل عمل يوم السبت لبعض الموظفين + سداد فواتير التليفونات الارضى للنقابة العامة,تليفون,,1156.5,
2022-03-01,543,65718608,,سمير السيد أحمد احمد بدل عمل يوم السبت لبعض الموظفين + سداد فواتير التليفونات الارضى للنقابة العامة,مكافأت وبدل العمل أيام الاجازات الرسمية,,500,
2022-03-01,543,65718608,,سمير السيد أحمد احمد بدل عمل يوم السبت لبعض الموظفين + سداد فواتير التليفونات الارضى للنقابة العامة,,بنك مصر,1656.5,
2022-03-01,544,65718609,,ايمن عبد العزيز عبد الله مصروفات الشئون القانونية,مصاريف محاماة,بنك مصر,6255,
2022-03-01,545,65718610,,كريم ابراهيم عبد الحميد استعاضة مصروفات لشراء ادوات كتابية وحافظات,مستلزمات مكتب رئيس مجلس الإدارة,بنك مصر,7723.4,
2022-03-02,546,65718611,,مسعد صالح جاد مصروفات مكتب المنصورة 2,مدينون متنوعون,بنك مصر,18040,
2022-03-03,547,65718612,,جميل عبد الهادى ابو سعده مصروفات المكتب اشمون,مدينون متنوعون,بنك مصر,6250,
2022-03-04,548,65718613,,احمد محمد مصطفى عبد الباقى مصرووفات مكاتب الفيوم,مدينون متنوعون,بنك مصر,18800,
2022-03-05,549,65718614,,سهيلة عبد الحكيم     مصروفات مكتب ابوحماد,مدينون متنوعون,بنك مصر,6000,
2022-03-06,550,65718615,,طه رمضان حجازى مصروفات مكتب الجيزة,مكاتب شئون العضوية,بنك مصر,912,
2022-03-01,551,4398,,مؤسسة دار الهلال الصحفية نشر واعلان,اعلانات,بنك العمال 1,3330,
2022-03-01,552,4399,,سمير السيد أحمد احمد عهده لحين التسويه لشراء لتوفير هدايا عينية بمناسبة شهر رمضان المعظم 1443 هـ / 2022م ( سمن + زيت ),مدينون متنوعون,بنك العمال 1,50000,
2022-03-01,553,4400,,سمير السيد أحمد احمد عهده لحين التسويه,مدينون متنوعون,بنك العمال 1,35000,
2022-03-01,554,4401,,دار اخبار اليوم نشر واعلان الجمعية العمومية للنقابة العامة,اعلانات,بنك العمال 1,7575.5,
2022-03-01,555,4402,,حسنين ابراهيم حسنين تسويه عهده حضور ورشه تدريبية بلبنان الخاصة بأمينه لجنه المراة,نشاط اجتماعى وثقافى,,4576,
2022-03-01,555,4402,,حسنين ابراهيم حسنين تسويه عهده حضور ورشه تدريبية بلبنان الخاصة بأمينه لجنه المراة,مرتبات ومكافأة شاملة,,2000,
2022-03-01,555,4402,,حسنين ابراهيم حسنين تسويه عهده حضور ورشه تدريبية بلبنان الخاصة بأمينه لجنه المراة,,بنك العمال 1,576,
2022-03-01,555,4402,,حسنين ابراهيم حسنين تسويه عهده حضور ورشه تدريبية بلبنان الخاصة بأمينه لجنه المراة,,مدينون متنوعون,6000,
2022-03-01,556,4403,,هانى عبد الفتاح محمد عبد المللك محمد عهده لسداد فواتير المياة والكهرباء الخاصه بعمارة النقابة العامة بالمعادى,عمارة المعادى,بنك العمال 1,10000,
2022-03-01,557,4404,,حسنين ابراهيم حسنين تسويه عهده استضافة وفد الاتحاد الدولى وعدد من رؤساء وممثلى النقابات لحضور الجمعية العمومية + مكافاة جهود,نشاط اجتماعى وثقافى,,46536.72,
2022-03-01,557,4404,,حسنين ابراهيم حسنين تسويه عهده استضافة وفد الاتحاد الدولى وعدد من رؤساء وممثلى النقابات لحضور الجمعية العمومية + مكافاة جهود,,بنك العمال 1,6536.72,
2022-03-01,557,4404,,حسنين ابراهيم حسنين تسويه عهده استضافة وفد الاتحاد الدولى وعدد من رؤساء وممثلى النقابات لحضور الجمعية العمومية + مكافاة جهود,,مدينون متنوعون,40000,
2022-03-01,558,65718616,,سمير السيد أحمد احمد عهدة لحين التسويه لشراء ياميش رمضان 1443هـ / 2022 م,مدينون متنوعون,بنك مصر,50000,
2022-03-01,559,4405,,سمير السيد أحمد احمد عهدة لحين التسويه لشراء ياميش رمضان 1443هـ / 2022 م,مدينون متنوعون,بنك العمال 1,35000,
2022-03-01,560,4406,,عبد الحميد حسن عبد العزيز  (      مصروفات مكتب بورسعيد,مدينون متنوعون,بنك العمال 1,9535,
2022-03-01,561,4407,,ناديه محمد ابو القاسم مصروفات مكتب اسوان,مدينون متنوعون,بنك العمال 1,30000,
2022-03-01,562,4408,,صالح محمد نسيم بدل بدل لجان وتسويات وديه الفترة من سبتمبر 2021 وحتى مارس 2022,لجان ثلاثية,بنك العمال 1,1400,
2022-03-01,563,65718617,,طارق سيد على خلاف على خلاف مصروفات السيارة البيجو 508 رقم 236 + اكراميات,السيارة,بنك مصر,3025.25,
2022-03-01,564,65718618,,طارق بدوى محمود مصروفات المكتب + بدل سفر وانتقالات + مكافاة شهر فبراير 2022,مكاتب شئون العضوية,بنك مصر,6800,
2022-03-01,565,65718619,,احمد هشام السيد على الطحان عهدة لحين التسويه لعقد اجتماع مع ادارة شركة لافارج للاسمنت واللجنة النقابة بمركز تدريب النقابة العامة,مدينون متنوعون,بنك مصر,8000,
2022-03-01,566,65718620,,احمد هشام السيد على الطحان مصروفات السيارة هونداى سولارس رقم 569,السيارة,بنك مصر,3083,
2022-03-01,567,65718621,,طارق سيد على خلاف على خلاف عهدة لحين التسويه للسيارة هونداى توسان رقم 564,مدينون متنوعون,بنك مصر,6000,
2022-03-01,568,65718622,,احمد هشام السيد على الطحان تسويه عهد اجتماع مع ادارة شركة لافارج للاسمنت واللجنة النقابة بمركز تدريب النقابة العامة,مصاريف اجتماعات,,9136.11,
2022-03-01,568,65718622,,احمد هشام السيد على الطحان تسويه عهد اجتماع مع ادارة شركة لافارج للاسمنت واللجنة النقابة بمركز تدريب النقابة العامة,,بنك مصر,1046.25,
2022-03-01,568,65718622,,احمد هشام السيد على الطحان تسويه عهد اجتماع مع ادارة شركة لافارج للاسمنت واللجنة النقابة بمركز تدريب النقابة العامة,,مدينون متنوعون,8000,
2022-03-01,568,65718622,,احمد هشام السيد على الطحان تسويه عهد اجتماع مع ادارة شركة لافارج للاسمنت واللجنة النقابة بمركز تدريب النقابة العامة,,ضرائب الخصم والاضافة,89.86,
2022-03-01,569,65718624,,طارق سيد على خلاف على خلاف تسويه عهده صيانه السيارة هونداى توسان رقم 564,السيارة,,6410.27,
2022-03-01,569,65718624,,طارق سيد على خلاف على خلاف تسويه عهده صيانه السيارة هونداى توسان رقم 564,,بنك مصر,356.86,
2022-03-01,569,65718624,,طارق سيد على خلاف على خلاف تسويه عهده صيانه السيارة هونداى توسان رقم 564,,مدينون متنوعون,6000,
2022-03-01,569,65718624,,طارق سيد على خلاف على خلاف تسويه عهده صيانه السيارة هونداى توسان رقم 564,,ضرائب الخصم والاضافة,53.41,
2022-03-01,570,65718625,,محمد محمد حسن بدل سفر وانتقال للمرور على لجان المحمودية و كفر الشيخ للمراجعه والتفتيش,بدل سفر وانتقال,بنك مصر,4440,
2022-03-01,571,65718626,,جابر حنفى محمود بدل حضور لجان وتسويات خلال شهر فبراير 2022,لجان ثلاثية,بنك مصر,350,
2022-03-01,572,65718627,,هشام مصطفى محمد عبد المعطى محمد عهده لحين التسويه للسفر لمرسى مطروح لاعمال الصيانة الخاصة بالمصيف,مدينون متنوعون,بنك مصر,7000,
2022-03-01,573,65718628,,عاطف آبا زيد مرسى استعاضة المصروفات الادارية,مصروفات إدارية المقر الرئيسى,بنك مصر,6355,
2022-03-01,574,65718629,,سمير السيد أحمد احمد بدل عمل يوم السبت لبعض الموظفين,مكافأت وبدل العمل أيام الاجازات الرسمية,بنك مصر,300,
2022-03-01,575,65718630,,عاطف عبد النظير عبد الشافى مصروفات مكتب دار السلام بسوهاج من يناير وحتى مارس 2022,مكاتب شئون العضوية,بنك مصر,1850,
2022-03-01,576,65718631,,طارق عراقى محمد جاد مصروفات واعانات اللجنة الادارية بالهيئة العامة للطرق والكبارى بالزقازيق,حصص اللجان النقابية بالشركات من الاشتركات,بنك مصر,1450,
2022-03-01,577,65718632,,كريم ابراهيم عبد الحميد عهدة لحين التسويه لشراء تابلت,مدينون متنوعون,بنك مصر,4000,
2022-03-01,578,4409,,حسنين ابراهيم حسنين عهده لحين التسويه لاستضافة وفد الاتحاد المهنى لنقابات عمالد البناء والاخشاب بسريا الفترة من 19-28 مارس 2022,مدينون متنوعون,بنك العمال 1,35000,
2022-03-01,579,4410,,فندق هوليداى ان ستى ستارز قيمه استضافة وفود عربيه ودوليه لحضور الجمعية العمومية للنقابة العامة الفترة من 1-4 مارس 2022,نشاط اجتماعى وثقافى,,32521.93,
2022-03-01,579,4410,,فندق هوليداى ان ستى ستارز قيمه استضافة وفود عربيه ودوليه لحضور الجمعية العمومية للنقابة العامة الفترة من 1-4 مارس 2022,,بنك العمال 1,31546.27,
2022-03-01,579,4410,,فندق هوليداى ان ستى ستارز قيمه استضافة وفود عربيه ودوليه لحضور الجمعية العمومية للنقابة العامة الفترة من 1-4 مارس 2022,,ضرائب الخصم والاضافة,975.66,
2022-03-01,580,65718633,,طارق سيد على خلاف على خلاف مصروفات السيارات رقم 564 ، 236 + العمل بعد مواعيد العمل الرسمية,السيارة,بنك مصر,6325,
2022-03-01,581,65718634,,ايمن عبد العزيز عبد الله مصروفات الشئون القانونية,علاج ومستلزمات طبية,بنك مصر,7500,
2022-03-01,582,4411,,إبراهيم محمد محمود غلوش مصروفات مكتب عضوية طنطا,مدينون متنوعون,بنك العمال 1,6779.5,
2022-03-01,583,تسوية,,كريم ابراهيم عبد الحميد تسويه عهده شراء تابلت و خط تليفون,أجهزة الكترونية وكهربائية,مدينون متنوعون,4000,
2022-03-01,584,65718636,,كريم ابراهيم عبد الحميد عهده شراء مستلزمات طبيه كمامات وكحول,مدينون متنوعون,بنك مصر,13250,
2022-03-01,585,65718637,,محمد محمد حسن بدل سفر وانتقال للمرور على مكتب كفر الشيخ للمراجعه والتفتيش,بدل سفر وانتقال,بنك مصر,1140,
2022-03-01,586,65718638,,عاطف آبا زيد مرسى استعاضة المصروفات الادارية,مصروفات إدارية المقر الرئيسى,بنك مصر,3849,
2022-03-01,587,65718639,,هشام مصطفى محمد عبد المعطى محمد تسويه عهده السفر لمرسى مطروح لاعمال الصيانة الخاصة بالمصيف + مكافة جهود,مصروفات مصيف مطروح,,9715,
2022-03-01,587,65718639,,هشام مصطفى محمد عبد المعطى محمد تسويه عهده السفر لمرسى مطروح لاعمال الصيانة الخاصة بالمصيف + مكافة جهود,,بنك مصر,2715,
2022-03-01,587,65718639,,هشام مصطفى محمد عبد المعطى محمد تسويه عهده السفر لمرسى مطروح لاعمال الصيانة الخاصة بالمصيف + مكافة جهود,,مدينون متنوعون,7000,
2022-03-01,588,65718640,,طارق ابراهيم سليمان بدل سفر وانتقال وجهود للسفر الى مصيف جمصه للمعاينة لعمل الصيانه السنوية للمصيف,مصروفات مصيف جمصة,بنك مصر,6695,
2022-03-01,589,65718641,,مجلة العمل قيمه نشر واعلان,اعلانات,بنك مصر,8000,
2022-03-01,590,65718642,,حسن محمد على دياب بدل سفر وانتقالات واعداد ميزانيات اللجان النقابية التابعة للنقابة العامة عن العام 2021,حصص اللجان النقابية بالشركات من الاشتركات,بنك مصر,5265,
2022-03-01,591,65718643,,حنان عاطف محمود طاهر استعاضة الادوية,علاج ومستلزمات طبية,بنك مصر,2185,
2022-03-01,592,65718644,,محمد محمد حسن استعاضة مجمع اللجان بالاسكندرية,بدل سفر وانتقال,بنك مصر,489.7,
2022-03-01,593,65718645,,احمد هشام السيد على الطحان مصروفات اجتماع رئيس الاتحاد العام وبعض رؤساء النقابات العامة ورئيس النقابة العامة للبناء بنادى التجديف للمقاولون العرب,مصاريف اجتماعات,بنك مصر,4501,
2022-03-01,594,65718646,,سمير السيد أحمد احمد بدل عمل يوم السبت لبعض الموظفين,مكافأت وبدل العمل أيام الاجازات الرسمية,بنك مصر,400,
2022-03-01,595,65718647,,محمود ابراهيم محمد زهران عوض زهران مساهمة وفاه مكتب زفتى,تعويضات ومساهمات,بنك مصر,500,
2022-03-01,596,4412,,محمد مصطفى عبد الباقى بدل سفر وانتقال لمكتب بنى سوف شهر مارس 2022,مرتبات ومكافأة شاملة,بنك العمال 1,100,
2022-03-01,597,4413,,اشرف ابراهيم السيد عطيه بدل انتقال شهر مارس 2022,مرتبات ومكافأة شاملة,,1200,
2022-03-01,597,4413,,اشرف ابراهيم السيد عطيه بدل انتقال شهر مارس 2022,,بنك العمال 1,1080,
2022-03-01,597,4413,,اشرف ابراهيم السيد عطيه بدل انتقال شهر مارس 2022,,ضريبة كسب العمل,120,
2022-03-01,598,4415,,ابراهيم عبد الله حسيب بدل انتقال شهر مارس 2022,مرتبات ومكافأة شاملة,,1965,
2022-03-01,598,4415,,ابراهيم عبد الله حسيب بدل انتقال شهر مارس 2022,,بنك العمال 1,1770,
2022-03-01,598,4415,,ابراهيم عبد الله حسيب بدل انتقال شهر مارس 2022,,ضريبة كسب العمل,195,
2022-03-01,599,4416,,ايمن عبد العزيز عبد الله بدل انتقال شهر مارس 2022,مرتبات ومكافأة شاملة,,2445,
2022-03-01,599,4416,,ايمن عبد العزيز عبد الله بدل انتقال شهر مارس 2022,,بنك العمال 1,2250,
2022-03-01,599,4416,,ايمن عبد العزيز عبد الله بدل انتقال شهر مارس 2022,,ضريبة كسب العمل,195,
2022-03-01,600,4417,,محمد كرم عباس بدل انتقال شهر مارس 2022,مرتبات ومكافأة شاملة,,1965,
2022-03-01,600,4417,,محمد كرم عباس بدل انتقال شهر مارس 2022,,بنك العمال 1,1770,
2022-03-01,600,4417,,محمد كرم عباس بدل انتقال شهر مارس 2022,,ضريبة كسب العمل,195,
2022-03-01,601,4418,,محمد داود حسين بدل انتقال شهر مارس 2022,مرتبات ومكافأة شاملة,,900,
2022-03-01,601,4418,,محمد داود حسين بدل انتقال شهر مارس 2022,,بنك العمال 1,810,
2022-03-01,601,4418,,محمد داود حسين بدل انتقال شهر مارس 2022,,ضريبة كسب العمل,90,
2022-03-01,602,4419,,عبد العليم محمد ابو الوفا بدل انتقال شهر مارس 2022,مرتبات ومكافأة شاملة,,900,
2022-03-01,602,4419,,عبد العليم محمد ابو الوفا بدل انتقال شهر مارس 2022,,بنك العمال 1,810,
2022-03-01,602,4419,,عبد العليم محمد ابو الوفا بدل انتقال شهر مارس 2022,,ضريبة كسب العمل,90,
2022-03-01,603,4420,,صالح محمد نسيم مكتب العاشر بدل انتقال شهر مارس 2022,مرتبات ومكافأة شاملة,,1000,
2022-03-01,603,4420,,صالح محمد نسيم مكتب العاشر بدل انتقال شهر مارس 2022,,بنك العمال 1,900,
2022-03-01,603,4420,,صالح محمد نسيم مكتب العاشر بدل انتقال شهر مارس 2022,,ضريبة كسب العمل,100,
2022-03-01,604,4421,,محمد بهاء الدين محمد بدل انتقال شهر مارس 2022,مرتبات ومكافأة شاملة,,1200,
2022-03-01,604,4421,,محمد بهاء الدين محمد بدل انتقال شهر مارس 2022,,بنك العمال 1,1080,
2022-03-01,604,4421,,محمد بهاء الدين محمد بدل انتقال شهر مارس 2022,,ضريبة كسب العمل,120,
2022-03-01,605,4422,,محمد حسنى محمد تونى بدل انتقال شهر مارس 2022,مرتبات ومكافأة شاملة,,1200,
2022-03-01,605,4422,,محمد حسنى محمد تونى بدل انتقال شهر مارس 2022,,بنك العمال 1,1080,
2022-03-01,605,4422,,محمد حسنى محمد تونى بدل انتقال شهر مارس 2022,,ضريبة كسب العمل,120,
2022-03-01,606,4423,,عزت عبد الوهاب احمد بدل انتقال شهر مارس 2022,مرتبات ومكافأة شاملة,,3900,
2022-03-01,606,4423,,عزت عبد الوهاب احمد بدل انتقال شهر مارس 2022,,بنك العمال 1,3727,
2022-03-01,606,4423,,عزت عبد الوهاب احمد بدل انتقال شهر مارس 2022,,ضريبة كسب العمل,173,
2022-03-01,607,4424,,محمد درديرى محمد بدل انتقال شهر مارس 2022,جهاز مشروعات أسيوط,بنك العمال 1,1500,
2022-03-01,608,4425,,هانى محمد عبد اللاه اعانه اجتماعية شهر مارس 2022 القاهرة,اعانات اجتماعية,بنك العمال 1,200,
2022-03-01,609,4426,,سناء مصطفى محمد اعانة اجتماعية شهر مارس 2022 القاهرة,اعانات اجتماعية,بنك العمال 1,100,
2022-03-01,610,4427,,هانم فؤاد حنفى احمد اعانة اجتماعية شهر مارس 2022 القاهرة,اعانات اجتماعية,بنك العمال 1,400,
2022-03-01,611,4428,,نعناعة عبد الرحمن احمد خلف اعانة اجتماعية شهر مارس 2022 القاهرة,اعانات اجتماعية,بنك العمال 1,450,
2022-03-01,612,4429,,تحيه محمد يحى خليل اعانة اجتماعية شهر مارس 2022 القاهرة,اعانات اجتماعية,بنك العمال 1,450,
2022-03-01,613,4430,,سيده زكى محمد ابراهيم اعانة اجتماعية شهر مارس 2022 قوص,اعانات اجتماعية,بنك العمال 1,200,
2022-03-01,614,4431,,سعديه احمد محمد اعانة اجتماعية شهر مارس 2022 فليوب,اعانات اجتماعية,بنك العمال 1,50,
2022-03-01,615,4432,,ماجدة عبد الله عبد اللطيف اعانة اجتماعية شهر مارس 2022 القاهرة,اعانات اجتماعية,بنك العمال 1,200,
2022-03-01,616,4433,,نعيمة مصطفى محمد على اعانة اجتماعية شهر مارس 2022 القاهرة,مصاريف محاماة,بنك العمال 1,150,
2022-03-01,617,4434,,سحر رمضان عبد المجيد عبد الوهاب اعانة اجتماعية شهر مارس 2022 شبين الكوم,اعانات اجتماعية,بنك العمال 1,350,
2022-03-01,618,4435,,سمير السيد أحمد احمد مرتبات العاملين المكاتب مارس 2022,مرتبات ومكافأة شاملة,,47507.45,
2022-03-01,618,4435,,سمير السيد أحمد احمد مرتبات العاملين المكاتب مارس 2022,,بنك العمال 1,23494.8,
2022-03-01,618,4435,,سمير السيد أحمد احمد مرتبات العاملين المكاتب مارس 2022,,سلف العاملين,4675,
2022-03-01,618,4435,,سمير السيد أحمد احمد مرتبات العاملين المكاتب مارس 2022,,تأمين تكافلى,2122.5,
2022-03-01,618,4435,,سمير السيد أحمد احمد مرتبات العاملين المكاتب مارس 2022,,ضريبة كسب العمل,105,
2022-03-01,618,4435,,سمير السيد أحمد احمد مرتبات العاملين المكاتب مارس 2022,,أقساط قروض بنك التنمية لبعض العاملين,5355.41,
2022-03-01,618,4435,,سمير السيد أحمد احمد مرتبات العاملين المكاتب مارس 2022,,التأمينات الاجتماعية,7904.36,
2022-03-01,618,4435,,سمير السيد أحمد احمد مرتبات العاملين المكاتب مارس 2022,,خصم كورونا,173.55,
2022-03-01,618,4435,,سمير السيد أحمد احمد مرتبات العاملين المكاتب مارس 2022,,تامينات عاملين مستقطعه وتسدد لمكاتب تامينات بالمحافظات,3676.83,
2022-03-01,619,4436,,سمير السيد أحمد احمد مرتبات العاملين + منحه رمضان مارس 2022,بدلات أعضاء مجلس الادارة,,13310,
2022-03-01,619,4436,,سمير السيد أحمد احمد مرتبات العاملين + منحه رمضان مارس 2022,حافزاعياد ومناسبات,,76142.56,
2022-03-01,619,4436,,سمير السيد أحمد احمد مرتبات العاملين + منحه رمضان مارس 2022,مرتبات ومكافأة شاملة,,245399.87,
2022-03-01,619,4436,,سمير السيد أحمد احمد مرتبات العاملين + منحه رمضان مارس 2022,مدينون متنوعون,,81769.17,
2022-03-01,619,4436,,سمير السيد أحمد احمد مرتبات العاملين + منحه رمضان مارس 2022,,بنك العمال 1,284682.99,
2022-03-01,619,4436,,سمير السيد أحمد احمد مرتبات العاملين + منحه رمضان مارس 2022,,سلف العاملين,28760,
2022-03-01,619,4436,,سمير السيد أحمد احمد مرتبات العاملين + منحه رمضان مارس 2022,,تأمين تكافلى,4522.5,
2022-03-01,619,4436,,سمير السيد أحمد احمد مرتبات العاملين + منحه رمضان مارس 2022,,ضريبة كسب العمل,16994.92,
2022-03-01,619,4436,,سمير السيد أحمد احمد مرتبات العاملين + منحه رمضان مارس 2022,,أقساط النفقة,180,
2022-03-01,619,4436,,سمير السيد أحمد احمد مرتبات العاملين + منحه رمضان مارس 2022,,أقساط قروض بنك التنمية لبعض العاملين,17174.78,
2022-03-01,619,4436,,سمير السيد أحمد احمد مرتبات العاملين + منحه رمضان مارس 2022,,التأمينات الاجتماعية,59812.25,
2022-03-01,619,4436,,سمير السيد أحمد احمد مرتبات العاملين + منحه رمضان مارس 2022,,خصم كورونا,2004.01,
2022-03-01,619,4436,,سمير السيد أحمد احمد مرتبات العاملين + منحه رمضان مارس 2022,,خصم جزاءات,2316.94,
2022-03-01,619,4436,,سمير السيد أحمد احمد مرتبات العاملين + منحه رمضان مارس 2022,,دمغة,173.21,
2022-03-01,620,65718648,,كريم ابراهيم عبد الحميد تسويه عهده شراء مستلزمات طبيبه كحول وكمامات,مستلزمات طبية ( كورونا ),,16865,
2022-03-01,620,65718648,,كريم ابراهيم عبد الحميد تسويه عهده شراء مستلزمات طبيبه كحول وكمامات,,بنك مصر,3461,
2022-03-01,620,65718648,,كريم ابراهيم عبد الحميد تسويه عهده شراء مستلزمات طبيبه كحول وكمامات,,مدينون متنوعون,13250,
2022-03-01,620,65718648,,كريم ابراهيم عبد الحميد تسويه عهده شراء مستلزمات طبيبه كحول وكمامات,,ضرائب الخصم والاضافة,154,
2022-03-01,621,65718649,,عماد الدين محمد مبروك عهده لحين التسويه لتنفيذ حفل تكريم المراة العاملة المصرية مارس 2022,مدينون متنوعون,بنك مصر,25000,
2022-03-01,622,65718650,,محمود محمد محمود بخاطرة بدل سفر وانتقال من الشرقيه للقاهرة لعرض تقرير صيانه مصيف جمصه مارس 2022,بدل سفر وانتقال,بنك مصر,150,
2022-03-01,623,65718651,,ايمن عبد العزيز عبد الله مصروفات الشئون القانونية,مصاريف محاماة,بنك مصر,6205,
2022-03-01,624,65718652,,طارق سيد على خلاف على خلاف مصروفات السيارة بيجو 508,السيارة,بنك مصر,3126.35,
2022-03-01,625,65718653,,محمد مصطفى عبد الباقى بدل سفر وانتقال شهر مارس 2022,بدل سفر وانتقال,بنك مصر,850,
2022-03-01,626,65718654,,محمد محمد حسن بدل سفر وانتقال شهر مارس 2022,بدل سفر وانتقال,بنك مصر,850,
2022-03-01,627,65718655,,سمير السيد أحمد احمد مكافاة بمناسبة شهر رمضان للمتعاونين مع النقابة العامة مارس 2022,مدينون متنوعون,بنك مصر,4200,
2022-03-01,628,65718656,,الشاذلى على محمد الشاذلى مصروفات المكتب ومكافاة رئيس المكتب ( مكتب السادات ) مارس 2022,مكاتب شئون العضوية,بنك مصر,2725,
2022-03-01,629,65718657,,حسين ثابت حسن مصروفات المكتب + بدل سفر وانتقال بدل سفر وانتقال شهر مارس 2022 مكتب اسيوط,مكاتب شئون العضوية,بنك مصر,5497,
2022-03-01,630,65718658,,محمود حسن حسين مصروفات المكتب + بدل سفر وانتقال مكتب السويس  شهر مارس 2022,مكاتب شئون العضوية,بنك مصر,1750,
2022-03-01,631,65718659,,جميل عبد الهادى ابو سعده مصروفات المكتب + بدل سفر وانتقال مكتب اشمون  شهر مارس 2022,مكاتب شئون العضوية,بنك مصر,750,
2022-03-01,632,65718661,,دعاء سين رمضان مصروفات المكتب + بدل وانتقال واعانات مكتب بنى سويف  شهر مارس 2022,مكاتب شئون العضوية,بنك مصر,8997.25,
2022-03-01,633,65718662,,مسعد صالح جاد مساهمه بمناسبة شهر رمضان المعظم 2022 مكتب المنصورة 2,مدينون متنوعون,بنك مصر,5000,
2022-03-01,634,65718663,,احمد محمد مصطفى مصروفات مكاتب الفيوم ( اطسا - ابشواى - سنورس - طامية ) + بدل سفر وانتقال ومكافاة مارس 2022,مكاتب شئون العضوية,بنك مصر,17680,
2022-03-01,635,65718664,,كريم ابراهيم عبد الحميد مصروفات شراء ادوات نظافة ومشروبات شهر مارس 2022,مستلزمات مكتب رئيس مجلس الإدارة,بنك مصر,2326,
2022-03-01,636,65718665,,طارق بدوى محمود مساهمة لبعض المكاتب مارس 2022 المنزلة,مدينون متنوعون,بنك مصر,30000,
2022-03-01,637,65718666,,فاطمة ابراهيم السيد على اعانة مارس 2022 الاسماعيلية,اعانات اجتماعية,بنك مصر,50,
2022-03-01,638,65718667,,كريمة احمد عبد الفتاح احمد اعانه مارس 2022 طنطا,اعانات اجتماعية,بنك مصر,100,
2022-03-01,639,65718668,,رمضان اسماعيل احمد اعانه مارس 2022 بنى سويف,اعانات اجتماعية,بنك مصر,75,
2022-03-01,640,69978849,,بسيونى عبد المطلب على محمد اعانه مارس 2022 طنطا,اعانات اجتماعية,بنك مصر,50,
2022-03-01,641,69978850,,بشرى عيسى عبد الحميد اعانه مارس 2022 زفتى,اعانات اجتماعية,بنك مصر,75,
2022-03-01,642,69978851,,فاطمة حمود بكرى محمد اعانة مارس 2022 فرشوط,اعانات اجتماعية,بنك مصر,150,
2022-03-01,643,69978852,,هشام مصطفى محمد عبد المعطى عبد المعطى دفعه اولى تحت حياب عمل صيانه مصيف مرسى مطروح,مدينون متنوعون,بنك مصر,50000,
2022-03-01,644,69978853,,طارق ابراهيم سليمان دفعه تحت حساب عمل صيانه مصيف جمصه,مدينون متنوعون,بنك مصر,50000,
2022-03-01,645,69978854,,السيد فرغلى السيد اعانة مارس 2022 سوهاج,اعانات اجتماعية,بنك مصر,300,
2022-03-01,646,69978855,,عبد الصبور عبد العال حسين اعانة مارس 2022 سوهاج,اعانات اجتماعية,بنك مصر,300,
2022-03-01,647,69978856,,عبد الناصر بكر احمد بدل سفر وانتقالات من اسيوط للقاهرة مارس 2022,بدل سفر وانتقال,بنك مصر,4845,
2022-03-01,648,69978857,,على على ابراهيم الخطيب بدل مامورية من مصيف جمصه للقاهرة لتسليم فواتير المياة والصرف الصحى,بدل سفر وانتقال,بنك مصر,250,
2022-03-01,649,69978858,,احمد هشام السيد على الطحان مصروفات السيارة هونداى سولارس رقم 569,السيارة,بنك مصر,2900,
2022-03-01,650,69978859,,حنان عاطف محمود طاهر استعاضة الادوية,علاج ومستلزمات طبية,بنك مصر,2193.55,
2022-03-01,651,69978860,,عاطف آبا زيد مرسى استعاضة المصروفات الادارية,مصروفات إدارية المقر الرئيسى,بنك مصر,5230.4,
2022-03-01,652,4437,,جوزيف فؤاد ايوب عهده لحين التسويه للسيارة الخاصة بالنقابة العامة للعمل مع وفد منظمة الوحده الافريقية,مدينون متنوعون,بنك العمال 1,2000,
2022-03-01,653,4438,,عدلى احمد عبد العال مصروفات مكتبى قنا ونجع حمادى + مكافاه المسئولين مارس 2022,مكاتب شئون العضوية,بنك العمال 1,6850,
2022-03-01,654,4439,,بنك التنمية الصناعية فرع الجلاء قسط القرض مارس 2022,أقساط قروض بنك التنمية لبعض العاملين,بنك العمال 1,26539.94,
2022-03-01,655,69978861,,عاطف ابا زيد مرسى مامورية لمحافظة المنيا وسوهاج وقنا وبعض السادة المحامين 2022,مدينون متنوعون,بنك مصر,9700,
2022-03-01,656,69978862,,طارق ابراهيم سليمان عمل ترميمات ومحارة للواجهات بمصيف جمصه مارس 2022,مدينون متنوعون,بنك مصر,40330,
2022-03-01,657,69978863,,طارق سيد على خلاف على خلاف مصروفات السيارة هونداى توسان رقم 564 مارس 2022,السيارة,بنك مصر,3557.8,
2022-03-01,658,69978864,,احمد كرم عباس محمد مكافاة جهود لاستفاء سجل الاصول الثابتة للنقابة العامة مارس 2022,مرتبات ومكافأة شاملة,بنك مصر,3000,
2022-03-01,659,4440,,جهاز الخدمات العامة للقوات المسلحة جراج مارس 2022,السيارة,,4235,
2022-03-01,659,4440,,جهاز الخدمات العامة للقوات المسلحة جراج مارس 2022,,بنك العمال 1,4107.95,
2022-03-01,659,4440,,جهاز الخدمات العامة للقوات المسلحة جراج مارس 2022,,ضرائب الخصم والاضافة,127.05,
2022-03-01,660,4441,,ايمن عبد العزيز عبد الله مصروفات الشئون القانونية مارس 2022,مصاريف محاماة,بنك العمال 1,5655,
2022-03-01,661,69978865,,عبد الحميد حسن عبد العزيز الخولى مساهمة بمناسبة شهر رمضان المعظم مارس 2022 مكتب بورسعيد,مدينون متنوعون,بنك مصر,20000,
2022-03-01,662,69978866,,ماضى تمام عبد العزيز مصروفات المكتب + بدل سفر وانتقال + مكافاة شهر رمضان + مساهمة مارس 2022 مكتب فرشوط,مكاتب شئون العضوية,,2220,
2022-03-01,662,69978866,,ماضى تمام عبد العزيز مصروفات المكتب + بدل سفر وانتقال + مكافاة شهر رمضان + مساهمة مارس 2022 مكتب فرشوط,مدينون متنوعون,,12000,
2022-03-01,662,69978866,,ماضى تمام عبد العزيز مصروفات المكتب + بدل سفر وانتقال + مكافاة شهر رمضان + مساهمة مارس 2022 مكتب فرشوط,,بنك مصر,14220,
2022-03-01,663,69978867,,مسعد صالح جاد مصروفات المكتب + بدل سفر وانتقال + مكافاة شهر رمضان المعظم 2022 مكتب المنصورة 2,مكاتب شئون العضوية,بنك مصر,15920,
2022-03-01,664,69978868,,محمود ابراهيم محمد زهران عوض زهران مصروفات المكتب + بدل سفر وانتقال + مكافاة شهر رمضان مارس 2022 مكتب زفتى,مكاتب شئون العضوية,بنك مصر,4075,
2022-03-01,665,69978869,,محمد محمد على تسويه عهده عمل صيانه ودواليب خشب بمصيف جمصه مارس 2022,مصروفات مصيف جمصة,,19105.8,
2022-03-01,665,69978869,,محمد محمد على تسويه عهده عمل صيانه ودواليب خشب بمصيف جمصه مارس 2022,,بنك مصر,967.6,
2022-03-01,665,69978869,,محمد محمد على تسويه عهده عمل صيانه ودواليب خشب بمصيف جمصه مارس 2022,,مدينون متنوعون,18000,
2022-03-01,665,69978869,,محمد محمد على تسويه عهده عمل صيانه ودواليب خشب بمصيف جمصه مارس 2022,,ضرائب الخصم والاضافة,138.2,
2022-03-01,666,69978870,,عماد الدين محمد مبروك تسويه عهده حفل يوم المراة المصرية مارس 2022,نشاط اجتماعى وثقافى,,33014,
2022-03-01,666,69978870,,عماد الدين محمد مبروك تسويه عهده حفل يوم المراة المصرية مارس 2022,,بنك مصر,7957,
2022-03-01,666,69978870,,عماد الدين محمد مبروك تسويه عهده حفل يوم المراة المصرية مارس 2022,,مدينون متنوعون,25000,
2022-03-01,666,69978870,,عماد الدين محمد مبروك تسويه عهده حفل يوم المراة المصرية مارس 2022,,ضرائب الخصم والاضافة,57,
2022-03-01,667,69978871,,حسنين ابراهيم حسنين تسويه عهده وفد منظمة الوحده الافريقية مارس 2022,نشاط اجتماعى وثقافى,,43133.2,
2022-03-01,667,69978871,,حسنين ابراهيم حسنين تسويه عهده وفد منظمة الوحده الافريقية مارس 2022,,بنك مصر,7610,
2022-03-01,667,69978871,,حسنين ابراهيم حسنين تسويه عهده وفد منظمة الوحده الافريقية مارس 2022,,مدينون متنوعون,35000,
2022-03-01,667,69978871,,حسنين ابراهيم حسنين تسويه عهده وفد منظمة الوحده الافريقية مارس 2022,,ضرائب الخصم والاضافة,523.2,
2022-03-01,668,69978873,,سمير السيد أحمد احمد مكافة العاملين اعمال الجمعية العمومية مارس 2022,مرتبات ومكافأة شاملة,,35550,
2022-03-01,668,69978873,,سمير السيد أحمد احمد مكافة العاملين اعمال الجمعية العمومية مارس 2022,,بنك مصر,31995,
2022-03-01,668,69978873,,سمير السيد أحمد احمد مكافة العاملين اعمال الجمعية العمومية مارس 2022,,ضرائب الخصم والاضافة,3555,
2022-03-01,669,تسويه,,عماد الدين محمد مبروك تسويه عهده الاحبار الاسود والالوان,بنك مصر,,19,
2022-03-01,669,تسويه,,عماد الدين محمد مبروك تسويه عهده الاحبار الاسود والالوان,مطبوعات وادوات كتابية,,3003,
2022-03-01,669,تسويه,,عماد الدين محمد مبروك تسويه عهده الاحبار الاسود والالوان,,مدينون متنوعون,3000,
2022-03-01,669,تسويه,,عماد الدين محمد مبروك تسويه عهده الاحبار الاسود والالوان,,ضرائب الخصم والاضافة,22,
2022-03-01,670,69978872,,محمد رافت عبد القوى عبد ربه وجبات غذائية ومشروبات,مدينون متنوعون,بنك مصر,17365,
2022-03-01,671,4047,,شركة الجيزة العامة للمقاولات,حصص اللجان النقابية بالشركات من الاشتركات,بنك العمال 1,2136,
2022-03-01,672,4048,,شركة المعمورة للتعمير,حصص اللجان النقابية بالشركات من الاشتركات,بنك العمال 1,4755,
2022-03-01,673,4049,,الشركة المساهمة المصرية للمقاولات العبد,حصص اللجان النقابية بالشركات من الاشتركات,بنك العمال 1,2196,
2022-03-01,674,4050,,شركة السويس للاكياس,حصص اللجان النقابية بالشركات من الاشتركات,بنك العمال 1,876,
2022-03-01,675,4051,,شركة سيجوارات المصرة,حصص اللجان النقابية بالشركات من الاشتركات,بنك العمال 1,3497,
2022-03-01,676,4452,,شركة مصر لاعمال الاسمنت المسلح,حصص اللجان النقابية بالشركات من الاشتركات,بنك العمال 1,5000,
2022-03-01,677,4453,,شركة نجع حمادى للفيبر بورد,حصص اللجان النقابية بالشركات من الاشتركات,بنك العمال 1,3963,
2022-03-01,678,4454,,شركة مصر الجديدة للاسكان والتعمير,حصص اللجان النقابية بالشركات من الاشتركات,بنك العمال 1,11104,
2022-03-01,679,4455,,شركة اسمنت حلوان,حصص اللجان النقابية بالشركات من الاشتركات,بنك العمال 1,1458,
2022-03-01,680,4456,,الشركة العربية للخزف سيراميكا ريماس,حصص اللجان النقابية بالشركات من الاشتركات,بنك العمال 1,6324,
2022-03-01,681,4458,,شركة النيل العامة للطرق والكبارى,حصص اللجان النقابية بالشركات من الاشتركات,بنك العمال 1,8679,
2022-03-01,682,4459,,شركة المقاولون العرب القاهرة,حصص اللجان النقابية بالشركات من الاشتركات,بنك العمال 1,82944,
2022-03-01,683,4460,,شركة المقاولون العرب اسوان,حصص اللجان النقابية بالشركات من الاشتركات,بنك العمال 1,17146,
2022-03-01,684,4462,,الشركة العامة للخزف والصينى,حصص اللجان النقابية بالشركات من الاشتركات,بنك العمال 1,3226,
2022-03-01,685,4463,,شركة سيجوارت شبرا الخيمة,حصص اللجان النقابية بالشركات من الاشتركات,بنك العمال 1,6290,
2022-03-01,686,4464,,شركة لافارج لاسمنت مصر,حصص اللجان النقابية بالشركات من الاشتركات,بنك العمال 1,4694,
2022-03-01,687,4465,,مديرية طرق ونقل الجيزة,حصص اللجان النقابية بالشركات من الاشتركات,بنك العمال 1,3340,
2022-03-01,688,4466,,النصر العامة للمقاولات,حصص اللجان النقابية بالشركات من الاشتركات,بنك العمال 1,19852,
2022-03-01,689,4467,,شركة النيل العامة للطرق والكبارى,حصص اللجان النقابية بالشركات من الاشتركات,بنك العمال 1,8525,
2022-03-01,690,4468,,الشركة العربية للخزف سيراميكا ريماس,حصص اللجان النقابية بالشركات من الاشتركات,بنك العمال 1,6363,
2022-03-01,691,4469,,شركة اسمنت اسيوط,حصص اللجان النقابية بالشركات من الاشتركات,بنك العمال 1,2020,
2022-03-01,692,4470,,شركة المعمورة للتعمير والتنمية,حصص اللجان النقابية بالشركات من الاشتركات,بنك العمال 1,1621,
2022-03-01,693,4471,,شركة المعادى للتنمية والتعمير,حصص اللجان النقابية بالشركات من الاشتركات,بنك العمال 1,2340,
2022-03-01,694,4472,,شركة المقاولات المصرية مختار ابراهيم,حصص اللجان النقابية بالشركات من الاشتركات,بنك العمال 1,33332,
2022-03-01,695,4473,,شركة المقاولون العرب القاهرة,حصص اللجان النقابية بالشركات من الاشتركات,بنك العمال 1,82642,
2022-03-01,696,4474,,شركة المقاولون العرب اسوان,حصص اللجان النقابية بالشركات من الاشتركات,بنك العمال 1,17078,
2022-03-01,697,تحويل,,سداد التأمينات الاجتماعية,التأمينات الاجتماعية,بنك العمال 1,82010,
2022-03-01,698,68159263,,اللجنة المهنية سيد سالم,بنك مصر,إيرادات من اللجان المهنية,15000,
2022-03-01,699,68807899,,الانشاء والطرق,بنك مصر,إيرادات من الجان الشركات والهيئات,13455,
2022-03-01,700,66994190,,شركة نجع حمادى للفيبر بورد,بنك مصر,إيرادات من الجان الشركات والهيئات,5945.4,
2022-03-01,701,908002720,,شركة السويس للاكياس,بنك مصر,إيرادات من الجان الشركات والهيئات,261,
2022-03-01,702,1026003727,,شركة السويس للاكياس,بنك مصر,إيرادات من الجان الشركات والهيئات,261,
2022-03-01,703,10260003930,,شركة السويس للاكياس,بنك مصر,إيرادات من الجان الشركات والهيئات,270,
2022-03-01,704,6768253,,المساهمة المصرية للمقاولات العبد المنصورة,بنك مصر,إيرادات من الجان الشركات والهيئات,667,
2022-03-01,705,43280000402330,,المساهمة المصرية للمقاولات العبد المنصورة,بنك مصر,إيرادات من الجان الشركات والهيئات,670,
2022-03-01,706,51671264,,المساهمة المصرية للمقاولات العبد المنصورة,بنك مصر,إيرادات من الجان الشركات والهيئات,664,
2022-03-01,707,20000195203,,شركة النصر للمبانى والانشاءات,بنك مصر,إيرادات من الجان الشركات والهيئات,267.3,
2022-03-01,708,5400003233,,شركة النصر للمبانى والانشاءات,بنك مصر,إيرادات من الجان الشركات والهيئات,1366.2,
2022-03-01,709,40003238,,شركة النصر للمبانى والانشاءات,بنك مصر,إيرادات من الجان الشركات والهيئات,172.8,
2022-03-01,710,53313271,,شركة سيجوارت شبرا الخيمة,بنك مصر,إيرادات من الجان الشركات والهيئات,2955,
2022-03-01,711,52645042,,الشركة العامة للخزف والصينى,بنك مصر,إيرادات من الجان الشركات والهيئات,4840,
2022-03-01,712,53313272,,شركة سيجوارت شبرا الخيمة,بنك مصر,إيرادات من الجان الشركات والهيئات,4030,
2022-03-01,713,64294073,,شركة النصر للمبانى والانشاءات,بنك مصر,إيرادات من الجان الشركات والهيئات,607.5,
2022-03-01,714,60274846,,شركة النصر للمبانى والانشاءات,بنك مصر,إيرادات من الجان الشركات والهيئات,342.9,
2022-03-01,715,67775246,,شركة النصر للمبانى والانشاءات,بنك مصر,إيرادات من الجان الشركات والهيئات,415.8,
2022-03-01,716,67707185,,شركة النصر للمبانى والانشاءات,بنك مصر,إيرادات من الجان الشركات والهيئات,885.6,
2022-03-01,717,68766785,,شركة النصر للمبانى والانشاءات,بنك مصر,إيرادات من الجان الشركات والهيئات,1903.5,
2022-03-01,718,69095639,,شركة النصر للمبانى والانشاءات,بنك مصر,إيرادات من الجان الشركات والهيئات,415.8,
2022-03-01,719,93769422,,اللجنة المهية بابو كبير شرقية,بنك مصر,,5250,
2022-03-01,719,93769422,,اللجنة المهية بابو كبير شرقية,,إيرادات من اللجان المهنية,2700,
2022-03-01,719,93769422,,اللجنة المهية بابو كبير شرقية,,الإيرادات من المطبوعات,900,
2022-03-01,719,93769422,,اللجنة المهية بابو كبير شرقية,,الإيرادات من دعم التثقيف,750,
2022-03-01,719,93769422,,اللجنة المهية بابو كبير شرقية,,الاتحاد العام,900,
2022-03-01,720,58291163,,اللجنة المهنية بفوه,بنك مصر,إيرادات من اللجان المهنية,12106,
2022-03-01,721,68070875,,اللجنة المهنية بميت غمر,بنك مصر,إيرادات من اللجان المهنية,29370,
2022-03-02,722,ايداع نقدى,,عصام ابوبكر حجاج ايداع نقدى مكتب شئون العضوية القاهرة,بنك مصر,إيرادات مكاتب شئون العضوية,24921,
2022-03-16,723,ايداع نقدى,,عصام ابوبكر حجاج ايداع نقدى مكتب شئون العضوية القاهرة,بنك مصر,إيرادات مكاتب شئون العضوية,5642,
2022-03-28,724,ايداع نقدى,,عصام ابوبكر حجاج ايداع نقدى مكتب شئون العضوية القاهرة,بنك مصر,إيرادات مكاتب شئون العضوية,29658,
2022-03-06,725,,,الهيئة العامة لتعاونيات البناء,بنك مصر,إيرادات من الجان الشركات والهيئات,20409.12,
2022-03-01,726,67951480,,شركة النيل العامة للطرق والكبارى,بنك العمال 1,إيرادات من الجان الشركات والهيئات,12787.2,
2022-03-01,727,18021800829,,الشركة العربية للخزف اراسمكو,بنك العمال 1,إيرادات من الجان الشركات والهيئات,9544.5,
2022-03-01,728,818903,,شركة اسمنت اسيوط,بنك العمال 1,إيرادات من الجان الشركات والهيئات,2303.94,
2022-03-01,729,820406,,شركة اسمنت اسيوط,بنك العمال 1,إيرادات من الجان الشركات والهيئات,726.9,
2022-03-01,730,56170043580,,شركة مدينه نصر للاسكان والتعمير,بنك العمال 1,إيرادات من الجان الشركات والهيئات,318.6,
2022-03-01,731,68992231,,شركة المعادى للتنمية والتعمير,بنك العمال 1,إيرادات من الجان الشركات والهيئات,1440,
2022-03-01,732,942397,,شركة اسمنت بنى سويف,بنك العمال 1,إيرادات من الجان الشركات والهيئات,413.1,
2022-03-01,733,447,,شركة المعمورة للتعمير والتنمية,بنك العمال 1,إيرادات من الجان الشركات والهيئات,2431.89,
2022-03-01,734,68396030,,الشركة المتحدة للاسكان والتعمير,بنك العمال 1,إيرادات من الجان الشركات والهيئات,256.5,
2022-03-01,735,68992245,,شركة المعادى للتنمية والتعمير,بنك العمال 1,إيرادات من الجان الشركات والهيئات,2070,
2022-03-01,736,680000294875,,المساهمة المصرية للمقاولات العبد القاهرة,بنك العمال 1,إيرادات من الجان الشركات والهيئات,372.6,
2022-03-01,737,680000345409,,المساهمة المصرية للمقاولات العبد القاهرة,بنك العمال 1,إيرادات من الجان الشركات والهيئات,359.1,
2022-03-01,738,47798973,,المساهمة المصرية للمقاولات العبد القاهرة,بنك العمال 1,إيرادات من الجان الشركات والهيئات,369.9,
2022-03-01,739,47799058,,المساهمة المصرية للمقاولات العبد القاهرة,بنك العمال 1,إيرادات من الجان الشركات والهيئات,372.6,
2022-03-01,740,680000346054,,المساهمة المصرية للمقاولات العبد القاهرة,بنك العمال 1,إيرادات من الجان الشركات والهيئات,369.9,
2022-03-01,741,680000346250,,المساهمة المصرية للمقاولات العبد القاهرة,بنك العمال 1,إيرادات من الجان الشركات والهيئات,369.9,
2022-03-01,742,680000346507,,المساهمة المصرية للمقاولات العبد القاهرة,بنك العمال 1,إيرادات من الجان الشركات والهيئات,472.5,
2022-03-01,743,680000369256,,المساهمة المصرية للمقاولات العبد القاهرة,بنك العمال 1,إيرادات من الجان الشركات والهيئات,12942,
2022-03-01,744,719809,,شركة الاسكندرية لاسمنت بورتلاند,بنك العمال 1,إيرادات من الجان الشركات والهيئات,334.8,
2022-03-01,745,69484706,,اللجنة المهنية بههيا حصة الاتحاد,بنك العمال 1,الاتحاد العام,943.5,
2022-03-01,746,68971706,,شركة الاسكندرية للحراريات مصنع سورناجا للسيراميك,بنك العمال 1,إيرادات من الجان الشركات والهيئات,386.1,
2022-03-01,747,740012,,شركة اسمنت بنى سويف,بنك العمال 1,إيرادات من الجان الشركات والهيئات,334.8,
2022-03-01,748,3019324,,شركة المقاولون العرب الوجه البحرى والقبلى,بنك العمال 1,إيرادات من الجان الشركات والهيئات,149580,
2022-03-01,749,69484705,,اللجنة المهنية بههيا حصة+المطبوعات,بنك العمال 1,,3774,
2022-03-01,749,69484705,,اللجنة المهنية بههيا حصة+المطبوعات,,إيرادات من اللجان المهنية,2830.5,
2022-03-01,749,69484705,,اللجنة المهنية بههيا حصة+المطبوعات,,الإيرادات من المطبوعات,943.5,
2022-03-01,750,19484704,,اللجنة المهنية بههيا دعم,بنك العمال 1,الإيرادات من دعم التثقيف,765,
2022-03-02,751,,,ايداع مكتب شئون عضوية اسيوط,بنك العمال 1,إيرادات مكاتب شئون العضوية,10000,
2022-03-03,752,,,لافارج اسمنت مصر,بنك مصر,إيرادات من الجان الشركات والهيئات,756,
2022-03-01,753,,,مدنى محمد مدنى,بنك مصر,إيرادات مكاتب شئون العضوية,27000,
2022-03-01,754,,,حنان ماضى محمود,بنك مصر,إيرادات مكاتب شئون العضوية,6450,
2022-03-01,755,,,عطيات مسعد صالح ايرادات مكتب المنصورة 2,بنك مصر,إيرادات مكاتب شئون العضوية,39970,
2022-03-02,756,,,احمد نعمان محمد  محمد    ايرادات مكتب المنصورة 1,بنك مصر,إيرادات مكاتب شئون العضوية,10000,
2022-03-01,757,,,خالد عبد العزيز عفيفى مناولة عصام ابو بكر حجاج قسط الوثيقة التامينات,بنك مصر,,1450,
2022-03-01,757,,,خالد عبد العزيز عفيفى مناولة عصام ابو بكر حجاج قسط الوثيقة التامينات,,تأمين تكافلى,150,
2022-03-01,757,,,خالد عبد العزيز عفيفى مناولة عصام ابو بكر حجاج قسط الوثيقة التامينات,,التأمينات الاجتماعية,1300,
2022-03-01,758,,,شركة مصر لاعمال الاسمنت المسلح مناولة عصام ابو بكر حجاج حصه,بنك مصر,إيرادات من الجان الشركات والهيئات,3750,
2022-03-01,759,,,شركة المنزل للمفروشات مناوله عصام ابو بكر حجاج حصه,بنك مصر,إيرادات من الجان الشركات والهيئات,710,
2022-03-01,760,,,دعاء حسين رمضان رمضان قسط سلفة عن شهر فبراير ومارس 2022,بنك العمال 1,سلف العاملين,1670,
2022-03-01,761,,,عبد الناصر محمود محمد شركة مختار ابراهيم,بنك مصر,إيرادات من الجان الشركات والهيئات,50000,
2022-03-01,762,610000049972,,شركة النصر العامة للمقاولات حسن علام,بنك العمال 1,إيرادات من الجان الشركات والهيئات,14832,
2022-03-01,763,20112200448,,شركة اسمنت حلوان,بنك العمال 1,إيرادات من الجان الشركات والهيئات,1069.2,
2022-03-01,764,955562,,شركة اسمنت بنى سويف,بنك العمال 1,إيرادات من الجان الشركات والهيئات,413.1,
2022-03-01,765,,,مصروفات كشف حساب بنك التنمية,بنكية,بنك العمال 1,304.26,
2022-03-01,766,,,ربط وديعة ببنك التنمية,الودائع,بنك العمال 1,3500000,
2022-03-01,767,,,تحويل الاتحاد الدولى,اشتراكات الاتحاد الدولى,بنك العمال 1,18249,
2022-03-01,768,,,امل فاروق عبد الله عبد الله مصروفات شراء هدايا العام الجديد 2022 مكتب 6 اكتوبر,مكاتب شئون العضوية,مدينون متنوعون,3000,
2022-03-01,769,,,فائدة محوله على الحساب,المؤسسة الثقافية,بنك العمال 1,9176,
2022-03-01,770,,,عموله فائده,المؤسسة الثقافية,بنك العمال 1,1998,
2022-03-01,771,,,مصروفات تحويل  سداد التأمينات الاجتماعية,بنكية,بنك العمال 1,360,
2022-03-02,772,,,عموله دمغة,بنكية,بنك العمال 1,667,
2022-03-01,773,,,استحقاق اذون خزانة,بنك مصر,أذون الخزانة,1000000,
2022-03-01,774,,,ضرائب مخصمة اذون خزانة,أذون الخزانة,بنك مصر,16632,
2022-03-01,775,,,عموله اذون خزانة,أذون الخزانة,بنك مصر,500,
2022-03-01,776,,,مصروفات كشف حساب بنك مصر,بنكية,بنك مصر,290,
2022-03-23,777,,,طلب دفاتر شيكات  حساب بنك مصر,بنكية,بنك مصر,2880,
2022-03-01,778,,,مكتب شئون عضوية ببنى سويف,بنك مصر,إيرادات مكاتب شئون العضوية,21685,
2022-03-01,779,,,مكتب شئون عضوية بطنطا,بنك مصر,إيرادات مكاتب شئون العضوية,11180,
2022-03-01,780,,,مكتب شئون عضوية بكفر صقر,بنك مصر,إيرادات مكاتب شئون العضوية,4000,
2022-03-01,781,,,مكتب شئون عضوية بكفر الشيخ,بنك مصر,إيرادات مكاتب شئون العضوية,680,
2022-03-01,782,,,مكتب شئون عضوية بشبرا الخيمة,بنك مصر,إيرادات مكاتب شئون العضوية,1500,
2022-03-01,783,,,مكتب شئون عضوية بفرشوط,بنك مصر,إيرادات مكاتب شئون العضوية,1000,
2022-03-01,784,,,مكتب شئون عضوية بالمنزلة,بنك مصر,إيرادات مكاتب شئون العضوية,1720,
2022-03-01,785,,,مكتب شئون عضوية السادس من اكتوبر,بنك مصر,إيرادات مكاتب شئون العضوية,6320,
2022-03-01,786,,,مكتب شئون عضوية بورسعيد,بنك مصر,إيرادات مكاتب شئون العضوية,2595,
2022-03-01,787,,,مكتب شئون عضوية بشربين,بنك مصر,إيرادات مكاتب شئون العضوية,16000,
2022-03-01,788,,,مكتب شئون عضوية السنبلاوين,بنك مصر,إيرادات مكاتب شئون العضوية,11840,
2022-03-01,789,,,مكتب شئون عضوية الجيزة,بنك مصر,إيرادات مكاتب شئون العضوية,5200,
2022-03-01,790,,,مكتب شئون عضوية - دسوق,بنك مصر,إيرادات مكاتب شئون العضوية,7160,
2022-03-01,791,,,مكتب شئون عضوية - ارمنت,بنك مصر,إيرادات مكاتب شئون العضوية,9000,
2022-03-01,792,,,مكتب شئون عضوية طامية,بنك مصر,إيرادات مكاتب شئون العضوية,13500,
2022-03-01,793,,,مكاتب شئون عضوية الحامول,بنك مصر,إيرادات مكاتب شئون العضوية,7320,
2022-03-01,794,,,اللجنة الادارية بمنية النصر,بنك مصر,إيرادات مكاتب شئون العضوية,20000,
2022-03-01,795,,,اللجنة الادارية بنى عبيد,بنك مصر,إيرادات مكاتب شئون العضوية,8000,
2022-03-01,796,,,تسوية عهدة عماد السفر للمنصورة,بنك مصر,,150,
2022-03-01,796,,,تسوية عهدة عماد السفر للمنصورة,بدل سفر وانتقال,,1350,
2022-03-01,796,,,تسوية عهدة عماد السفر للمنصورة,,مدينون متنوعون,1500,
2022-03-02,797,,,اللجنه النقابية بشركة الهيئة العامه للطرق والكبارى - القاهرة,بنك مصر,إيرادات من الجان الشركات والهيئات,2652.77,
2022-03-03,798,,,اللجنه النقابية بالهيئة العامه للطرق والكبارى - القاهرة,بنك مصر,إيرادات من الجان الشركات والهيئات,2922.65,
2022-03-04,799,,,اللجنه النقابية  بمديرية طرق ونقل السويس,بنك مصر,إيرادات من الجان الشركات والهيئات,357.9,
2022-03-05,800,,,اللجنه النقابية  بمديرية طرق ونقل السويس,بنك مصر,إيرادات من الجان الشركات والهيئات,47.4,
2022-03-06,801,,,اللجنه النقابية  بمديرية طرق ونقل السويس,بنك مصر,إيرادات من الجان الشركات والهيئات,355.2,
2022-03-07,802,,,اللجنه النقابية  بمديرية طرق ونقل المنوفية,بنك مصر,إيرادات من الجان الشركات والهيئات,564,
2022-03-08,803,,,اللجنه النقابية  بمديرية طرق ونقل المنوفية,بنك مصر,إيرادات من الجان الشركات والهيئات,48,
2022-03-09,804,,,اللجنه النقابية  بمديرية طرق ونقل المنوفية,بنك مصر,إيرادات من الجان الشركات والهيئات,576,
2022-03-10,805,,,اللجنه النقابية  بمديرية طرق ونقل الشرقية,بنك مصر,إيرادات من الجان الشركات والهيئات,639,
2022-03-11,806,,,اللجنه النقابية بشركة بمديرية طرق ونقل الشرقية,بنك مصر,إيرادات من الجان الشركات والهيئات,642,
2022-03-12,807,,,اللجنه النقابية بشركة بمديرية طرق ونقل الشرقية,بنك مصر,إيرادات من الجان الشركات والهيئات,2075,
2022-03-13,808,,,اللجنه النقابية  بمديرية طرق ونقل كفر الشيخ,بنك مصر,إيرادات من الجان الشركات والهيئات,512,
2022-03-14,809,,,اللجنه النقابية  بمديرية طرق ونقل البحيرة,بنك مصر,إيرادات من الجان الشركات والهيئات,746.7,
2022-03-15,810,,,اللجنه النقابية  بمديرية طرق ونقل الجيزة,بنك مصر,إيرادات من الجان الشركات والهيئات,722.4,
2022-03-16,811,,,اللجنه النقابية  بمديرية طرق طنطا,بنك مصر,إيرادات من الجان الشركات والهيئات,330.9,
2022-03-17,812,,,اللجنه النقابية  بمديرية طرق قنا,بنك مصر,إيرادات من الجان الشركات والهيئات,833.1,
2022-03-18,813,,,اللجنه النقابية  بمديرية طرق ونقل القليوبية,بنك مصر,إيرادات من الجان الشركات والهيئات,183,
2022-03-19,814,,,جهاز تنظيم النقل البرى والرى,بنك مصر,إيرادات من الجان الشركات والهيئات,77,
2022-03-20,815,,,اللجنه النقابية  بمديرية طرق ونقل الوادى الجديد,بنك مصر,إيرادات من الجان الشركات والهيئات,546.9,
2022-03-21,816,,,اللجنه النقابية  بمديرية طرق ونقل الوادى الجديد,بنك مصر,إيرادات من الجان الشركات والهيئات,106.8,
2022-03-22,817,,,اللجنه النقابية  بمديرية طرق وكبارى القنال الاسماعيلية,بنك مصر,إيرادات من الجان الشركات والهيئات,700.8,
2022-03-23,818,,,اللجنه النقابية  بمديرية طرق وكبارى بجنوب سيناء,بنك مصر,إيرادات من الجان الشركات والهيئات,134.7,
2022-04-01,819,69978874,,صلاح محمد عبد الستار مصروفات المكتب + اعانات شهر مارس 2022 مكتب منيه النصر,مكاتب شئون العضوية,بنك مصر,4550,
2022-04-01,820,69978875,,جيهان موسى محمد الشجاعى محمد السجاعى احمد مصروفات المكتب + مساهمة شهر رمضان + بدل سفر وانتقال + اعانات مكتب منيا القمح,مدينون متنوعون,بنك مصر,15450,
2022-04-01,821,69978876,,علاء سعيد رزق مصروفات مكتب دسوق,مدينون متنوعون,بنك مصر,10992,
2022-04-01,822,69978877,,ايمن احمد مصطفى سلام مصطفى    مكتب شربين,مدينون متنوعون,بنك مصر,12200,
2022-04-01,823,69978878,,احمد نعمان محمد  محمد     مكتب المنصورة 1,مدينون متنوعون,بنك مصر,6581.25,
2022-04-01,824,69978879,,محمد مصطفى رمضان  مصرفات مكتب دمنهور,مدينون متنوعون,بنك مصر,8750,
2022-04-01,825,4442,,محمد مطفى رمضان بدل سفر وانتقال,مدينون متنوعون,بنك العمال 1,2785,
2022-04-01,826,4443,,السيد عبد المجد العماوى,مدينون متنوعون,بنك العمال 1,3960,
2022-04-01,827,4444,,رضا ابو عجيله صميدة مصروفات المكتب + مكافات عن شهر مارس 2022 مكتبى الحامول ومطوبس,مكاتب شئون العضوية,بنك العمال 1,4710,
2022-04-01,828,4445,,مؤسسة روز اليوسف طبع وتورد ايصالات,المخزن500,بنك العمال 1,103087.72,
2022-04-01,829,69978880,,هانى عبد الفتاح محمد عبد المللك محمد مصروفات عمارة النقابة العامة بالمعادى,عمارة المعادى,بنك مصر,2252,
2022-04-01,830,69978881,,سمير السيد أحمد احمد بدل عمل يوم السبت لبعض الموظفين,مكافأت وبدل العمل أيام الاجازات الرسمية,بنك مصر,300,
2022-04-01,831,69978882,,الحسينى حامد محمود شعبان مصروفات المكتب + بدل سفر وانتقال + مكافاة شهر مارس 2022 + مكافاة شهر رمضان مكتب السنبلاوين,مكاتب شئون العضوية,بنك مصر,10656,
2022-04-01,832,69978883,,طارق بدوى محمود   مكتب المنزله,مدينون متنوعون,بنك مصر,6845,
2022-04-01,833,69978884,,عبد الحميد حسن مكتب بورسعيد,مدينون متنوعون,بنك مصر,8870,
2022-04-01,834,69978885,,منصور عبد اللطيف عبد الله مكتب كفر صقر,مدينون متنوعون,بنك مصر,3600,
2022-04-01,835,69978886,,محمد مصطفى رمضان اعانات بمناسبة عيد الفطر 2022 مكتب دمنهور,مدينون متنوعون,بنك مصر,5000,
2022-04-01,836,69978887,,طارق سيد على خلاف على خلاف عهده لحين التسويه لصيانه السيارة هونداى سولارس رقم 569,مدينون متنوعون,بنك مصر,10000,
2022-04-01,837,69978888,,احمد هشام السيد على عهده لحين التسويه للسفر الى شمال الدلتا لتسليم هدايا شهر رمضان 2022,مدينون متنوعون,بنك مصر,4000,
2022-04-01,838,69978889,,صلاح محمد عبد الستار مساهمة لاعضاء الجمعية العمومية بمناسبة شهر مارس 2022 مكتب منيه النصر,مدينون متنوعون,بنك مصر,8000,
2022-04-01,839,69978890,,عبد المحسن ابو اليزيد حسين بدل حضور لجان وتسويات وديه,لجان ثلاثية,بنك مصر,840,
2022-04-01,840,69978891,,فندق هواليداى ان سيتى ستارز استضافة الوفد السورى,نشاط اجتماعى وثقافى,بنك مصر,23010.73,
2022-04-01,841,69978892,,جمعيه الصفا والمروة الخيرة مساهمة من النقابة للجمعية,تعويضات ومساهمات,بنك مصر,2000,
2022-04-01,842,4446,,طارق سيد على خلاف على خلاف مصروفات السيارة بيجو 508,السيارة,بنك العمال 1,2408.9,
2022-04-01,843,4447,,اسماء عبد المنعم فراج فراج     مكتب بنى سويف,مدينون متنوعون,بنك العمال 1,14010.25,
2022-04-01,844,4448,,رضا ابو عجيله صميدة مساهمات,مدينون متنوعون,بنك العمال 1,30000,
2022-04-01,845,69978893,,عاطف آبا زيد مرسى استعاضة المصروفات الادارية,اعانات اجتماعية,,100,
2022-04-01,845,69978893,,عاطف آبا زيد مرسى استعاضة المصروفات الادارية,مصروفات إدارية المقر الرئيسى,,1654,
2022-04-01,845,69978893,,عاطف آبا زيد مرسى استعاضة المصروفات الادارية,تليفون,,600,
2022-04-01,845,69978893,,عاطف آبا زيد مرسى استعاضة المصروفات الادارية,ضيافة وبوفيه,,1050,
2022-04-01,845,69978893,,عاطف آبا زيد مرسى استعاضة المصروفات الادارية,ادوات نظافة ومنظفات,,150,
2022-04-01,845,69978893,,عاطف آبا زيد مرسى استعاضة المصروفات الادارية,انتقالات داخلية,,330,
2022-04-01,845,69978893,,عاطف آبا زيد مرسى استعاضة المصروفات الادارية,مكافأت وبدل العمل أيام الاجازات الرسمية,,870,
2022-04-01,845,69978893,,عاطف آبا زيد مرسى استعاضة المصروفات الادارية,,بنك مصر,4754,
2022-04-01,846,4449,,عماد الدين محمد مبروك عهده لحين التسويه للسفر الى محاظة بنى سويف لتسليم جهاز حاسب الى وطابعة,مدينون متنوعون,بنك العمال 1,1500,
2022-04-01,847,69978894,,سمير السيد أحمد احمد تسويه عهده شراء زيت وسمن بمناسبة شهر رمضان 2022,مناسبات متنوعة,,96800,
2022-04-01,847,69978894,,سمير السيد أحمد احمد تسويه عهده شراء زيت وسمن بمناسبة شهر رمضان 2022,,بنك مصر,11800,
2022-04-01,847,69978894,,سمير السيد أحمد احمد تسويه عهده شراء زيت وسمن بمناسبة شهر رمضان 2022,,مدينون متنوعون,85000,
2022-04-01,848,4450,,حسين ثابت حسن مساهمات لبعض اعضاء الجمعيه العمومية بمكتب اسيوط,مدينون متنوعون,بنك العمال 1,30000,
2022-04-01,849,4501,,كريم ابراهيم عبد الحميد عهده لحين التسويه لتنظيم حفل افطار جماعى لمدة يومان 2022,مدينون متنوعون,بنك العمال 1,25000,
2022-04-01,850,4502,,عبد الناصر بكر احمد مساهمة من النقابة للاتحاد المحلى لعمال اسيوط فى حفل افطار 2022,تعويضات ومساهمات,بنك العمال 1,5000,
2022-04-01,851,4503,,محمود محمد محمد عطيه نشر واعلان جريدة مصر الغد,اعلانات,,5000,
2022-04-01,851,4503,,محمود محمد محمد عطيه نشر واعلان جريدة مصر الغد,,بنك العمال 1,4850,
2022-04-01,851,4503,,محمود محمد محمد عطيه نشر واعلان جريدة مصر الغد,,ضرائب الخصم والاضافة,150,
2022-04-01,852,4504,,سمير السيد أحمد احمد تسويه عهده شراء ياميش رمضان 2022,مدينون متنوعون,بنك العمال 1,10118.75,
2022-04-01,853,69978895,,هشام مصطفى محمد عبد المعطى عبد المعطى عهده لحين التسويه الدفعه الثانية لاعمال صيانه مصيف مرسى مطروح 2022,مدينون متنوعون,بنك مصر,50000,
2022-04-01,854,69978896,,طه رمضان حجازى مصروفات مكتب الجيزة مارس 2022,مكاتب شئون العضوية,بنك مصر,1360,
2022-04-01,855,69978897,,مصطفى محمد شمندى عهده لحين التسويه لشراء كشافات وشفاطات,مدينون متنوعون,بنك مصر,3000,
2022-04-01,856,69978898,,محمد سمير ابو الفتوح مصروفات و مساهمات مكتب العاشر من رمضان من يناير وحتى مارس 2022,مدينون متنوعون,بنك مصر,5674,
2022-04-01,857,69978899,,احمد هشام السيد على عهده لحين التسويه للافطار بمحافظة الاسكندرية مع القيادات النقابية  2022,مدينون متنوعون,بنك مصر,25000,
2022-04-01,858,4505,,جوزيف فؤاد ايوب تسويه عهده السيارة الميكروباص رقم 689 والتى كانت تعمل مع وفد الزائر للاتحاد العام,السيارة,,2835,
2022-04-01,858,4505,,جوزيف فؤاد ايوب تسويه عهده السيارة الميكروباص رقم 689 والتى كانت تعمل مع وفد الزائر للاتحاد العام,,بنك العمال 1,835,
2022-04-01,858,4505,,جوزيف فؤاد ايوب تسويه عهده السيارة الميكروباص رقم 689 والتى كانت تعمل مع وفد الزائر للاتحاد العام,,مدينون متنوعون,2000,
2022-04-01,859,4506,,جوزيف فؤاد ايوب عهده لحين التسويه لتركيب طقم دبرياج واصلاح الرشاشات وعمل صيانه شامله للسيارة الميكروباص رقم 689,مدينون متنوعون,بنك العمال 1,10000,
2022-04-01,860,4507,,جمعيه الاسراء الخيرة مساهمة من النقابة للجمعية,تعويضات ومساهمات,بنك العمال 1,1000,
2022-04-01,861,4508,,عصام ابو بكر حجاج وجبات غذائية افطار لبعض العاملين بالنقابة والعمارة خلال شهر رمضان 2022,مناسبات متنوعة,بنك العمال 1,2775,
2022-04-01,862,69978900,,احمد هشام السيد السيد    تسوية عهدة,مناسبات متنوعة,,5877.75,
2022-04-01,862,69978900,,احمد هشام السيد السيد    تسوية عهدة,,بنك مصر,1877.75,
2022-04-01,862,69978900,,احمد هشام السيد السيد    تسوية عهدة,,مدينون متنوعون,4000,
2022-04-01,863,69978901,,عاطف أبا زيد مرسى     مساهمة,مدينون متنوعون,بنك مصر,25000,
2022-04-01,864,69978902,,طارق سيد على خلاف على خلاف مصروفات السيارة رقم 236 + بدل عمل بعد مواعيد العمل الرسمية,السيارة,بنك مصر,2710,
2022-04-01,865,69978903,,سمير السيد أحمد احمد بدل عمل يوم السبت لبعض الموظفين,مكافأت وبدل العمل أيام الاجازات الرسمية,بنك مصر,250,
2022-04-01,866,69978904,,جابر حنفى محمود بدل حضور لجان ثلاثية الفترة من ديسمبر 2021 وحتى مارس 2022,لجان ثلاثية,بنك مصر,1225,
2022-04-01,867,69978905,,سمير السيد أحمد احمد وجبات غذائية لاعضاء مجلس الادارة لمده يومان,مدينون متنوعون,بنك مصر,32400,
2022-04-01,868,69978906,,هشام مصطفى محمد عبد المعطى محمد عهدة,مدينون متنوعون,بنك مصر,7000,
2022-04-01,869,69978907,,سمير السيد أحمد احمد    عهدة كحك,مدينون متنوعون,بنك مصر,50000,
2022-04-01,870,69978908,,سمير السيد أحمد احمد استكمال عهدة,مدينون متنوعون,بنك مصر,35000,
2022-04-01,871,69978909,,عاطف آبا زيد مرسى استعاضة المصروفات الادارية,اعانات اجتماعية,,100,
2022-04-01,871,69978909,,عاطف آبا زيد مرسى استعاضة المصروفات الادارية,اكراميات ونثريات,,150,
2022-04-01,871,69978909,,عاطف آبا زيد مرسى استعاضة المصروفات الادارية,كهرباء,,1009.25,
2022-04-01,871,69978909,,عاطف آبا زيد مرسى استعاضة المصروفات الادارية,تليفون,,1083.64,
2022-04-01,871,69978909,,عاطف آبا زيد مرسى استعاضة المصروفات الادارية,مياه,,140.32,
2022-04-01,871,69978909,,عاطف آبا زيد مرسى استعاضة المصروفات الادارية,ضيافة وبوفيه,,569.5,
2022-04-01,871,69978909,,عاطف آبا زيد مرسى استعاضة المصروفات الادارية,صيانه,,215,
2022-04-01,871,69978909,,عاطف آبا زيد مرسى استعاضة المصروفات الادارية,مطبوعات وادوات كتابية,,200,
2022-04-01,871,69978909,,عاطف آبا زيد مرسى استعاضة المصروفات الادارية,ادوات نظافة ومنظفات,,350,
2022-04-01,871,69978909,,عاطف آبا زيد مرسى استعاضة المصروفات الادارية,النت,,550,
2022-04-01,871,69978909,,عاطف آبا زيد مرسى استعاضة المصروفات الادارية,,بنك مصر,4367.71,
2022-04-01,872,69978910,,طارق سيد على خلاف على خلاف مصروفات السيارة رقم 236 + بدل عمل بعد مواعيد العمل الرسمية,السيارة,,2744.85,
2022-04-01,872,69978910,,طارق سيد على خلاف على خلاف مصروفات السيارة رقم 236 + بدل عمل بعد مواعيد العمل الرسمية,مرتبات ومكافأة شاملة,,400,
2022-04-01,872,69978910,,طارق سيد على خلاف على خلاف مصروفات السيارة رقم 236 + بدل عمل بعد مواعيد العمل الرسمية,,بنك مصر,3144.85,
2022-04-01,873,69978911,,محمد محمد حسن بدل سفر وانتقالات ووجبات افطار سحور للمرور على مكاتب دسوق والمحمودية وكفر الشيخ وفوة ودمنهور,بدل سفر وانتقال,بنك مصر,5490,
2022-04-01,874,69978912,,كريم ابراهيم عبد الحميد استكمال عهده لحين التسويه نظيم حفل افطار جماعى لمدة يومان 2022,مدينون متنوعون,بنك مصر,15000,
2022-04-01,875,69978913,,شركة المجد للتجارة صيانه ماكينه التصوير,صيانه,,1710,
2022-04-01,875,69978913,,شركة المجد للتجارة صيانه ماكينه التصوير,,بنك مصر,1665,
2022-04-01,875,69978913,,شركة المجد للتجارة صيانه ماكينه التصوير,,ضرائب الخصم والاضافة,45,
2022-04-01,876,4509,,جهاز الخدمات للقوات المسلحة جراج السيارات,السيارة,,4235,
2022-04-01,876,4509,,جهاز الخدمات للقوات المسلحة جراج السيارات,,بنك العمال 1,4107.95,
2022-04-01,876,4509,,جهاز الخدمات للقوات المسلحة جراج السيارات,,ضرائب الخصم والاضافة,127.05,
2022-04-01,877,4510,,محمد رافت عبد القوى,مدينون متنوعون,بنك العمال 1,26450,
2022-04-01,878,4511,,طارق سيد على خلاف على خلاف تسويه عهده السيارة البيجو 508,السيارة,,7897,
2022-04-01,878,4511,,طارق سيد على خلاف على خلاف تسويه عهده السيارة البيجو 508,,بنك العمال 1,2897,
2022-04-01,878,4511,,طارق سيد على خلاف على خلاف تسويه عهده السيارة البيجو 508,,مدينون متنوعون,5000,
2022-04-01,879,4512,,احمد هشام السيد على الطحان مصروفات السيارة هونداى سولارس 569,السيارة,بنك العمال 1,2455,
2022-04-01,880,4513,,ايمن عبد العزيز عبد الله مصروفات الشئون القانونية,مصاريف محاماة,بنك العمال 1,8125,
2022-04-01,881,4514,,حاتم على السيد شريف 50% من قيمه التعاقد معه لاعمال المحاسبة والمراجعة,اتعاب محاسبة,بنك العمال 1,5500,
2022-04-01,882,4515,,سمير السيد أحمد احمد مرتبات + بدلات الاعضاء + منحه عيد الفطر المبارك 2022,بدلات أعضاء مجلس الادارة,,13310,
2022-04-01,882,4515,,سمير السيد أحمد احمد مرتبات + بدلات الاعضاء + منحه عيد الفطر المبارك 2022,حافزاعياد ومناسبات,,69642.56,
2022-04-01,882,4515,,سمير السيد أحمد احمد مرتبات + بدلات الاعضاء + منحه عيد الفطر المبارك 2022,مرتبات ومكافأة شاملة,,292657.32,
2022-04-01,882,4515,,سمير السيد أحمد احمد مرتبات + بدلات الاعضاء + منحه عيد الفطر المبارك 2022,مدينون متنوعون,,111116.86,
2022-04-01,882,4515,,سمير السيد أحمد احمد مرتبات + بدلات الاعضاء + منحه عيد الفطر المبارك 2022,,بنك العمال 1,332977.03,
2022-04-01,882,4515,,سمير السيد أحمد احمد مرتبات + بدلات الاعضاء + منحه عيد الفطر المبارك 2022,,سلف العاملين,34328,
2022-04-01,882,4515,,سمير السيد أحمد احمد مرتبات + بدلات الاعضاء + منحه عيد الفطر المبارك 2022,,تأمين تكافلى,6645.11,
2022-04-01,882,4515,,سمير السيد أحمد احمد مرتبات + بدلات الاعضاء + منحه عيد الفطر المبارك 2022,,ضريبة كسب العمل,16449.92,
2022-04-01,882,4515,,سمير السيد أحمد احمد مرتبات + بدلات الاعضاء + منحه عيد الفطر المبارك 2022,,أقساط النفقة,180,
2022-04-01,882,4515,,سمير السيد أحمد احمد مرتبات + بدلات الاعضاء + منحه عيد الفطر المبارك 2022,,أقساط قروض بنك التنمية لبعض العاملين,20761.47,
2022-04-01,882,4515,,سمير السيد أحمد احمد مرتبات + بدلات الاعضاء + منحه عيد الفطر المبارك 2022,,التأمينات الاجتماعية,67716.61,
2022-04-01,882,4515,,سمير السيد أحمد احمد مرتبات + بدلات الاعضاء + منحه عيد الفطر المبارك 2022,,خصم كورونا,2115.78,
2022-04-01,882,4515,,سمير السيد أحمد احمد مرتبات + بدلات الاعضاء + منحه عيد الفطر المبارك 2022,,خصم جزاءات,1702.78,
2022-04-01,882,4515,,سمير السيد أحمد احمد مرتبات + بدلات الاعضاء + منحه عيد الفطر المبارك 2022,,دمغة,173.21,
2022-04-01,882,4515,,سمير السيد أحمد احمد مرتبات + بدلات الاعضاء + منحه عيد الفطر المبارك 2022,,تامينات عاملين مستقطعه وتسدد لمكاتب تامينات بالمحافظات,3676.83,
2022-04-01,883,69978914,,سمير السيد أحمد احمد بدل عمل يوم السبت لبعض الموظفين,مكافأت وبدل العمل أيام الاجازات الرسمية,بنك مصر,250,
2022-04-01,884,69978915,,عوض عبد العزيز المهدى مصروفات اللجنة الادارية + بدل سفر + مساهمات ببنى عبيد - دكرنس,مدينون متنوعون,بنك مصر,6465,
2022-04-01,885,69978916,,محمد كمال الحمامى     مساهمات,مدينون متنوعون,بنك مصر,37500,
2022-04-01,886,69978917,,احمد هشام السيد على الطحان تسويه عهده حفل افطار القطاع الشمالى بالاسكندرية حفل افطار 2022,مناسبات متنوعة,,31271,
2022-04-01,886,69978917,,احمد هشام السيد على الطحان تسويه عهده حفل افطار القطاع الشمالى بالاسكندرية حفل افطار 2022,,بنك مصر,6271,
2022-04-01,886,69978917,,احمد هشام السيد على الطحان تسويه عهده حفل افطار القطاع الشمالى بالاسكندرية حفل افطار 2022,,مدينون متنوعون,25000,
2022-04-01,887,69978918,,سمير السيد أحمد احمد    بدلات سفر انتقال,مدينون متنوعون,بنك مصر,27650,
2022-04-01,888,69978919,,هشام مصطفى محمد عبد المعطى محمد عبد المعطى تسويه عهده مامورية مرسى مطروح لاعمال الصيانة بالمصيف,مصروفات مصيف مطروح,,9625,
2022-04-01,888,69978919,,هشام مصطفى محمد عبد المعطى محمد عبد المعطى تسويه عهده مامورية مرسى مطروح لاعمال الصيانة بالمصيف,,بنك مصر,2625,
2022-04-01,888,69978919,,هشام مصطفى محمد عبد المعطى محمد عبد المعطى تسويه عهده مامورية مرسى مطروح لاعمال الصيانة بالمصيف,,مدينون متنوعون,7000,
2022-04-01,889,69978920,,ابراهيم عبد الله حسيب سلفة,سلف العاملين,بنك مصر,4000,
2022-04-01,890,69978921,,عبد الناصر بكر احمد مصروفات سيارة وكارتات طرق لتكليفة بمامورية من اسيوط للاسكندرية والعودة,بدل سفر وانتقال,بنك مصر,1357,
2022-04-01,891,69978922,,محمد مصطفى عبد الباقى بدل سفر وانتقال لمكتب بنى سوف شهر ابريل 2022,مرتبات ومكافأة شاملة,بنك مصر,100,
2022-04-01,892,69978923,,اشرف ابراهيم السيد عطيه بدل انتقال شهر ابريل 2022,مرتبات ومكافأة شاملة,,1200,
2022-04-01,892,69978923,,اشرف ابراهيم السيد عطيه بدل انتقال شهر ابريل 2022,,بنك مصر,1080,
2022-04-01,892,69978923,,اشرف ابراهيم السيد عطيه بدل انتقال شهر ابريل 2022,,ضريبة كسب العمل,120,
2022-04-01,893,69978924,,ابراهيم عبد الله حسيب بدل انتقال شهر ابريل 2022,مرتبات ومكافأة شاملة,,1965,
2022-04-01,893,69978924,,ابراهيم عبد الله حسيب بدل انتقال شهر ابريل 2022,,بنك مصر,1770,
2022-04-01,893,69978924,,ابراهيم عبد الله حسيب بدل انتقال شهر ابريل 2022,,ضريبة كسب العمل,195,
2022-04-01,894,69978925,,ايمن عبد العزيز عبد الله بدل انتقال شهر ابريل 2022,مرتبات ومكافأة شاملة,,2445,
2022-04-01,894,69978925,,ايمن عبد العزيز عبد الله بدل انتقال شهر ابريل 2022,,بنك مصر,2250,
2022-04-01,894,69978925,,ايمن عبد العزيز عبد الله بدل انتقال شهر ابريل 2022,,ضريبة كسب العمل,195,
2022-04-01,895,69978926,,محمد كرم عباس بدل انتقال شهر ابريل 2022,مرتبات ومكافأة شاملة,,1965,
2022-04-01,895,69978926,,محمد كرم عباس بدل انتقال شهر ابريل 2022,,بنك مصر,1770,
2022-04-01,895,69978926,,محمد كرم عباس بدل انتقال شهر ابريل 2022,,ضريبة كسب العمل,195,
2022-04-01,896,69978927,,محمد داود حسين بدل انتقال شهر ابريل 2022,مرتبات ومكافأة شاملة,,900,
2022-04-01,896,69978927,,محمد داود حسين بدل انتقال شهر ابريل 2022,,بنك مصر,810,
2022-04-01,896,69978927,,محمد داود حسين بدل انتقال شهر ابريل 2022,,ضريبة كسب العمل,90,
2022-04-01,897,69978928,,عبد العليم محمد ابو الوفا بدل انتقال شهر ابريل 2022,مرتبات ومكافأة شاملة,,900,
2022-04-01,897,69978928,,عبد العليم محمد ابو الوفا بدل انتقال شهر ابريل 2022,,بنك مصر,810,
2022-04-01,897,69978928,,عبد العليم محمد ابو الوفا بدل انتقال شهر ابريل 2022,,ضريبة كسب العمل,90,
2022-04-01,898,69978929,,صالح محمد نسيم مكتب العاشر بدل انتقال شهر ابريل 2022,مرتبات ومكافأة شاملة,,1000,
2022-04-01,898,69978929,,صالح محمد نسيم مكتب العاشر بدل انتقال شهر ابريل 2022,,بنك مصر,900,
2022-04-01,898,69978929,,صالح محمد نسيم مكتب العاشر بدل انتقال شهر ابريل 2022,,ضريبة كسب العمل,100,
2022-04-01,899,69978930,,محمد بهاء الدين محمد بدل انتقال شهر ابريل 2022,مرتبات ومكافأة شاملة,,1200,
2022-04-01,899,69978930,,محمد بهاء الدين محمد بدل انتقال شهر ابريل 2022,,بنك مصر,1080,
2022-04-01,899,69978930,,محمد بهاء الدين محمد بدل انتقال شهر ابريل 2022,,ضريبة كسب العمل,120,
2022-04-01,900,69978931,,محمد حسنى محمد تونى بدل انتقال شهر ابريل 2022,مرتبات ومكافأة شاملة,بنك مصر,1080,
2022-04-01,901,69978932,,عزت عبد الوهاب احمد بدل انتقال شهر ابريل 2022,مرتبات ومكافأة شاملة,,3450,
2022-04-01,901,69978932,,عزت عبد الوهاب احمد بدل انتقال شهر ابريل 2022,,بنك مصر,3277,
2022-04-01,901,69978932,,عزت عبد الوهاب احمد بدل انتقال شهر ابريل 2022,,ضريبة كسب العمل,173,
2022-04-01,902,69978933,,محمد درديرى محمد بدل انتقال شهر ابريل 2022,جهاز مشروعات أسيوط,بنك مصر,1500,
2022-04-01,903,69978934,,هانى محمد عبد اللاه اعانه اجتماعية شهر ابريل 2022 القاهرة,اعانات اجتماعية,بنك مصر,200,
2022-04-01,904,69978935,,كريم ابراهيم عبد الحميد تسويه عهده حفل افطار جماعى لمجمع اللجان بالقاهرة رمضان 2022,مناسبات متنوعة,,46162,
2022-04-01,904,69978935,,كريم ابراهيم عبد الحميد تسويه عهده حفل افطار جماعى لمجمع اللجان بالقاهرة رمضان 2022,مدينون متنوعون,,300,
2022-04-01,904,69978935,,كريم ابراهيم عبد الحميد تسويه عهده حفل افطار جماعى لمجمع اللجان بالقاهرة رمضان 2022,,بنك مصر,6462,
2022-04-01,904,69978935,,كريم ابراهيم عبد الحميد تسويه عهده حفل افطار جماعى لمجمع اللجان بالقاهرة رمضان 2022,,مدينون متنوعون,40000,
2022-04-01,905,69978936,,هانم فؤاد حنفى احمد اعانة اجتماعية شهر ابريل 2022 القاهرة,اعانات اجتماعية,بنك مصر,400,
2022-04-01,906,69978937,,نعناعة عبد الرحمن احمد خلف اعانة اجتماعية شهر ابريل 2022 القاهرة,اعانات اجتماعية,بنك مصر,450,
2022-04-01,907,69978938,,تحيه محمد يحى خليل اعانة اجتماعية شهر ابريل 2022 القاهرة,اعانات اجتماعية,بنك مصر,450,
2022-04-01,908,69978939,,سيده زكى محمد ابراهيم اعانة اجتماعية شهر ابريل 2022 قوص,اعانات اجتماعية,بنك مصر,200,
2022-04-01,909,69978940,,سعديه احمد محمد اعانة اجتماعية شهر ابريل 2022 فليوب,اعانات اجتماعية,بنك مصر,50,
2022-04-01,910,69978941,,ماجدة عبد الله عبد اللطيف اعانة اجتماعية شهر ابريل 2022 القاهرة,اعانات اجتماعية,بنك مصر,200,
2022-04-01,911,69978942,,نعيمة مصطفى محمد على اعانة اجتماعية شهر ابريل 2022 القاهرة,اعانات اجتماعية,بنك مصر,150,
2022-04-01,912,69978943,,سحر رمضان عبد المجيد عبد الوهاب اعانة اجتماعية شهر ابريل 2022 شبين الكوم,اعانات اجتماعية,بنك مصر,350,
2022-04-01,913,69978944,,فاطمة ابراهيم السيد على اعانة ابريل 2022 الاسماعيلية,اعانات اجتماعية,بنك مصر,50,
2022-04-01,914,69978945,,كريمة احمد عبد الفتاح احمد اعانه ابريل 2022 طنطا,اعانات اجتماعية,بنك مصر,100,
2022-04-01,915,69978946,,رمضان اسماعيل احمد اعانه ابريل 2022 بنى سويف,اعانات اجتماعية,بنك مصر,75,
2022-04-01,916,69978947,,بشرى عيسى عبد الحميد اعانه ابريل 2022 زفتى,اعانات اجتماعية,بنك مصر,75,
2022-04-01,917,69978948,,فاطمة حمود بكرى محمد اعانة ابريل 2022 فرشوط,اعانات اجتماعية,بنك مصر,150,
2022-04-01,918,69978950,,فاطمة حنفى على مطاوع اعانة ابريل 2022 القاهرة,اعانات اجتماعية,بنك مصر,350,
2022-04-01,919,69978951,,رجاء عبد الفتاح محمد اعانة ابريل 2022 الفيوم,اعانات اجتماعية,بنك مصر,450,
2022-04-01,920,69978952,,حامد مصيلحى احمد اعانة ابريل 2022 منوف,اعانات اجتماعية,بنك مصر,100,
2022-04-01,921,69978953,,رحمه عبد الرحيم عبد العال اعانة ابريل 2022 القاهرة,اعانات اجتماعية,بنك مصر,450,
2022-04-01,922,69978954,,احمد خميس عبد العال اعانة ابريل 2022 اسيوط,اعانات اجتماعية,بنك مصر,100,
2022-04-01,923,69978955,,خميس احمد حسين اعانه ابريل 2022 اسيوط,اعانات اجتماعية,بنك مصر,100,
2022-04-01,924,69978956,,امال محمد سليمان عبد الخالق اعانه ابريل 2022 اشمون,اعانات اجتماعية,بنك مصر,100,
2022-04-01,925,69978957,,انور رجب مختار عمر اعانه ابريل 2022 اشمون,اعانات اجتماعية,بنك مصر,75,
2022-04-01,926,69978958,,محمد كمال محمود حسين اعانة ابريل 2022 اشمون,اعانات اجتماعية,بنك مصر,75,
2022-04-01,927,69978959,,انتصار مصطفى احمد اعانه ابريل 2022 القاهرة,اعانات اجتماعية,بنك مصر,250,
2022-04-01,928,69978960,,حمدى عبد الرحمن صادق اعانه ابريل 2022 السادس من اكتوبر,اعانات اجتماعية,بنك مصر,150,
2022-04-01,929,69978961,,محمود محمد احمد محمود اعانة ابريل 2022 منيه النصر,اعانات اجتماعية,بنك مصر,150,
2022-04-01,930,69978962,,شحات سلطان حسن اعانة ابريل 2022 شبرا الخيمة,اعانات اجتماعية,بنك مصر,100,
2022-04-01,931,69978963,,عادل محمد الطاهر اعانه ابريل 2022 شبرا الخيمة,اعانات اجتماعية,بنك مصر,75,
2022-04-01,932,69978964,,عبد الصبور عبد العال حسين اعانة ابريل 2022 سوهاج,اعانات اجتماعية,بنك مصر,300,
2022-04-01,933,69978966,,السيد فرغلى السيد اعانة ابريل 2022 سوهاج,اعانات اجتماعية,بنك مصر,300,
2022-04-01,934,4516,,مجلة العمل نشر واعلان,اعلانات,بنك العمال 1,6000,
2022-04-01,935,69978967,,عبد الناصر بكر احمد بدل سفر وانتقال من اسيوط للقاهرة والعودة,بدل سفر وانتقال,بنك مصر,4400,
2022-04-01,936,4517,,احمد محمد مصطفى مكافاه عيد الفطر لمشرف مكاتب شئون العضوية بالفيوم,مكاتب شئون العضوية,بنك العمال 1,4800,
2022-04-01,937,4518,,حسين ثابت احمد   مصروفات مكتب أسيوط,السيارة,بنك العمال 1,37500,
2022-04-01,938,69978969,,طارق سيد على خلاف على خلاف تسويه عهده السيارة هونداى سولارس رقم 569,السيارة,,11597.27,
2022-04-01,938,69978969,,طارق سيد على خلاف على خلاف تسويه عهده السيارة هونداى سولارس رقم 569,,بنك مصر,1508,
2022-04-01,938,69978969,,طارق سيد على خلاف على خلاف تسويه عهده السيارة هونداى سولارس رقم 569,,مدينون متنوعون,10000,
2022-04-01,938,69978969,,طارق سيد على خلاف على خلاف تسويه عهده السيارة هونداى سولارس رقم 569,,ضرائب الخصم والاضافة,89.27,
2022-04-01,939,69978970,,طارق سيد على خلاف على خلاف بنزين ومصروفات طريق,السيارة,بنك مصر,3420,
2022-04-01,940,69978971,,جوزيف فؤاد ايوب تسويه عهده السيارة الميكروباص رقم 689,السيارة,,12806,
2022-04-01,940,69978971,,جوزيف فؤاد ايوب تسويه عهده السيارة الميكروباص رقم 689,,بنك مصر,2641,
2022-04-01,940,69978971,,جوزيف فؤاد ايوب تسويه عهده السيارة الميكروباص رقم 689,,مدينون متنوعون,10000,
2022-04-01,940,69978971,,جوزيف فؤاد ايوب تسويه عهده السيارة الميكروباص رقم 689,,ضرائب الخصم والاضافة,165,
2022-04-01,941,69978972,,جيهان موسى محمد الشجاعى محمد السجاعى احمد مصروفات المكتب + مساهمة بمناسبة عيد الفطر + بدل سفر وانتقال + مكافاه عيد الفطر منيا القمح,مدينون متنوعون,بنك مصر,18857,
2022-04-01,942,69978973,,مسعد صالح محمد     مصروفات مكتب المنصورة 2,مكاتب شئون العضوية,بنك مصر,11910,
2022-04-01,943,69978974,,منصور عبد اللطيف عبد الله     مكتب كفر صقر,مكاتب شئون العضوية,,1000,
2022-04-01,943,69978974,,منصور عبد اللطيف عبد الله     مكتب كفر صقر,مدينون متنوعون,,1850,
2022-04-01,943,69978974,,منصور عبد اللطيف عبد الله     مكتب كفر صقر,,بنك مصر,2850,
2022-04-01,944,69978976,,صلاح محمد عبد الستار مصروفات المكتب + اعانات شهر بريل 2022 + مكافاه شهر ابريل مكتب منيه النصر,مكاتب شئون العضوية,بنك مصر,5150,
2022-04-01,945,4519,,اتحاد نقابات عمال مصر    من تحت حساب الاشركات,الاتحاد العام,بنك العمال 1,100000,
2022-04-01,946,69978977,,عبد الحميد حسن عبد العزيز الخولى مصروفات الايجار مكتب بورسعيد,مكاتب شئون العضوية,بنك مصر,6000,
2022-04-01,947,69978978,,محمد محمد حسن مصروفات مجمع الاسكندرية مارس 2022,بدل سفر وانتقال,بنك مصر,594.55,
2022-04-01,948,69978979,,عصام ابو بكر حجاج وجبات غذائية افطار لبعض العاملين بالنقابة والعمارة خلال شهر رمضان 2022,مناسبات متنوعة,بنك مصر,1375,
2022-04-01,949,69978980,,جوزيف فؤاد ايوب مساهمة لعمل نظارة,علاج ومستلزمات طبية,بنك مصر,300,
2022-04-01,950,69978981,,سمير السيد أحمد احمد عهده تحت التسويه لانعقاد اجتماع مجلس ادارة النقابة العامة ابريل 2022,مدينون متنوعون,بنك مصر,20000,
2022-04-01,951,69978982,,سمير السيد أحمد احمد عهده تحت التسويه لانعقاد اجتماع مجلس ادارة النقابة العامة ابريل 2022,مدينون متنوعون,بنك مصر,16000,
2022-04-01,952,69978983,,عدلى احمد عبد العال مصروفات مكتبى نجع حمادى وقنا عن شهر ابريل 2022,مكاتب شئون العضوية,بنك مصر,5650,
2022-04-01,953,69978984,,حسين ثابت احمد   مصروفات مكتب أسيوط,مدينون متنوعون,بنك مصر,10450,
2022-04-01,954,69978985,,ايمن احمد مصطفى سلام مصطفى  مصروفات شربين,مكاتب شئون العضوية,بنك مصر,8518,
2022-04-01,955,69978986,,محمود حسين حسن    مكتب السويس,مكاتب شئون العضوية,بنك مصر,3200,
2022-04-01,956,69978987,,علاء عبد الحميد   مكتب قليوب,مكاتب شئون العضوية,بنك مصر,5051,
2022-04-01,957,69978988,,ماضى تمام عبد العزيز     فرشوط,مكاتب شئون العضوية,,2000,
2022-04-01,957,69978988,,ماضى تمام عبد العزيز     فرشوط,مدينون متنوعون,,3590,
2022-04-01,957,69978988,,ماضى تمام عبد العزيز     فرشوط,,بنك مصر,5590,
2022-04-01,958,69978989,,حسنين إبراهيم حسنين     مكافأه,مرتبات ومكافأة شاملة,بنك مصر,2200,
2022-04-01,959,69978990,,رضا ابوعجيله    مطوبس,مكاتب شئون العضوية,بنك مصر,4715,
2022-04-01,960,69978991,,دار ايام الاسبوع نشر واعلان تهنئة عيد العمال,اعلانات,,3000,
2022-04-01,960,69978991,,دار ايام الاسبوع نشر واعلان تهنئة عيد العمال,,بنك مصر,2910,
2022-04-01,960,69978991,,دار ايام الاسبوع نشر واعلان تهنئة عيد العمال,,ضرائب الخصم والاضافة,90,
2022-04-01,961,69978992,,محمد مصطفى حافظ شراء كاوتش للسيارة الميكروباص رقم 689,السيارة,بنك مصر,11286,
2022-04-01,962,69978993,,اسامة على محمود بدل عمل بعد مواعيد العمل الرسمية,مكافأت وبدل العمل أيام الاجازات الرسمية,بنك مصر,630,
2022-04-01,963,69978994,,محمود محمد محمود بخاطره بدل سفر وانتقال من الشرقية للقاهرة والعودة,بدل سفر وانتقال,بنك مصر,700,
2022-04-01,964,69978995,,احمد محمد مصطفى مصروفات مكاتب شئون العضوية بالفيوم,مكاتب شئون العضوية,بنك مصر,16155,
2022-04-01,965,69978996,,اسماء عبد المنعم فراج    مكتب المنيا,مدينون متنوعون,بنك مصر,37500,
2022-04-01,966,69978997,,طارق سيد على خلاف على,مدينون متنوعون,بنك مصر,7000,
2022-04-01,967,69978998,,دعاء حسين رمضان رمضان   مكتب بنى سويف,مدينون متنوعون,بنك مصر,13717,
2022-04-01,968,69978999,,محمود ابراهيم محمد زهران زهران   زفتى,مكاتب شئون العضوية,,2665,
2022-04-01,968,69978999,,محمود ابراهيم محمد زهران زهران   زفتى,مدينون متنوعون,,4000,
2022-04-01,968,69978999,,محمود ابراهيم محمد زهران زهران   زفتى,,بنك مصر,6665,
2022-04-01,969,69979000,,محمد مصطفى رمضان    دمنهور,مكاتب شئون العضوية,,2025,
2022-04-01,969,69979000,,محمد مصطفى رمضان    دمنهور,مدينون متنوعون,,4200,
2022-04-01,969,69979000,,محمد مصطفى رمضان    دمنهور,,بنك مصر,6225,
2022-04-01,970,69979001,,نجوى ابراهيم عبده على مصروفات + بدل انتقال مكتب دسوق,مكاتب شئون العضوية,بنك مصر,3571,
2022-04-01,971,69979002,,الحسينى حامد محمود شعبان مصروفات المكتب  + مكافاة شهر ابريل 2022 + مكافاة عيد الفطر  مكتب السنبلاوين,مكاتب شئون العضوية,بنك مصر,8595,
2022-04-01,972,69979003,,عوض عبد العزيز المهدى مصروفات اللجنة الادارية + بدل سفر + مساهمات ببنى عبيد - دكرنس,مدينون متنوعون,بنك مصر,30000,
2022-04-01,973,69979004,,عاطف آبا زيد مرسى استعاضة المصروفات الادارية,مصروفات إدارية المقر الرئيسى,بنك مصر,5429.7,
2022-04-01,974,69979005,,حنان عاطف محمود طاهر استعاضة الادوية,علاج ومستلزمات طبية,بنك مصر,3591.5,
2022-04-01,975,69979006,,جمعيه الامل فى الحياة الخيرية مساهمة,تعويضات ومساهمات,بنك مصر,2000,
2022-04-01,976,69979007,,رضا ابوعجيله    مساهمات,مدينون متنوعون,بنك مصر,37500,
2022-04-01,977,69979008,,طارق سيد على خلاف على    مصروفات سيارة,السيارة,بنك مصر,1958,
2022-04-01,978,69979009,,سمير السيد أحمد احمد تسويه عهده اجتماع مجلس ادارة النقابة العامة,مصاريف اجتماعات,,24251.25,
2022-04-01,978,69979009,,سمير السيد أحمد احمد تسويه عهده اجتماع مجلس ادارة النقابة العامة,,بنك مصر,4251.25,
2022-04-01,978,69979009,,سمير السيد أحمد احمد تسويه عهده اجتماع مجلس ادارة النقابة العامة,,مدينون متنوعون,20000,
2022-04-01,979,69979010,,سمير السيد أحمد احمد تسويه عهده الكعك والبيتفور,مناسبات متنوعة,,108525.62,
2022-04-01,979,69979010,,سمير السيد أحمد احمد تسويه عهده الكعك والبيتفور,,بنك مصر,23525.62,
2022-04-01,979,69979010,,سمير السيد أحمد احمد تسويه عهده الكعك والبيتفور,,مدينون متنوعون,85000,
2022-04-01,980,69979011,,عبد الحميد حسن مصروفات مكتب بورسعيد,مكاتب شئون العضوية,بنك مصر,3750,
2022-04-01,981,4520,,المؤسسة الثقافية العمالية      ايجار قاعة لانعقاد الجمعية العمومية,مصاريف اجتماعات,بنك العمال 1,3000,
2022-04-01,982,4521,,شركة البسفور للاستيراد والتصدير شراء عدد 47 شاشه لمصيف مطروح,اثاث وأجهزة,,111860,
2022-04-01,982,4521,,شركة البسفور للاستيراد والتصدير شراء عدد 47 شاشه لمصيف مطروح,,بنك العمال 1,110741.4,
2022-04-01,982,4521,,شركة البسفور للاستيراد والتصدير شراء عدد 47 شاشه لمصيف مطروح,,ضرائب الخصم والاضافة,1118.6,
2022-04-01,983,4522,,جريدة الاهالى نشر واعلان تهنئة عيد العمال,اعلانات,,3420,
2022-04-01,983,4522,,جريدة الاهالى نشر واعلان تهنئة عيد العمال,,بنك العمال 1,3330,
2022-04-01,983,4522,,جريدة الاهالى نشر واعلان تهنئة عيد العمال,,ضرائب الخصم والاضافة,90,
2022-04-01,984,4523,,عصام ابو بكر حجاج وجبات غذائية افطار لبعض العاملين بالنقابة والعمارة خلال شهر رمضان 2022,مناسبات متنوعة,بنك العمال 1,1175,
2022-04-01,985,,,تحويل فائدة على الحساب,المؤسسة الثقافية,بنك العمال 1,8880,
2022-04-01,986,,,عموله فائدة,المؤسسة الثقافية,بنك العمال 1,1998,
2022-04-01,987,,,سداد التأمينات الاجتماعية,التأمينات الاجتماعية,بنك العمال 1,82485,
2022-04-01,988,,,تسوية عهدة احمد هشام السيد إيداع 46.86,بنك مصر,,46.86,
2022-04-01,988,,,تسوية عهدة احمد هشام السيد إيداع 46.86,نشاط اجتماعى وثقافى,,15207.14,
2022-04-01,988,,,تسوية عهدة احمد هشام السيد إيداع 46.86,,مدينون متنوعون,15000,
2022-04-01,988,,,تسوية عهدة احمد هشام السيد إيداع 46.86,,ضرائب الخصم والاضافة,254,
2022-04-01,989,,,تامينات +وثيقة تأمين تكافلى     خالد عبد العزيز,بنك مصر,,1450,
2022-04-01,989,,,تامينات +وثيقة تأمين تكافلى     خالد عبد العزيز,,تأمين تكافلى,150,
2022-04-01,989,,,تامينات +وثيقة تأمين تكافلى     خالد عبد العزيز,,التأمينات الاجتماعية,1300,
2022-04-01,990,,,أقساط قروض العاملين بركز التدريب,بنك مصر,أقساط قروض بنك التنمية لبعض العاملين,4008,
2022-04-01,991,,,عماد الدين محمد مبروك تسويه عهدة للسفر الى محاظة بنى سويف لتسليم جهاز حاسب الى وطابعة,بدل سفر وانتقال,مدينون متنوعون,1500,
2022-04-01,992,,,مسعد صالح محمد    قسط سلفة,بنك مصر,سلف العاملين,3750,
2022-04-01,993,,,مسعد صالح محمد    قسط سلفة,بنك مصر,سلف العاملين,1250,
2022-04-01,994,,,مصروفات بنكية كشف حساب بنك مصر,بنكية,بنك مصر,50,
2022-04-01,995,,,اللجنه النقابية بشركة المقاولون العرب - القاهره,بنك العمال 1,إيرادات من الجان الشركات والهيئات,149219,
2022-04-01,996,,,اللجنه النقابية بشركة مصر لاعمال الاسمنت المسلح,بنك العمال 1,إيرادات من الجان الشركات والهيئات,7500,
2022-04-01,997,,,اللجنه النقابية بشركة المقاولات المصريه - مختار ابراهيم,بنك العمال 1,إيرادات من الجان الشركات والهيئات,5000,
2022-04-01,998,,,اللجنه النقابية بشركة النيل العامه للانشاء والرصف,بنك مصر,إيرادات من الجان الشركات والهيئات,4694,
2022-04-01,999,,,اللجنه النقابية بجهاز تنظيم النقل البرى,بنك مصر,إيرادات من الجان الشركات والهيئات,77,
2022-04-01,1000,,,اللجنه النقابية بشركة المعادى للتنمية والتعمير,بنك العمال 1,إيرادات من الجان الشركات والهيئات,1755,
2022-04-02,1001,,,اللجنه النقابية بشركة طرق وكبارى القليوبية,بنك مصر,إيرادات من الجان الشركات والهيئات,16,
2022-04-03,1002,,,اللجنه النقابية بشركة طرق وكبارى القليوبية,بنك مصر,إيرادات من الجان الشركات والهيئات,180,
2022-04-04,1003,,,اللجنه النقابية بشركة طرق ونقل طنطا - الغربية,بنك مصر,إيرادات من الجان الشركات والهيئات,534.9,
2022-04-05,1004,,,اللجنه النقابية بشركة طرق ونقل كفر الشيخ,بنك مصر,إيرادات من الجان الشركات والهيئات,497,
2022-04-06,1005,,,اللجنه النقابية بشركة طرق ونقل كفر الشيخ,بنك مصر,إيرادات من الجان الشركات والهيئات,598,
2022-04-07,1006,,,اللجنه النقابية بشركة طرق ونقل دمنهور - بحيرة,بنك مصر,إيرادات من الجان الشركات والهيئات,801,
2022-04-08,1007,,,اللجنه النقابية بشركة طرق ونقل دمنهور - بحيرة,بنك مصر,إيرادات من الجان الشركات والهيئات,744,
2022-04-09,1008,,,اللجنه النقابية بشركةالاسكندرية للحراريات - اسكندرية,بنك العمال 1,إيرادات من الجان الشركات والهيئات,386.1,
2022-04-10,1009,,,اللجنه النقابية بشركة المعمورة للاسكان والتعمير,بنك العمال 1,إيرادات من الجان الشركات والهيئات,2352.6,
2022-04-11,1010,,,اللجنه النقابية بشركة المتحده  للاسكان والتعمير,بنك العمال 1,إيرادات من الجان الشركات والهيئات,256.5,
2022-04-12,1011,,,اللجنه النقابية  الهيئة العامة للطرق والكبارى - شرق الدلتا - الزقازيق- الشرقية,بنك مصر,إيرادات من الجان الشركات والهيئات,52,
2022-04-13,1012,,,اللجنه النقابية  الهيئة العامة للطرق والكبارى - شرق الدلتا - الزقازيق- الشرقية,بنك مصر,إيرادات من الجان الشركات والهيئات,563,
2022-04-14,1013,,,اللجنه النقابية  الهيئة العامة للطرق والكبارى - شرق الدلتا - الزقازيق- الشرقية,بنك مصر,إيرادات من الجان الشركات والهيئات,436,
2022-04-15,1014,,,اللجنه النقابية  الهيئة العامة للطرق والكبارى - شرق الدلتا - الزقازيق- الشرقية,بنك مصر,إيرادات من الجان الشركات والهيئات,38,
2022-04-16,1015,,,اللجنه النقابية بشركةطرق ونقل الشرقيه,بنك مصر,إيرادات من الجان الشركات والهيئات,2637,
2022-04-17,1016,,,اللجنه النقابية بشركةطرق ونقل الشرقيه,بنك مصر,إيرادات من الجان الشركات والهيئات,27,
2022-04-18,1017,,,اللجنه النقابية بشركةطرق ونقل المنوفية,بنك مصر,إيرادات من الجان الشركات والهيئات,373.8,
2022-04-19,1018,,,اللجنه النقابية منطقة القنال وسيناء بالاسماعيلية,بنك مصر,إيرادات من الجان الشركات والهيئات,698.1,
2022-04-20,1019,,,اللجنه النقابية بشركة طرق وكبارى قنا,بنك مصر,إيرادات من الجان الشركات والهيئات,827.7,
2022-04-21,1020,,,اللجنه النقابية بشركة العربية للخزف - اراسمكو,بنك العمال 1,إيرادات من الجان الشركات والهيئات,9544.5,
2022-04-22,1021,,,اللجنه النقابية بشركة طرق ونقل الخارجة الوادى الجديد,بنك مصر,إيرادات من الجان الشركات والهيئات,48.3,
2022-04-23,1022,,,اللجنه النقابية بشركة بمديرية طرق ونقل السويس,بنك مصر,إيرادات من الجان الشركات والهيئات,355.2,
2022-04-24,1023,,,اللجنه النقابية بشركة بمديرية طرق ونقل الجيزة,بنك مصر,إيرادات من الجان الشركات والهيئات,698.1,
2022-04-25,1024,,,اللجنه النقابية بشركة بمديرية طرق ونقل الجيزة,بنك مصر,إيرادات من الجان الشركات والهيئات,144.64,
2022-04-27,1025,,,اللجنة النقابية بشركة لافارج اسمنت مصر,بنك مصر,إيرادات من الجان الشركات والهيئات,756,
2022-04-28,1026,,,اللجنة النقابية بطرق وكبارى سيناء,بنك مصر,إيرادات من الجان الشركات والهيئات,134.7,
2022-04-29,1027,,,اللجنة النقابية شركة لافارج  __ redy mix,بنك مصر,إيرادات من الجان الشركات والهيئات,3564,
2022-04-30,1028,,,شركة السويس للاكياس,بنك العمال 1,إيرادات من الجان الشركات والهيئات,540,
2022-04-30,1029,,,اللجنة المهنية بالإسكندرية,بنك العمال 1,إيرادات من اللجان المهنية,15000,
2022-04-30,1030,,,اللجنة المهنية بالزقازيق,بنك العمال 1,إيرادات من اللجان المهنية,10000,
2022-04-30,1031,,,اللجنة المهنية بالزقازيق,بنك العمال 1,إيرادات من اللجان المهنية,6950,
2022-04-30,1032,,,إيداع نقدى عصام ابوبكر   مكتب شئون عضوية القاهرة,بنك العمال 1,إيرادات مكاتب شئون العضوية,8560,
2022-04-30,1033,,,إيداع نقدى سمير السيد أحمد     مكتب شئون العضوية دمنهور,بنك العمال 1,إيرادات مكاتب شئون العضوية,2760,
2022-04-30,1034,,,إيداع نقدى مصطفى ثابت حسن   مكتب شئون عضوية أسيوط,بنك العمال 1,إيرادات مكاتب شئون العضوية,10000,
2022-04-30,1035,,,إيداع نقدى مصطفى ثابت حسن   مكتب شئون عضوية أسيوط,بنك العمال 1,إيرادات مكاتب شئون العضوية,7000,
2022-04-01,1036,,,اللجنة المهنية- بسوهاج  حصة ضمن الشيك رقم 68795108 بمبلغ 39291,بنك العمال 1,إيرادات من اللجان المهنية,20206.8,
2022-04-01,1037,,,اللجنة المهنية- بسوهاج دعم  ضمن الشيك رقم 68795108 بمبلغ 39291,بنك العمال 1,الإيرادات من دعم التثقيف,5613,
2022-04-01,1038,,,اللجنة المهنية- بسوهاج  ح .مطبوعات  ضمن الشيك رقم 68795108 بمبلغ 39291,بنك العمال 1,الإيرادات من المطبوعات,6735.6,
2022-04-01,1039,,,اللجنة المهنية- بسوهاج   حصة الاتحد  ضمن الشيك رقم 68795108 بمبلغ 39291,بنك العمال 1,الاتحاد العام,6735.6,
2022-04-01,1040,,,مكتب شئون عضوية بالسويس,بنك مصر,إيرادات مكاتب شئون العضوية,2000,
2022-04-01,1041,,,مكتب شئون عضوية بالمنيا,بنك مصر,إيرادات مكاتب شئون العضوية,6450,
2022-04-01,1042,,,مكتب شئون عضوية بزفتى,بنك مصر,إيرادات مكاتب شئون العضوية,4000,
2022-04-01,1043,,,مكتب شئون عضوية بكفر صقر,بنك مصر,إيرادات مكاتب شئون العضوية,3000,
2022-04-01,1044,,,مكتب شئون عضوية بكفر الشيخ,بنك مصر,إيرادات مكاتب شئون العضوية,280,
2022-04-01,1045,,,مكتب شئون عضوية بالمنزلة,بنك مصر,إيرادات مكاتب شئون العضوية,800,
2022-04-01,1046,,,مكتب شئون عضوية بالمنصورة ( ب ),بنك مصر,إيرادات مكاتب شئون العضوية,25000,
2022-04-01,1047,,,مكتب شئون عضوية السادس من اكتوبر,بنك مصر,إيرادات مكاتب شئون العضوية,1880,
2022-04-01,1048,,,مكتب شئون عضوية بورسعيد,بنك مصر,إيرادات مكاتب شئون العضوية,4378,
2022-04-01,1049,,,مكتب شئون عضوية بشربين,بنك مصر,إيرادات مكاتب شئون العضوية,12000,
2022-04-01,1050,,,مكتب شئون عضوية السنبلاوين,بنك مصر,إيرادات مكاتب شئون العضوية,8040,
2022-04-01,1051,,,مكتب شئون عضوية الاسماعيلية,بنك مصر,إيرادات مكاتب شئون العضوية,8120,
2022-04-01,1052,,,مكتب شئون عضوية - دسوق,بنك مصر,إيرادات مكاتب شئون العضوية,4240,
2022-04-01,1053,,,مكتب شئون عضوية دمنهور,بنك مصر,إيرادات مكاتب شئون العضوية,1494,
2022-04-02,1054,,,مكتب شئون عضوية دمنهور,بنك مصر,إيرادات مكاتب شئون العضوية,990,
2022-04-03,1055,,,مكتب شئون عضوية دمنهور,بنك مصر,إيرادات مكاتب شئون العضوية,4356,
2022-04-01,1056,,,مكتب شئون عضوية طامية,بنك مصر,إيرادات مكاتب شئون العضوية,16500,
2022-04-01,1057,,,مكاتب شئون عضوية الحامول,بنك مصر,إيرادات مكاتب شئون العضوية,4320,
2022-04-01,1058,,,اللجنة الادارية بمنية النصر,بنك مصر,إيرادات مكاتب شئون العضوية,20000,
2022-04-01,1059,,,اللجنة الادارية بنى عبيد,بنك مصر,إيرادات مكاتب شئون العضوية,4000,
2022-04-01,1060,,,اللجنة المهنية با بوكبير حصة النقابة,بنك العمال 1,إيرادات من اللجان المهنية,2700,
2022-04-01,1061,,,اللجنة المهنية با بوكبير حصة الدعم,بنك العمال 1,الإيرادات من دعم التثقيف,750,
2022-04-01,1062,,,اللجنة المهنية با بوكبير حصة المطبوعات,بنك العمال 1,الإيرادات من المطبوعات,900,
2022-04-01,1063,,,اللجنة المهنية با بوكبير حصة الاتحاد العام,بنك العمال 1,الاتحاد العام,900,
2022-04-02,1064,,,اللجنة المهنية بفاقوس,بنك العمال 1,إيرادات من اللجان المهنية,2670,
2022-04-03,1065,,,اللجنة المهنية بفاقوس,بنك العمال 1,إيرادات من اللجان المهنية,555,
2022-04-04,1066,,,اللجنة المهنية بفاقوس,بنك العمال 1,إيرادات من اللجان المهنية,2670,
2022-04-05,1067,,,اللجنة المهنية بفاقوس,بنك العمال 1,إيرادات من اللجان المهنية,555,
2022-04-06,1068,,,اللجنة المهنية بفاقوس,بنك العمال 1,إيرادات من اللجان المهنية,3204,
2022-04-07,1069,,,اللجنة المهنية بفاقوس,بنك العمال 1,إيرادات من اللجان المهنية,666,
2022-04-02,1070,,,تحويل الاتحاد الدولى,اشتراكات الاتحاد الدولى,بنك مصر,185000,
2022-04-03,1071,,,عموله تحويل,بنكية,بنك مصر,1665,
2022-04-04,1072,,,مصروفات بنكية تحويل تأمينات,بنكية,بنك العمال 1,306.02,
2022-04-30,1073,,,مصروفات بنكية كشف حساب بنك التنمية+ دفاتر شيكات,بنكية,بنك العمال 1,1720,
2022-04-30,1074,,,مصروفات بنكية كشف حساب بنك مصر,بنكية,بنك مصر,50,
2022-05-01,1075,4524,,بنك التنمية الصناعية الجلاء قسط القرض للعاملين 2022,أقساط قروض بنك التنمية لبعض العاملين,بنك العمال 1,24771.22,
2022-05-01,1076,4525,,هشام مصطفى محمد عبد المعطى عبد المعطى بدل سفر وانتقال وجهود للسفر الى مصيف مرسى مطروح لتسليم شاشات وريسفرات وحوامل للمصيف,مصروفات مصيف مطروح,بنك العمال 1,3245,
2022-05-01,1077,4526,,عماد الدين محمد مبروك عهده لحين التسويه لشراء احبار لطابعات النقابة العامة,مدينون متنوعون,بنك العمال 1,3500,
2022-05-01,1078,4527,,كريم ابراهيم عبد الحميد استعاضة لشراء ادوات كتابية,مستلزمات مكتب رئيس مجلس الإدارة,بنك العمال 1,6641.71,
2022-05-01,1079,69979012,,ايمن عبد العزيز عبد الله مصروفات الشئون القانونية,علاج ومستلزمات طبية,بنك مصر,6720,
2022-05-01,1080,69979013,,سمير السيد أحمد احمد بدل عمل يوم السبت لبعض الموظفين,مكافأت وبدل العمل أيام الاجازات الرسمية,بنك مصر,350,
2022-05-01,1081,69979014,,طارق سيد على خلاف على خلاف مصاريف السياراتين ارقام 564 ، 236,السيارة,بنك مصر,6403.57,
2022-05-02,1082,69979015,,السيد عبد المجيد العماوى مصروفات مكتب كفر الشيخ,مكاتب شئون العضوية,بنك مصر,3110,
2022-05-01,1083,69979016,,محمد عواد محمد مصروفات اعانات اللجنة الادارية بشركة النيل العامة لانشاء الطرق,حصص اللجان النقابية بالشركات من الاشتركات,بنك مصر,8000,
2022-05-01,1084,69979017,,عاطف آبا زيد مرسى استعاضة المصروفات الادارية,اعانات اجتماعية,,300,
2022-05-01,1084,69979017,,عاطف آبا زيد مرسى استعاضة المصروفات الادارية,مصروفات إدارية المقر الرئيسى,,1550,
2022-05-01,1084,69979017,,عاطف آبا زيد مرسى استعاضة المصروفات الادارية,كهرباء,,1120,
2022-05-01,1084,69979017,,عاطف آبا زيد مرسى استعاضة المصروفات الادارية,بريد,,50,
2022-05-01,1084,69979017,,عاطف آبا زيد مرسى استعاضة المصروفات الادارية,تليفون,,398,
2022-05-01,1084,69979017,,عاطف آبا زيد مرسى استعاضة المصروفات الادارية,ضيافة وبوفيه,,1135.5,
2022-05-01,1084,69979017,,عاطف آبا زيد مرسى استعاضة المصروفات الادارية,صيانه,,230,
2022-05-01,1084,69979017,,عاطف آبا زيد مرسى استعاضة المصروفات الادارية,,بنك مصر,4783.5,
2022-05-01,1085,69979018,,علاء عبد الحميد توفيق مساهمة لبعض اعضاء الجمعية العمومية بمناسبة عيد الفطر المبارك بمكتب قليوب,مدينون متنوعون,بنك مصر,7500,
2022-05-01,1086,69979019,,عبد المعبود عبد السلام حسن مساهمة لبعض اعضاء الجمعية العمومية بمناسبة عيد الفطر المبارك بمكتب شبرا الخيمة,مدينون متنوعون,بنك مصر,7500,
2022-05-01,1087,69979020,,جمال عيد نصر الدين بدل عمل يوم الخميس ضمن اجازة عيد الفطر اجازة رسمية لانهاء لعض الاعمال,مكافأت وبدل العمل أيام الاجازات الرسمية,بنك مصر,200,
2022-05-01,1088,69979021,,طه رمضان حجازى مصروفات واكراميات مكتب الجيزة,مكاتب شئون العضوية,بنك مصر,1000,
2022-05-01,1089,69979022,,احمد نعمان محمد  محمد مصروفات شهر ابريل 2022 + مكافاة عيد الفطر مكتب المنصورة 1,مكاتب شئون العضوية,بنك مصر,2855,
2022-05-01,1090,69979023,,كامل سلام متولى مساهمة فى علاجة,تعويضات ومساهمات,بنك مصر,2000,
2022-05-01,1091,69979024,,احمد هشام السيد على الطحان عهده لحين التسويه للسفر الى الاسكندرية وكفر الشيخ لمتابعه ترتيبات الانتخابات النقابية,مدينون متنوعون,بنك مصر,8000,
2022-05-01,1092,69979025,,سمير السيد أحمد احمد مصروفات علاجه,علاج ومستلزمات طبية,بنك مصر,2372,
2022-05-01,1093,69979026,,رفعت شريف محمود مكافاة نهاية الخدمة,تأمين تكافلى,بنك مصر,47493.79,
2022-05-01,1094,69979027,,نعيمة صابر عبد الحليم احمد مكافاة نهاية الخدمه للمرحوم / جمال سعد عبد الرحمن,تأمين تكافلى,بنك مصر,20705.65,
2022-05-01,1095,69979028,,اسماء عبد المنعم فراج فراج مصروفات مكتب المنيا + مكافاة شهر ابريل 2022 +بدل سفر وانتقال + مكافاة عيد الفطر,مدينون متنوعون,بنك مصر,13468,
2022-05-01,1096,69979029,,شركة كاف لتامينات الحياة قسط تامينات العاملين من شهر يناير حتى مارس 2022,تأمين تكافلى,بنك مصر,19896.68,
2022-05-01,1097,69979030,,السيد محمد ابراهيم احمد  نشر واعلان تهنئة عيد العمال 2022,اعلانات,,2000,
2022-05-01,1097,69979030,,السيد محمد ابراهيم احمد  نشر واعلان تهنئة عيد العمال 2022,,بنك مصر,1940,
2022-05-01,1097,69979030,,السيد محمد ابراهيم احمد  نشر واعلان تهنئة عيد العمال 2022,,ضرائب الخصم والاضافة,60,
2022-05-01,1098,69979031,,جيهان جريس حلمى مجلة حياه جديدة نشر واعلان تهنئة عيد العمال 2022,اعلانات,,1500,
2022-05-01,1098,69979031,,جيهان جريس حلمى مجلة حياه جديدة نشر واعلان تهنئة عيد العمال 2022,,بنك مصر,1455,
2022-05-01,1098,69979031,,جيهان جريس حلمى مجلة حياه جديدة نشر واعلان تهنئة عيد العمال 2022,,ضرائب الخصم والاضافة,45,
2022-05-01,1099,69979032,,عماد حليم انيس مجلة السلام الاجتماعى نشر واعلان تهنئة عيد العمال 2022,اعلانات,,1500,
2022-05-01,1099,69979032,,عماد حليم انيس مجلة السلام الاجتماعى نشر واعلان تهنئة عيد العمال 2022,,بنك مصر,1455,
2022-05-01,1099,69979032,,عماد حليم انيس مجلة السلام الاجتماعى نشر واعلان تهنئة عيد العمال 2022,,ضرائب الخصم والاضافة,45,
2022-05-01,1100,69979033,,مجلة العمل نشر واعلان تهنئة 2022,اعلانات,,3423,
2022-05-01,1100,69979033,,مجلة العمل نشر واعلان تهنئة 2022,,بنك مصر,3333,
2022-05-01,1100,69979033,,مجلة العمل نشر واعلان تهنئة 2022,,ضرائب الخصم والاضافة,90,
2022-05-01,1101,19979034,,مؤسسة دار الهلال نشر وعلات تهنئة عيد العمال 2022,اعلانات,,3000,
2022-05-01,1101,19979034,,مؤسسة دار الهلال نشر وعلات تهنئة عيد العمال 2022,,بنك مصر,2921,
2022-05-01,1101,19979034,,مؤسسة دار الهلال نشر وعلات تهنئة عيد العمال 2022,,ضرائب الخصم والاضافة,79,
2022-05-01,1102,69979035,,احمد هشام السيد على الطحان مصروفات السيارة سولارس 569,السيارة,بنك مصر,2030,
2022-05-01,1103,,,عماد الدين محمد مبروك تسويه عهدة شراء احبار لطابعات النقابة العامة وتم ايداع 233 جنيه,بنك مصر,,233,
2022-05-01,1103,,,عماد الدين محمد مبروك تسويه عهدة شراء احبار لطابعات النقابة العامة وتم ايداع 233 جنيه,مطبوعات وادوات كتابية,,3300,
2022-05-01,1103,,,عماد الدين محمد مبروك تسويه عهدة شراء احبار لطابعات النقابة العامة وتم ايداع 233 جنيه,,مدينون متنوعون,3500,
2022-05-01,1103,,,عماد الدين محمد مبروك تسويه عهدة شراء احبار لطابعات النقابة العامة وتم ايداع 233 جنيه,,ضرائب الخصم والاضافة,33,
2022-05-01,1104,69979036,,عاطف آبا زيد مرسى بدل سفر وانتقال مامورية للبحر الاحمر وقنا وسوهاج,مدينون متنوعون,بنك مصر,14400,
2022-05-01,1105,69979037,,هشام مصطفى محمد عبد المعطى عبد المعطى عهده لحين التسويه دفعه ثالثه لاعمال مصيف مرسى مطروح,مدينون متنوعون,بنك مصر,50000,
2022-05-01,1106,69979038,,جميل عبد الهادى ابو سعده مصروفات المكتب + مكافاة شهر ابريب 2022 مكتب اشمون,مدينون متنوعون,بنك مصر,2700,
2022-05-01,1107,69979039,,حمدى احمد محمد ناجى مصروفات المكتب + بدل سفر  وانتقال + مكافاة شهر ابريل 2022 مكتب منوف,مدينون متنوعون,بنك مصر,3000,
2022-05-01,1108,69979040,,عاطف ابا زيد مرسى استعاضة المصروفات الادارية,مصروفات إدارية المقر الرئيسى,بنك مصر,4960.75,
2022-05-01,1109,69979041,,محمد محمد حسن مصروفات وبدل سفر وانتقالات لمكاتب المحمودية وكفر الشيخ وفوه ابريل 2022,بدل سفر وانتقال,بنك مصر,5580,
2022-05-01,1110,69979042,,محمد عبد الله احمد عهده لحين التسويه للسفر الى محافظة اسيوط لمتابعة مشروع مهارتى,مدينون متنوعون,بنك مصر,2500,
2022-05-01,1111,69979043,,طارق ابراهيم سليمان عهده لحين التسويه تحت حساب اعمال صيانة لمصيف جمصه,مدينون متنوعون,بنك مصر,10000,
2022-05-01,1112,69979044,,الشاذلى على محمد الشاذلى مصروفات مكتب السادات,مكاتب شئون العضوية,بنك مصر,1375,
2022-05-01,1113,69979045,,عبد الحميد محمد عبد الحميد رمضان مكافاة شهر ابريل + مكافاة عيد الفطر ومساهمه عيد الفطر ومصروفات المكتب مكتب منوف,مدينون متنوعون,بنك مصر,9620,
2022-05-01,1114,69979046,,محمد محمد حسن بدل سفر وانتقالات للسفر لمحافظة كفر الشيخ والبحيرة للمرور على مكاتب شئون العضوية,بدل سفر وانتقال,بنك مصر,14900,
2022-05-01,1115,69979048,,بيت التامين المصرى السعودى تامين على عمارة مرسى مطروح,مصروفات مصيف مطروح,بنك مصر,18000,
2022-05-01,1116,69979049,,ايمن عبد العزيز عبد الله مصروفات الشئون القانونية,مصاريف محاماة,بنك مصر,3500,
2022-05-01,1117,69979050,,مسعد صالح محمد بدل سفر وانتقالات ومصروفات مكتب المنصورة 2,مكاتب شئون العضوية,بنك مصر,2350,
2022-05-01,1118,69979051,,هانى عبد الفتاح محمد عبد المللك محمد سداد مياة وكهرباء عمارة النقابة العامة,عمارة المعادى,بنك مصر,7000,
2022-05-01,1119,69979052,,هشام مصطفى محمد عبد المعطى عبد المعطى عهده لحين التسويه لمتابعة اعمال الصيانه مصيف مرسى مطروح,مدينون متنوعون,بنك مصر,7000,
2022-05-01,1120,69979053,,كريم ابراهيم عبد الحميد شراء ادوات نظافة ومشروبات,مستلزمات مكتب رئيس مجلس الإدارة,بنك مصر,4873,
2022-05-01,1121,69979054,,جوزيف فؤاد ايوب اغير زيت + فلتر للسيارة الميكروباص رقم 689,السيارة,بنك مصر,695,
2022-05-01,1122,69979055,,عوض عبد العزيز المهدى مصروفات من مارس 2022 حتى مايو 2022 + بدل سفر وانتقال +مكافاه شهر يناير 2022,مدينون متنوعون,بنك مصر,10080,
2022-05-01,1123,69979056,,حنان عاطف محمود طاهر استعاضة الادوية,علاج ومستلزمات طبية,بنك مصر,3299.25,
2022-05-01,1124,69979057,,سمير السيد أحمد احمد    بدل سفر وانتقال,مدينون متنوعون,بنك مصر,15500,
2022-05-01,1125,69979058,,عبد الحميد حسن عبد العزيز   مصروفات مكتب,مدينون متنوعون,بنك مصر,10792,
2022-05-01,1126,69979059,,جريدة بورصه الغد نشر واعلان,اعلانات,,5000,
2022-05-01,1126,69979059,,جريدة بورصه الغد نشر واعلان,,بنك مصر,4850,
2022-05-01,1126,69979059,,جريدة بورصه الغد نشر واعلان,,ضرائب الخصم والاضافة,150,
2022-05-01,1127,69979060,,طارق سيد على خلاف على خلاف مصاريف السياراتين ارقام 564 ، 236 + بدل عمل بعد مواعيد العمل الرسمية,السيارة,بنك مصر,5682.3,
2022-05-01,1128,69979061,,جابر حنفى محمود بدل حضور لجان وتسويات وديه عن شهر ابريل 2022,لجان ثلاثية,بنك مصر,350,
2022-05-01,1129,69979062,,سمير السيد أحمد احمد بدل عمل يوم السبت لبعض الموظفين,مكافأت وبدل العمل أيام الاجازات الرسمية,بنك مصر,250,
2022-05-01,1130,4528,,مجله العمل اشتراك لمدة عام + نشر واعلان,رسوم اشتراك فى الاهرام وصحف,بنك العمال 1,15900,
2022-05-01,1131,69979063,,محمد مصطفى عبد الباقى بدل انتقال مايو 2022 مكتب بنى سويف,مرتبات ومكافأة شاملة,بنك مصر,100,
2022-05-01,1132,69979064,,اشرف ابراهيم السيد عطيه بدل انتقال مايو 2022,مرتبات ومكافأة شاملة,,1200,
2022-05-01,1132,69979064,,اشرف ابراهيم السيد عطيه بدل انتقال مايو 2022,,بنك مصر,1080,
2022-05-01,1132,69979064,,اشرف ابراهيم السيد عطيه بدل انتقال مايو 2022,,ضرائب الخصم والاضافة,120,
2022-05-01,1133,69979065,,ابراهيم عبد الله حسيب بدل انتقال مايو 2022,مرتبات ومكافأة شاملة,,1965,
2022-05-01,1133,69979065,,ابراهيم عبد الله حسيب بدل انتقال مايو 2022,,بنك مصر,1770,
2022-05-01,1133,69979065,,ابراهيم عبد الله حسيب بدل انتقال مايو 2022,,ضرائب الخصم والاضافة,195,
2022-05-01,1134,69979066,,ايمن عبد العزيز عبد الله بدل انتقال مايو 2022,مرتبات ومكافأة شاملة,,2445,
2022-05-01,1134,69979066,,ايمن عبد العزيز عبد الله بدل انتقال مايو 2022,,بنك مصر,2250,
2022-05-01,1134,69979066,,ايمن عبد العزيز عبد الله بدل انتقال مايو 2022,,ضرائب الخصم والاضافة,195,
2022-05-01,1135,69979067,,محمد كرم عباس بدل انتقال مايو 2022,مرتبات ومكافأة شاملة,,1965,
2022-05-01,1135,69979067,,محمد كرم عباس بدل انتقال مايو 2022,,بنك مصر,1770,
2022-05-01,1135,69979067,,محمد كرم عباس بدل انتقال مايو 2022,,ضرائب الخصم والاضافة,195,
2022-05-01,1136,69979068,,محمد داود محمد بدل انتقال مايو 2022,مرتبات ومكافأة شاملة,,900,
2022-05-01,1136,69979068,,محمد داود محمد بدل انتقال مايو 2022,,بنك مصر,810,
2022-05-01,1136,69979068,,محمد داود محمد بدل انتقال مايو 2022,,ضرائب الخصم والاضافة,90,
2022-05-01,1137,69979069,,عبد العليم محمد ابو الوفا بدل انتقال مايو 2022,مرتبات ومكافأة شاملة,,900,
2022-05-01,1137,69979069,,عبد العليم محمد ابو الوفا بدل انتقال مايو 2022,,بنك مصر,810,
2022-05-01,1137,69979069,,عبد العليم محمد ابو الوفا بدل انتقال مايو 2022,,ضرائب الخصم والاضافة,90,
2022-05-01,1138,69979070,,صالح محمد نسيم بدل انتقال مايو 2022 مكتب العاشر,مرتبات ومكافأة شاملة,,1000,
2022-05-01,1138,69979070,,صالح محمد نسيم بدل انتقال مايو 2022 مكتب العاشر,,بنك مصر,900,
2022-05-01,1138,69979070,,صالح محمد نسيم بدل انتقال مايو 2022 مكتب العاشر,,ضرائب الخصم والاضافة,100,
2022-05-01,1139,69979071,,محمد بهاء الدين محمد بدل انتقال مايو 2022,مرتبات ومكافأة شاملة,,1200,
2022-05-01,1139,69979071,,محمد بهاء الدين محمد بدل انتقال مايو 2022,,بنك مصر,1080,
2022-05-01,1139,69979071,,محمد بهاء الدين محمد بدل انتقال مايو 2022,,ضرائب الخصم والاضافة,120,
2022-05-01,1140,69979072,,محمد حسنى محمد تونى بدل انتقال مايو 2022,مرتبات ومكافأة شاملة,,1200,
2022-05-01,1140,69979072,,محمد حسنى محمد تونى بدل انتقال مايو 2022,,بنك مصر,1080,
2022-05-01,1140,69979072,,محمد حسنى محمد تونى بدل انتقال مايو 2022,,ضرائب الخصم والاضافة,120,
2022-05-01,1141,69979073,,عزت عبد الوهاب احمد بدل انتقال مايو 2022,مرتبات ومكافأة شاملة,,3450,
2022-05-01,1141,69979073,,عزت عبد الوهاب احمد بدل انتقال مايو 2022,,بنك مصر,3277,
2022-05-01,1141,69979073,,عزت عبد الوهاب احمد بدل انتقال مايو 2022,,ضرائب الخصم والاضافة,173,
2022-05-01,1142,69979074,,محمد درديرى محمد بدل انتقال مايو 2022,مرتبات ومكافأة شاملة,بنك مصر,1500,
2022-05-01,1143,69979075,,هانى محمد عبد الله اعانة مايو 2022,اعانات اجتماعية,بنك مصر,200,
2022-05-01,1144,69979076,,هشام مصطفى محمد عبد المعطى عبد المعطى استعاضة مصروفات مامورية مرسى مطروح,مصروفات مصيف مطروح,بنك مصر,22426,
2022-05-01,1145,69979077,,هشام مصطفى محمد عبد المعطى عبد المعطى بدل سفر وانتقال وجهود مامورية لانهاء وتصفيه اعمال الصيانة وتسليم شقق مصيف مرسى مطروح,مصروفات مصيف مطروح,,10965,
2022-05-01,1145,69979077,,هشام مصطفى محمد عبد المعطى عبد المعطى بدل سفر وانتقال وجهود مامورية لانهاء وتصفيه اعمال الصيانة وتسليم شقق مصيف مرسى مطروح,,بنك مصر,3965,
2022-05-01,1145,69979077,,هشام مصطفى محمد عبد المعطى عبد المعطى بدل سفر وانتقال وجهود مامورية لانهاء وتصفيه اعمال الصيانة وتسليم شقق مصيف مرسى مطروح,,مدينون متنوعون,7000,
2022-05-01,1146,69979078,,هانم فؤاد حنفى احمد اعانة اجتماعية شهر مايو 2022 القاهرة,اعانات اجتماعية,بنك مصر,400,
2022-05-01,1147,69979079,,سناء مصطفى محمد اعانه اجتماعية مايو 2022 القاهرة,اعانات اجتماعية,بنك مصر,100,
2022-05-01,1148,69979080,,نعناعة عبد الرحمن احمد خلف اعانة اجتماعية شهر مايو 2022 القاهرة,اعانات اجتماعية,بنك مصر,450,
2022-05-01,1149,69979081,,تحيه محمد يحى خليل اعانة اجتماعية شهر مايو 2022 القاهرة,اعانات اجتماعية,بنك مصر,450,
2022-05-01,1150,69979082,,سيده زكى محمد ابراهيم اعانة اجتماعية شهر مايو 2022 قوص,اعانات اجتماعية,بنك مصر,200,
2022-05-01,1151,69979083,,سعديه احمد محمد اعانة اجتماعية شهر مايو 2022 قليوب,اعانات اجتماعية,بنك مصر,50,
2022-05-01,1152,69979084,,ماجدة عبد الله عبد اللطيف اعانة اجتماعية شهر مايو 2022 القاهرة,اعانات اجتماعية,بنك مصر,200,
2022-05-01,1153,69979085,,نعيمة مصطفى محمد على اعانة اجتماعية شهر مايو 2022 القاهرة,اعانات اجتماعية,بنك مصر,150,
2022-05-01,1154,69979086,,سحر رمضان عبد المجيد عبد الوهاب اعانة اجتماعية شهر مايو 2022 شبين الكوم,اعانات اجتماعية,بنك مصر,350,
2022-05-01,1155,69979088,,فاطمة حنفى على مطاوع اعانه اجتماعية مايو 2022 القاهرة,اعانات اجتماعية,بنك مصر,350,
2022-05-01,1156,69979089,,رجاء عبد الفتاح محمد اعانة اجتماعية شهر مايو 2022 الفيوم,اعانات اجتماعية,بنك مصر,450,
2022-05-01,1157,69979090,,حامد مصيلى احمد اعانة اجتماعية شهر مايو 2022 منوف,اعانات اجتماعية,بنك مصر,100,
2022-05-01,1158,69979091,,رحمه عبد الرحيم عبد العال اعانة اجتماعية مايو 2022 القاهرة,اعانات اجتماعية,بنك مصر,450,
2022-05-01,1159,69979092,,جهاز الخدمات العامة للقوات المسلحة جراج,السيارة,,4235,
2022-05-01,1159,69979092,,جهاز الخدمات العامة للقوات المسلحة جراج,,بنك مصر,4107.9,
2022-05-01,1159,69979092,,جهاز الخدمات العامة للقوات المسلحة جراج,,ضرائب الخصم والاضافة,127.1,
2022-05-01,1160,69979093,,طارق ابراهيم سليمان بدل سفر وانتقال + جهود لاعمال صيانة لمصيف جمصه,مصروفات مصيف جمصة,بنك مصر,5000,
2022-05-02,1161,69979094,,محمد رأفت عبد القوى  وجبات غذائية,مدينون متنوعون,بنك مصر,27730,
2022-05-01,1162,69979095,,المؤسسة الثقافية العمالية اتفاقية 10 دورات لمعهد ايتاى البارود,نشاط اجتماعى وثقافى,بنك مصر,7000,
2022-05-01,1163,69979096,,عاطف ابا زيد مرسى استعاضة المصروفات الادارية,مصروفات إدارية المقر الرئيسى,بنك مصر,4445.92,
2022-05-01,1164,69979097,,احمد هشام السيد على الطحان تسويه عهده السفر الى الاسكندرية لمتابعة اعمال الانتخابات,علاقات عامة,,11425.4,
2022-05-01,1164,69979097,,احمد هشام السيد على الطحان تسويه عهده السفر الى الاسكندرية لمتابعة اعمال الانتخابات,,بنك مصر,3425.4,
2022-05-01,1164,69979097,,احمد هشام السيد على الطحان تسويه عهده السفر الى الاسكندرية لمتابعة اعمال الانتخابات,,مدينون متنوعون,8000,
2022-05-01,1165,69979098,,عماد الدين محمد مبروك عهده لحين التسويه لشراء حبر للطابعة الخاصة بمكتب حسابات النقابة العامة,مدينون متنوعون,بنك مصر,2000,
2022-05-01,1166,69979099,,صالح محمد نسيم بدل حضور لجان وتسويات وديه الفترة من 2022/3/1 حتي 2022/5/22,لجان ثلاثية,بنك مصر,1365,
2022-05-01,1167,69979100,,مجلة الحياه القبطية نشر واعلان,اعلانات,,2000,
2022-05-01,1167,69979100,,مجلة الحياه القبطية نشر واعلان,,بنك مصر,1940,
2022-05-01,1167,69979100,,مجلة الحياه القبطية نشر واعلان,,ضرائب الخصم والاضافة,60,
2022-05-01,1168,69979101,,سمير السيد أحمد احمد  بدل عمل اجازات,مدينون متنوعون,بنك مصر,20350,
2022-05-01,1169,69979103,,سمير السيد أحمد احمد بدل عمل يوم السبت لبعض الموظفين + سداد فواتير التليفون ابريل 2022,تليفون,,1044.5,
2022-05-01,1169,69979103,,سمير السيد أحمد احمد بدل عمل يوم السبت لبعض الموظفين + سداد فواتير التليفون ابريل 2022,مكافأت وبدل العمل أيام الاجازات الرسمية,,350,
2022-05-01,1169,69979103,,سمير السيد أحمد احمد بدل عمل يوم السبت لبعض الموظفين + سداد فواتير التليفون ابريل 2022,,بنك مصر,1394.5,
2022-05-01,1170,69979104,,ايمن عبد العزيز عبد الله مصروفات الشئون القانونية,مصاريف محاماة,بنك مصر,4795,
2022-05-01,1171,,,عماد الدين محمد مبروك تسويه عهده حبر للطابعة الخاصة بمكتب حسابات النقابة العامة,مطبوعات وادوات كتابية,,2020,
2022-05-01,1171,,,عماد الدين محمد مبروك تسويه عهده حبر للطابعة الخاصة بمكتب حسابات النقابة العامة,,مدينون متنوعون,2000,
2022-05-01,1171,,,عماد الدين محمد مبروك تسويه عهده حبر للطابعة الخاصة بمكتب حسابات النقابة العامة,,ضرائب الخصم والاضافة,20,
2022-05-01,1172,69979105,,حسين ثابت حسن     مصروفات مكتب + مكافأه,مدينون متنوعون,بنك مصر,15753,
2022-05-01,1173,69979106,,محمود ابراهيم محمد زهران عوض زهران مصروفات المكتب + بدل سفر وانتقال + مكافاة شهر مايو 2022 مكتب زفتى,مدينون متنوعون,بنك مصر,4170,
2022-05-01,1174,69979107,,محمد عبد الله احمد عهده لحين التسويه للسفر الى محافظة اسيوط لمتابعة مشروع مهارتى,مدينون متنوعون,بنك مصر,2000,
2022-05-01,1175,69979108,,احمد خميس عبد العال محمد اعانه اجتماعية شهر مايو 2022 اسيوط,اعانات اجتماعية,بنك مصر,100,
2022-05-01,1176,69979109,,ساميه عبد الغنى عثمان حسن اعانه اجتماعية شهر مايو 2022 القاهرة,اعانات اجتماعية,بنك مصر,100,
2022-05-01,1177,69979110,,خميس احمد حسين اعانه اجتماعية شهر مايو 2022 اسيوط,اعانات اجتماعية,بنك مصر,100,
2022-05-01,1178,69979111,,امال محمد سليمان عبد الخالق اعانه اجتماعية شهر مايو 2022 اشمون,اعانات اجتماعية,بنك مصر,100,
2022-05-01,1179,69979112,,انور رجب مختار محمد اعانه اجتماعية شهر مايو 2022 اشمون,اعانات اجتماعية,بنك مصر,75,
2022-05-01,1180,69979113,,محمد كمال محمود حسين اعانه اجتماعية شهر مايو 2022 اشمون,اعانات اجتماعية,بنك مصر,75,
2022-05-01,1181,69979114,,انتصار مصطفى احمد اعانه اجتماعية شهر 2022 القاهرة,اعانات اجتماعية,بنك مصر,250,
2022-05-01,1182,69979115,,محمود محمد احمد محمود اعانه اجتماعية شهر مايو 2022 منيه النصر,اعانات اجتماعية,بنك مصر,150,
2022-05-01,1183,69979116,,شحات سلطان حسن اعانه اجتماعية شهر مايو 2022 شبرا الخيمة,اعانات اجتماعية,بنك مصر,100,
2022-05-01,1184,69979117,,عادل محمد الظاهر اعانه اجتماعية شهر مايو 2022 شبرا الخيمة,اعانات اجتماعية,بنك مصر,75,
2022-05-01,1185,69979118,,عبد الصبور عبد العال حسين اعانه اجتماعية شهر مايو 2022 سوهاج,اعانات اجتماعية,بنك مصر,300,
2022-05-01,1186,69979119,,حمدى عبد الرحمن صادق اعانه اجتماعية شهر مايو 2022 ( 6 اكتوبر ),اعانات اجتماعية,بنك مصر,150,
2022-05-01,1187,4529,,سمير السيد أحمد احمد مرتبات العامين عن شهر مايو 2022,بدلات أعضاء مجلس الادارة,,13310,
2022-05-01,1187,4529,,سمير السيد أحمد احمد مرتبات العامين عن شهر مايو 2022,مرتبات ومكافأة شاملة,,292657.31,
2022-05-01,1187,4529,,سمير السيد أحمد احمد مرتبات العامين عن شهر مايو 2022,مدينون متنوعون,,46250,
2022-05-01,1187,4529,,سمير السيد أحمد احمد مرتبات العامين عن شهر مايو 2022,,بنك العمال 1,213953.35,
2022-05-01,1187,4529,,سمير السيد أحمد احمد مرتبات العامين عن شهر مايو 2022,,سلف العاملين,34328,
2022-05-01,1187,4529,,سمير السيد أحمد احمد مرتبات العامين عن شهر مايو 2022,,تأمين تكافلى,6645.11,
2022-05-01,1187,4529,,سمير السيد أحمد احمد مرتبات العامين عن شهر مايو 2022,,ضريبة كسب العمل,9485.66,
2022-05-01,1187,4529,,سمير السيد أحمد احمد مرتبات العامين عن شهر مايو 2022,,أقساط النفقة,180,
2022-05-01,1187,4529,,سمير السيد أحمد احمد مرتبات العامين عن شهر مايو 2022,,أقساط قروض بنك التنمية لبعض العاملين,20761.47,
2022-05-01,1187,4529,,سمير السيد أحمد احمد مرتبات العامين عن شهر مايو 2022,,التأمينات الاجتماعية,60737.93,
2022-05-01,1187,4529,,سمير السيد أحمد احمد مرتبات العامين عن شهر مايو 2022,,خصم كورونا,2116.55,
2022-05-01,1187,4529,,سمير السيد أحمد احمد مرتبات العامين عن شهر مايو 2022,,خصم جزاءات,159.2,
2022-05-01,1187,4529,,سمير السيد أحمد احمد مرتبات العامين عن شهر مايو 2022,,دمغة,173.21,
2022-05-01,1187,4529,,سمير السيد أحمد احمد مرتبات العامين عن شهر مايو 2022,,تامينات عاملين مستقطعه وتسدد لمكاتب تامينات بالمحافظات,3676.83,
2022-05-01,1188,4530,,سمير السيد أحمد احمد شراء ادوات كتابية وملفات وكلاسيرات لادارة الحسابات,مطبوعات وادوات كتابية,بنك العمال 1,11250,
2022-05-01,1189,69979120,,سمير السيد أحمد احمد مكافاة للسعاه للعمل بعد مواعيد العمل الرسمية لنقل المطبوعات ومستلزمات قديمة من مخزن النقابة لمركز التدريب,مكافأت وبدل العمل أيام الاجازات الرسمية,بنك مصر,1400,
2022-05-01,1190,69979121,,عبد العليم محمد عبد الستار مصروفات المكتب وبدل انتقال مكتب منيه النصر,مكاتب شئون العضوية,بنك مصر,3800,
2022-05-01,1191,69979122,,حسنين ابراهيم حسنين مكافاة جهود لمرافقة وفد الاتحاد الدولى الفترة من 14-22 مايو 2022,مكافأت وبدل العمل أيام الاجازات الرسمية,بنك مصر,2000,
2022-05-01,1192,69979123,,طارق سيد على خلاف على خلاف مصروفات السيارات 564 + 236,السيارة,بنك مصر,5999.85,
2022-05-01,1193,69979124,,السيد فرغلى السيد اعانه اجتماعية شهر مايو 2022 سوهاج,اعانات اجتماعية,بنك مصر,300,
2022-05-01,1194,69979125,,بنك التنمية الصناعية الجلاء قسط القرض للعاملين مايو 2022,أقساط قروض بنك التنمية لبعض العاملين,بنك مصر,24771.22,
2022-05-01,1195,69979126,,محمود حسن حسين مصروفات المكتب + مكافاة شهر مايو 2022 مكتب السويس,مدينون متنوعون,بنك مصر,2600,
2022-05-01,1196,69979127,,سمير السيد أحمد احمد بدل عمل يوم السبت لبعض الموظفين,مكافأت وبدل العمل أيام الاجازات الرسمية,بنك مصر,250,
2022-05-01,1197,69979128,,احمد هشام السيد على الطحان مصروفات السيارة سولارس 569,السيارة,بنك مصر,2085,
2022-05-01,1198,69979129,,عدلى احمد عبد العال مصروفات مكتبى نجع حمادى وقنا + بدل سفر وانتقال,مكاتب شئون العضوية,بنك مصر,6850,
2022-05-01,1199,69979130,,جمعيه نور للاعمال الخيرية مساهمة,تعويضات ومساهمات,بنك مصر,1500,
2022-05-01,1200,69979131,,عبد الناصر بكر احمد بدل سفر وانتقال من اسيوط للقاهرة والعودة عن شهر مايو 2022,بدل سفر وانتقال,بنك مصر,3650,
2022-05-01,1201,69979132,,اسامة على محمود بدل عمل بعد مواعيد العمل الرسمية,مكافأت وبدل العمل أيام الاجازات الرسمية,بنك مصر,455,
2022-05-01,1202,69979133,,كريم ابراهيم عبد الحميد مصروفات شراء مستلزمات طبيه كحول وجوانتات,مستلزمات طبية ( كورونا ),بنك مصر,6981.5,
2022-05-01,1203,69979134,,فندق بيراميزا القاهرة مصروفات اقامة الوفد التونسى ضيفا على النقابة العامة,نشاط اجتماعى وثقافى,,10345.46,
2022-05-01,1203,69979134,,فندق بيراميزا القاهرة مصروفات اقامة الوفد التونسى ضيفا على النقابة العامة,,بنك مصر,10035.09,
2022-05-01,1203,69979134,,فندق بيراميزا القاهرة مصروفات اقامة الوفد التونسى ضيفا على النقابة العامة,,ضرائب الخصم والاضافة,310.37,
2022-05-01,1204,69979135,,ايمن احمد مصطفى سلام مصطفى مصروفات المكتب عن شهر ابريل 2022 + مكافاة عيد الفطر + بدل سفر وانتقال مكتب شربين,مدينون متنوعون,بنك مصر,19090,
2022-05-02,1205,69979136,,محمد رأفت عبد القوى  وجبات غذائية,مدينون متنوعون,بنك مصر,31450,
2022-05-01,1206,69979137,,منصور عبد الله عبد اللطيف مصروفات المكتب + بدل سفر وانتقال + مكافاة شهر مايو 2022 مكتب كفر صقر,مدينون متنوعون,بنك مصر,2850,
2022-05-01,1207,69979138,,ماضى عبد العزيز تمام مصروفات المكتب + بدل سفر وانتقال + مكافاة شهر مايو 2022 مكتب فرشوط,مدينون متنوعون,بنك مصر,6540,
2022-05-01,1208,69979139,,نجوى ابراهيم عبده على مصروفات المكتب + بدل سفر وانتقال + مكافاة شهر مايو 2022 مكتب دسوق,مدينون متنوعون,بنك مصر,6611,
2022-05-01,1209,69979140,,كريم ابراهيم عبد الحميد عهده لحين التسويه لشراء ورق تصوير للنقابة العامة,مدينون متنوعون,بنك مصر,10000,
2022-05-01,1210,69979141,,هشام مصطفى محمد عبد المعطى عبد المعطى تسويه عهده صيانه مصيف مرسى مطروح,مصروفات مصيف مطروح,,158046.1,
2022-05-01,1210,69979141,,هشام مصطفى محمد عبد المعطى عبد المعطى تسويه عهده صيانه مصيف مرسى مطروح,,بنك مصر,8046.1,
2022-05-01,1210,69979141,,هشام مصطفى محمد عبد المعطى عبد المعطى تسويه عهده صيانه مصيف مرسى مطروح,,مدينون متنوعون,150000,
2022-05-01,1211,69979142,,هانى عبد الفتاح محمد عبد المللك محمد مصروفات عمارة النقابة العامة,عمارة المعادى,بنك مصر,2287,
2022-05-02,1212,69979143,,جميل عبد الهادى ابو سعده مصروفات المكتب اشمون,مدينون متنوعون,بنك مصر,3250,
2022-05-01,1213,,,تسويه عهده اللجنة الادارية بشركة سيراميكا الامير,حصص اللجان النقابية بالشركات من الاشتركات,مدينون متنوعون,2000,
2022-05-01,1214,4475,,شركة المقاولون العرب القاهرة,حصص اللجان النقابية بالشركات من الاشتركات,بنك العمال 1,82448,
2022-05-01,1215,4476,,شركة المقاولون العرب اسوان,حصص اللجان النقابية بالشركات من الاشتركات,بنك العمال 1,17031,
2022-05-01,1216,4478,,الشركة العربية للخزف سيراميكا ريماس,حصص اللجان النقابية بالشركات من الاشتركات,بنك العمال 1,6363,
2022-05-01,1217,4479,,شركة مصر لاعمال الاسمنت المسلح,حصص اللجان النقابية بالشركات من الاشتركات,بنك العمال 1,5000,
2022-05-01,1218,4488,,شركة النيل العامة للانشاء والرصف,حصص اللجان النقابية بالشركات من الاشتركات,بنك العمال 1,3128,
2022-05-01,1219,4480,,شركة المعادى للتنمية والتعمير,حصص اللجان النقابية بالشركات من الاشتركات,بنك العمال 1,1170,
2022-05-01,1220,4481,,شركة السويس للاكياس,حصص اللجان النقابية بالشركات من الاشتركات,بنك العمال 1,360,
2022-05-01,1221,4483,,شركة الجيزة العامة للمقاولات,حصص اللجان النقابية بالشركات من الاشتركات,بنك العمال 1,2022,
2022-05-01,1222,4484,,الشركة العامة لمنتجات الخزف والصينى,حصص اللجان النقابية بالشركات من الاشتركات,بنك العمال 1,3159,
2022-05-01,1223,4485,,شركة النصر العامة للمقاولات,حصص اللجان النقابية بالشركات من الاشتركات,بنك العمال 1,9820,
2022-05-01,1224,4486,,الشركة المصرية للخرسانه سابقة الاجهاد,حصص اللجان النقابية بالشركات من الاشتركات,بنك العمال 1,1608,
2022-05-01,1225,4487,,شركة اسمنت بنى سويف,حصص اللجان النقابية بالشركات من الاشتركات,بنك العمال 1,1656,
2022-05-01,1226,,,الشركة المتحدة للاسكان والتعمير,بنك العمال 1,إيرادات من الجان الشركات والهيئات,253.8,
2022-05-01,1227,,,شركة اسمنت بنى سويف,بنك العمال 1,إيرادات من الجان الشركات والهيئات,413,
2022-05-01,1228,,,الشركة المصرية للخرسانه سابقة الاجهاد,بنك العمال 1,إيرادات من الجان الشركات والهيئات,1436.4,
2022-05-01,1229,,,شركة النصر للمبانى والاتشاءات ايجيكو- القاهرة,بنك العمال 1,إيرادات من الجان الشركات والهيئات,10022.4,
2022-05-01,1230,,,شركة النصر للمبانى والاتشاءات ايجيكو - الاسكندرية,بنك العمال 1,إيرادات من الجان الشركات والهيئات,1768.5,
2022-05-01,1231,,,شركة طوكيو مارين,بنك العمال 1,تأمين تكافلى,68199.44,
2022-05-01,1232,,,النقابة العامة لعمال التجارة,بنك العمال 1,مدينون متنوعون,25000,
2022-05-01,1233,,,مديرية الطرق والنقل ببنى سويف,بنك العمال 1,إيرادات من الجان الشركات والهيئات,1500,
2022-05-01,1234,,,شركة المعمورة للتنمية والتعمير,بنك العمال 1,إيرادات من الجان الشركات والهيئات,2352.6,
2022-05-01,1235,,,الشركة العربية للخزف سيراميكا ريماس,بنك العمال 1,إيرادات من الجان الشركات والهيئات,9625.5,
2022-05-01,1236,,,شركة النيل العامة للطرق والكبارى,بنك العمال 1,إيرادات من الجان الشركات والهيئات,12825,
2022-05-01,1237,,,شركة النيل العامة للطرق والكبارى,بنك العمال 1,إيرادات من الجان الشركات والهيئات,12717,
2022-05-01,1238,,,المجموعة الوطنية لاستثمارات الاوقاف المحمودية سابقا,بنك العمال 1,إيرادات من الجان الشركات والهيئات,87102,
2022-05-01,1239,,,شركة اسمنت بنى سويف,بنك العمال 1,إيرادات من الجان الشركات والهيئات,413.1,
2022-05-02,1240,,,الشركة العامة للخزف والصينى,بنك العمال 1,إيرادات من الجان الشركات والهيئات,1563.3,
2022-05-03,1241,,,الشركة العامة للخزف والصينى,بنك العمال 1,إيرادات من الجان الشركات والهيئات,3175.2,
2022-05-04,1242,,,شركة النصر العامة للمقاولات حسن علام,بنك العمال 1,إيرادات من الجان الشركات والهيئات,14634,
2022-05-05,1243,,,شركة النصر العامة للمقاولات حسن علام,بنك العمال 1,إيرادات من الجان الشركات والهيئات,14730,
2022-05-01,1244,,,شركة اسمنت بورتلاند الاسكندرية,بنك العمال 1,إيرادات من الجان الشركات والهيئات,334.8,
2022-05-01,1245,,,شركة اسمنت حلوان,بنك العمال 1,إيرادات من الجان الشركات والهيئات,1069.2,
2022-05-01,1246,,,شركة المعمورة للتنمية والتعمير,بنك العمال 1,إيرادات من الجان الشركات والهيئات,2349.9,
2022-05-01,1247,,,شركة الاسكندرية للحراريات مصنع سورناجا,بنك العمال 1,إيرادات من الجان الشركات والهيئات,386.1,
2022-05-01,1248,,,الشركة المتحدة للاسكان والتعمير,بنك العمال 1,إيرادات من الجان الشركات والهيئات,253.8,
2022-05-01,1249,,,اللجنة المهنية بههيا,بنك العمال 1,الإيرادات من دعم التثقيف,546,
2022-05-01,1250,,,اللجنة المهنية بههيا,بنك العمال 1,الاتحاد العام,673.4,
2022-05-01,1251,,,شركة المقاولون العرب الوجه البحرى والقبلى,بنك العمال 1,إيرادات من الجان الشركات والهيئات,148733,
2022-05-01,1252,,,مكتب شئون عضوية بالسويس,بنك مصر,إيرادات مكاتب شئون العضوية,2000,
2022-05-01,1253,,,مكتب شئون عضوية بطنطا,بنك مصر,إيرادات مكاتب شئون العضوية,8600,
2022-05-01,1254,,,مكتب شئون عضوية بالمنيا,بنك مصر,إيرادات مكاتب شئون العضوية,8600,
2022-05-01,1255,,,مكتب شئون عضوية باسيوط,بنك العمال 1,إيرادات مكاتب شئون العضوية,27000,
2022-05-01,1256,,,مكتب شئون عضوية بزفتى,بنك مصر,إيرادات مكاتب شئون العضوية,2000,
2022-05-01,1257,,,مكتب شئون عضوية بكفر صقر,بنك مصر,إيرادات مكاتب شئون العضوية,4480,
2022-05-01,1258,,,مكتب شئون عضوية بكفر الشيخ,بنك مصر,إيرادات مكاتب شئون العضوية,600,
2022-05-01,1259,,,مكتب شئون عضوية بشبرا الخيمة,بنك مصر,إيرادات مكاتب شئون العضوية,2000,
2022-05-01,1260,,,مكتب شئون عضوية بفرشوط,بنك مصر,إيرادات مكاتب شئون العضوية,1500,
2022-05-01,1261,,,مكتب شئون عضوية بالمنزلة,بنك مصر,إيرادات مكاتب شئون العضوية,6640,
2022-05-01,1262,,,مكتب شئون عضوية بالمنصورة,بنك مصر,إيرادات مكاتب شئون العضوية,11600,
2022-05-01,1263,,,مكتب شئون عضوية بالمنصورة ( ب ),بنك مصر,إيرادات مكاتب شئون العضوية,33000,
2022-05-01,1264,,,مكتب شئون عضوية العاشر من رمضان,بنك العمال 1,إيرادات مكاتب شئون العضوية,14000,
2022-05-01,1265,,,مكتب شئون عضوية بورسعيد,بنك مصر,إيرادات مكاتب شئون العضوية,3243,
2022-05-01,1266,,,مكتب شئون عضوية بشربين,بنك مصر,إيرادات مكاتب شئون العضوية,12000,
2022-05-01,1267,,,مكتب شئون عضوية السنبلاوين,بنك مصر,إيرادات مكاتب شئون العضوية,10320,
2022-05-01,1268,,,مكتب شئون عضوية الجيزة,بنك مصر,إيرادات مكاتب شئون العضوية,8120,
2022-05-01,1269,,,مكتب شئون عضوية الاسماعيلية,بنك مصر,إيرادات مكاتب شئون العضوية,2240,
2022-05-01,1270,,,مكتب شئون عضوية - دسوق,بنك مصر,إيرادات مكاتب شئون العضوية,7200,
2022-05-01,1271,,,مكتب شئون عضوية اسوان,بنك مصر,إيرادات مكاتب شئون العضوية,4463,
2022-05-01,1272,,,مكتب شئون عضوية القاهرة الكبرى,بنك العمال 1,إيرادات مكاتب شئون العضوية,27866,
2022-05-01,1273,,,مكتب شئون عضوية دمنهور,بنك مصر,إيرادات مكاتب شئون العضوية,14330,
2022-05-01,1274,,,مكتب شئون عضوية طامية,بنك مصر,إيرادات مكاتب شئون العضوية,18000,
2022-05-01,1275,,,مكاتب شئون عضوية الحامول,بنك مصر,إيرادات مكاتب شئون العضوية,3320,
2022-05-01,1276,,,اللجنة الادارية بمنية النصر,بنك مصر,إيرادات مكاتب شئون العضوية,40000,
2022-05-01,1277,,,اللجنة الادارية بنى عبيد,بنك مصر,إيرادات مكاتب شئون العضوية,4000,
2022-05-01,1278,,,فائدة على قرض المؤسسة العمالية,المؤسسة الثقافية,بنك العمال 1,9176,
2022-05-01,1279,,,عموله على فائدة قرض المؤسسة العمالية,المؤسسة الثقافية,بنك العمال 1,1998,
2022-05-01,1280,,,سداد تأمينات,التأمينات الاجتماعية,بنك العمال 1,84586.92,
2022-05-01,1281,,,مصروفات تحويل تأمينات,بنكية,بنك العمال 1,313.81,
2022-05-01,1282,,,مصروفات بنكية كشف حساب بنك التنمية,بنكية,بنك العمال 1,580,
2022-05-30,1283,,,مصروفات بنكية كشف حساب بنك  مصر,بنكية,بنك مصر,50,
2022-05-01,1284,,,شركة فودافون مصر الايجار السنوى برج الاتصالات,بنك مصر,ايرادات ابراج شبكات الاتصالات,116400,
2022-05-01,1285,,,إيداع أقساط قروض مركز التدريب,بنك مصر,أقساط قروض بنك التنمية لبعض العاملين,4008,
2022-05-10,1286,,,لافارج للاسمنت,بنك مصر,إيرادات من الجان الشركات والهيئات,738,
2022-05-10,1287,,,الجيزة العامة للمقاولات,بنك العمال 1,إيرادات من الجان الشركات والهيئات,3034.5,
2022-05-10,1288,,,اسمنت بنى سويف,بنك العمال 1,إيرادات من الجان الشركات والهيئات,334.8,
2022-05-01,1289,,,اللجنة المهنية- بميت غمر حصة النقاية,بنك العمال 1,إيرادات من اللجان المهنية,27720,
2022-05-01,1290,,,اللجنة المهنية- بميت غمر الدعم,بنك العمال 1,الإيرادات من دعم التثقيف,6300,
2022-05-01,1291,,,اللجنة المهنية- بميت غمر   حصة الاتحاد العام,بنك العمال 1,الاتحاد العام,6930,
2022-05-01,1292,,,اللجنة المهنية – بأجا  حصة النقابة,بنك العمال 1,إيرادات من اللجان المهنية,10040,
2022-05-01,1293,,,اللجنة المهنية – بأجا   حصة دعم التثقيف,بنك العمال 1,الإيرادات من دعم التثقيف,2092,
2022-05-01,1294,,,اللجنة المهنية – بأجا   حصة الاتحاد,بنك العمال 1,الاتحاد العام,2507,
2022-05-02,1295,,,اللجنة النقابية بمديرية الطرق والنقل بالوادى الجديد,بنك مصر,إيرادات من الجان الشركات والهيئات,544.2,
2022-05-03,1296,,,اللجنة النقابية بمديرية الطرق والنقل بالوادى الجديد,بنك مصر,إيرادات من الجان الشركات والهيئات,544.2,
2022-05-03,1297,,,اللجنة النقابية بمديرية الطرق والنقل بالوادى الجديد,بنك مصر,إيرادات من الجان الشركات والهيئات,45.6,
2022-05-04,1298,,,اللجنة النقابية بمديرية الطرق والنقل بكفر الشيخ,بنك مصر,إيرادات من الجان الشركات والهيئات,493,
2022-05-05,1299,,,الهيئة العامة للطرق والكبارى,بنك مصر,إيرادات من الجان الشركات والهيئات,2943.6,
2022-05-06,1300,,,جهاز تنظيم النقل البرى والداخلى,بنك مصر,إيرادات من الجان الشركات والهيئات,75,
2022-05-07,1301,,,اللجنة النقابية بمديرية الطرق والنقل بالسويس,بنك مصر,إيرادات من الجان الشركات والهيئات,31.2,
2022-05-08,1302,,,اللجنة النقابية بمديرية الطرق والنقل بالغربية,بنك مصر,إيرادات من الجان الشركات والهيئات,220.2,
2022-05-09,1303,,,اللجنة النقابية بمديرية الطرق والنقل بالشرقية,بنك مصر,إيرادات من الجان الشركات والهيئات,2619,
2022-05-10,1304,,,اللجنة النقابية بمديرية الطرق والنقل بالشرقية,بنك مصر,إيرادات من الجان الشركات والهيئات,24,
2022-05-11,1305,,,اللجنة النقابية بمديرية الطرق والنقل بالاسكندرية,بنك مصر,إيرادات من الجان الشركات والهيئات,5272.17,
2022-05-12,1306,,,اللجنة النقابية بمديرية الطرق والنقل بالجيزة,بنك مصر,إيرادات من الجان الشركات والهيئات,695.4,
2022-05-13,1307,,,اللجنة النقابية بمديرية الطرق والنقل بالزقازيق,بنك مصر,إيرادات من الجان الشركات والهيئات,45,
2022-05-14,1308,,,اللجنة النقابية بمديرية الطرق والنقل بالزقازيق,بنك مصر,إيرادات من الجان الشركات والهيئات,498,
2022-05-15,1309,,,اللجنة النقابية بمديرية الطرق والنقل بالمنوفية,بنك مصر,إيرادات من الجان الشركات والهيئات,490.2,
2022-05-16,1310,,,اللجنة النقابية بمديرية الطرق والنقل بالقليوبية,بنك مصر,إيرادات من الجان الشركات والهيئات,174,
2022-05-17,1311,,,اللجنة النقابية بمديرية الطرق والنقل وسط الدلتا طنطا,بنك مصر,إيرادات من الجان الشركات والهيئات,339,
2022-05-18,1312,,,النيل العامة للطرق الصحراوية,بنك مصر,إيرادات من الجان الشركات والهيئات,2636,
2022-05-18,1313,,,اللجنة النقابية بمديرية الطرق والنقل بالبحيرة,بنك مصر,إيرادات من الجان الشركات والهيئات,9,
2022-05-19,1314,,,اللجنة النقابية بمديرية الطرق والنقل بالبحيرة,بنك مصر,إيرادات من الجان الشركات والهيئات,798,
2022-06-01,1315,69979145,,طارق ابراهيم سليمان بدل سفر وانتقال + جهود + مصروفات اعاشه اثناء عمل الصيانه السنويه بمصيف جمصه,مصروفات مصيف جمصة,بنك مصر,21645,
2022-06-01,1316,69979146,,عاطف ابا زيد مرسى استعاضة المصروفات الادارية,مصروفات إدارية المقر الرئيسى,بنك مصر,5090.11,
2022-06-01,1317,69979147,,مسعد صالح محمد مصروفات مكتب شهر مايو 2022,مكاتب شئون العضوية,بنك مصر,13730,
2022-06-01,1318,69979148,,الحسينى حامد محمود    مصروفات مكتب السنبلاوين,مدينون متنوعون,بنك مصر,11397,
2022-06-01,1319,69979149,,طارق بدوى محمود مصروفات المكتب + اعانات + بدلات تفرغ شهر ابريل ومايو 2022 مكتب المنزلة,مدينون متنوعون,بنك مصر,6450,
2022-06-01,1320,69979150,,نجوى ابراهيم عبده على مساهمات للعمالة الغير منتظمة مكتب دسوق,مدينون متنوعون,بنك مصر,7500,
2022-06-01,1321,69979151,,رضا ابو عجيله صميده مصروفات + مكافاة شهر مايو 2022 مكتبى الحامول ومطوبس,مكاتب شئون العضوية,بنك مصر,4530,
2022-06-01,1322,69979152,,يسرى ابراهيم محمود بدل سفر وانتقال من منيه النصر للقارهرة والعودة,مكاتب شئون العضوية,بنك مصر,350,
2022-06-01,1323,69979153,,عاطف عبد النظير عبد الشافى مصروفات شهرى ابريل ومايو 2022 مكتب دار السلام بسوهاج,مكاتب شئون العضوية,بنك مصر,1800,
2022-06-01,1324,69979154,,احمد نعمان محمد  محمد       م مكتب المنصورة 1,مكاتب شئون العضوية,بنك مصر,2385,
2022-06-01,1325,69979155,,جيهان موسى محمد الشجاعى محمد السجاعى احمد مصروفات المكتب + بدل سفر وانتقال + اعانات كبار السن شهر مايو 2022,مدينون متنوعون,بنك مصر,8050,
2022-06-01,1326,69979156,,احمد محمد مصطفى مصروفات مكاتب الفيوم ( اطسا - طامية - ابشواى - يوسف الصديق - سنورس ) + بدل سفر وانتقال + مكافاة شهر مايو 2022,مكاتب شئون العضوية,بنك مصر,12768,
2022-06-01,1327,69979157,,محمد مصطفى رمضان مصروفات + مكافاة + بدل سفر وانتقال شهر مايو 2022 مكتب دمنهور,مكاتب شئون العضوية,بنك مصر,4600,
2022-06-01,1328,69979158,,سهيله عبد الحكيم احمد مصروفات + بدل سفروانتقالات + من مارس حتى مايو 2022,مكاتب شئون العضوية,بنك مصر,6300,
2022-06-01,1329,69979159,,سمير السيد أحمد احمد بدل عمل يوم السبت لبعض السادة الموظفين,مكافأت وبدل العمل أيام الاجازات الرسمية,بنك مصر,800,
2022-06-01,1330,69979160,,حسين ثابت حسن بدل سفر وانتقال + مساهمات لبعض اعضاء الجمعية العمومية مكتب اسيوط,مدينون متنوعون,بنك مصر,10000,
2022-06-01,1331,69979161,,عاطف ابا زيد مرسى استعاضة المصروفات الادارية,مصروفات إدارية المقر الرئيسى,بنك مصر,5915.1,
2022-06-01,1332,69979163,,محمد محمد حسن مصروفات مجمع اللجان بالاسكندرية عن شهرى ابريل ومايو 2022,مجمع لجان الإسكندرية,بنك مصر,857.75,
2022-06-01,1333,69979164,,الشاذلى على محمد الشاذلى مصروفات + مكافاه عن شهر مايو 2022 مكتب السادات,مكاتب شئون العضوية,بنك مصر,2725,
2022-06-01,1334,69979165,,ايمن عبد العزيز عبد الله مصروفات الشئون القانونية,مصاريف محاماة,بنك مصر,3990,
2022-06-01,1335,69979166,,عبد المعبود عبد السلام حسن اعانات لبعض اعضاء الجمعية العمومية مكتب شبرا الخيمة,مدينون متنوعون,بنك مصر,5000,
2022-06-01,1336,69979168,,ابراهيم محمد محمود اعانات لبعض اعضاء الجمعية العمومية مكتب طنطا,مدينون متنوعون,بنك مصر,7500,
2022-06-01,1337,69979169,,عبد الحميد حسن عبد العزيز الخولى اعانات لبعض اعضاء الجمعية العمومية مكتب بورسعيد,مدينون متنوعون,بنك مصر,5000,
2022-06-01,1338,69979170,,محمد مصطفى عبد الباقى بدل سفر وانتقال ومبيت من الفيوم للقاهرة والعودة,بدل سفر وانتقال,بنك مصر,800,
2022-06-01,1339,69979171,,محمد محمد حسن بدل سفر وانتقال ومبيت من الاسكندرية للقاهرة والعودة,بدل سفر وانتقال,بنك مصر,850,
2022-06-01,1340,69979172,,مسعد صالح محمد بدل سفر وانتقال + مكافاة شهر مايو 2022,مكاتب شئون العضوية,بنك مصر,2050,
2022-06-01,1341,69979173,,طارق بدوى محمود اعانات لبعض اعضاء الجميعة العمومية مكتب المنزلة,مدينون متنوعون,بنك مصر,5000,
2022-06-01,1342,69979174,,اسماء عبد المنعم فراج فراج مصروفات المكتب + بدل سفر وانتقال + جهود عن شهر مايو 2022,مدينون متنوعون,بنك مصر,11900,
2022-06-01,1343,69979175,,ناديه محمد ابو القاسم اعانات لبعض اعضاء الجميع العمومية بمناسبة عيد الفطر 2022,مدينون متنوعون,بنك مصر,7500,
2022-06-01,1344,69979176,,جابر حنفى محمود بدل حضور لجان ثلاثية خلال شهر مايو 2022,لجان ثلاثية,بنك مصر,825,
2022-06-01,1345,69979177,,طارق سيد على خلاف على خلاف مصروفات السيارات ( توسان + سولارس + بيجو ),السيارة,بنك مصر,7227.33,
2022-06-01,1346,69979178,,دعاء حسين رمضان رمضان مصروفات + بدل انتقال + مكافاة شهر مايو 2022 مكتب بنى سويف,مدينون متنوعون,بنك مصر,10478.7,
2022-06-01,1347,69979179,,السيد عبد المجيد محمد العماوى اعانات لبعض اعضاء الجميعة العمومية مكتب كفر الشيخ,مدينون متنوعون,بنك مصر,5000,
2022-06-01,1348,69979180,,طه رمضان حجازى مصروفات وانتقالات شهر مايو 2022 مكتب شبرا الخيمة,مكاتب شئون العضوية,بنك مصر,1052,
2022-06-01,1349,69979181,,امجد السيد السيد العشرى مساهمات لبعض اعشاء الجمعية العمومية + بدل سفر وانتقال مايو 2022,مدينون متنوعون,بنك مصر,8200,
2022-06-01,1350,69979182,,عاطف ابا زيد مرسى استعاضة المصروفات الادارية,مصروفات إدارية المقر الرئيسى,بنك مصر,4573.5,
2022-06-01,1351,69979183,,ايمن عبد العزيز عبد الله مصروفات الشئون القانونية,مصاريف محاماة,بنك مصر,4000,
2022-06-01,1352,69979184,,عاطف ابا زيد مرسى استعاضة المصروفات الادارية,مصروفات إدارية المقر الرئيسى,بنك مصر,4722.36,
2022-06-01,1353,69979185,,محمد مصطفى عبد الباقى بدل سفر وانتقال ومبيت من الفيوم للقاهرة والعودة شهر يونيه 2022,مكاتب شئون العضوية,بنك مصر,800,
2022-06-01,1354,69979186,,محمد محمد حسن بدل سفر وانتقال ومبيت من الاسكندرية للقاهرة والعودة شهر يونيه 2022,بدل سفر وانتقال,بنك مصر,850,
2022-06-01,1355,69979187,,سمير السيد أحمد احمد بدل عمل يوم الجمعه والسبت لبعض السادة الموظفين,مكافأت وبدل العمل أيام الاجازات الرسمية,بنك مصر,900,
2022-06-01,1356,69979188,,عبد المعبود عبد السلام حسن مصروفات  مكتب شبرا الخيمة,مكاتب شئون العضوية,بنك مصر,1210,
2022-06-01,1357,69979189,,عبد المحسن ابو اليزيد حسن بدل حضور لجان وتسويات وديه شهر ابريل ومايو 2022 مكتب كفر الشيخ,لجان ثلاثية,بنك مصر,840,
2022-06-01,1358,69979190,,محمد رافت عبد القوى    وجبات,مدينون متنوعون,بنك مصر,31500,
2022-06-01,1359,69979191,,محمد رافت عبد القوى    وجبات,مدينون متنوعون,بنك مصر,24700,
2022-06-01,1360,69979192,,عبد الحميد حسن عبد العزيز الخولى مصروفات المكتب + اعانات لكبار السن + ايجار المكتب + مكافاة شهر مايو 2022 مكتب بورسعيد,مكاتب شئون العضوية,بنك مصر,10514,
2022-06-01,1361,69979193,,حنان عاطف محمود طاهر استعاضة مصروفات الادوية,علاج ومستلزمات طبية,بنك مصر,3185,
2022-06-01,1362,تسوية,,محمد عبد الله احمد تسويه عهده السفر الى محافظة اسيوط مشروع مهارتى,بنك مصر,,827,
2022-06-01,1362,تسوية,,محمد عبد الله احمد تسويه عهده السفر الى محافظة اسيوط مشروع مهارتى,جهاز مشروعات أسيوط,,3773,
2022-06-01,1362,تسوية,,محمد عبد الله احمد تسويه عهده السفر الى محافظة اسيوط مشروع مهارتى,,مدينون متنوعون,4500,
2022-06-01,1362,تسوية,,محمد عبد الله احمد تسويه عهده السفر الى محافظة اسيوط مشروع مهارتى,,ضريبة كسب العمل,100,
2022-06-01,1363,69979194,,جوزيف فؤاد ايوب شراء بطاريه للسيارة الميكروباص رقم 869,السيارة,بنك مصر,2475,
2022-06-01,1364,69979195,,طارق سيد على خلاف على عهده لحين التسويه لعمل صيانه للسيارة سولارس رقم 569,مدينون متنوعون,بنك مصر,20000,
2022-06-01,1365,69979196,,جابر حنفى محمود بدل حضور لجان ثلاثية من شهر يناير 2022 حتى شهر مايو 2022,لجان ثلاثية,بنك مصر,1085,
2022-06-01,1366,4531,,ايهاب سعد محمد بدل سفر وانتقال (مصروفات اللجنة),مدينون متنوعون,بنك العمال 1,26350,
2022-06-01,1367,4532,,اسماء عبد المنعم فراج فراج اعانه لبعض اعضاء الجميعة العمومية,مدينون متنوعون,بنك العمال 1,7500,
2022-06-01,1368,4533,,عبد الرحيم محمد مدنى مصروفات المكتب + بدل سفر وانتقال من يناير حتى يونيه 2022,مكاتب شئون العضوية,بنك العمال 1,16450,
2022-06-01,1369,4534,,عبد الناسر بكر احمد بدل سفر وانتقال للقوى العاملة بمحافظات وجه قبلى,بدل سفر وانتقال,بنك العمال 1,1800,
2022-06-01,1370,4535,,شركة المجد للتجارة حبر لماكينه التصوير,مصروفات إدارية المقر الرئيسى,بنك العمال 1,2180,
2022-06-01,1371,4536,,هانى عبد الفتاح محمد عبد المللك محمد عهده لحين التسويه لسداد اشتراك المياة والكهرباء لعمارة النقابة العامة بالمعادى,مدينون متنوعون,بنك العمال 1,6000,
2022-06-01,1372,4537,,هانى عبد الفتاح محمد عبد المللك محمد عمصروفات عمارة النقابة العامة بالمعادى,عمارة المعادى,بنك العمال 1,2534,
2022-06-01,1373,69979198,,امل فاروق عبد الله عبد الله مصروفات مكتب 6 اكتوبر من يناير حتى مايو 2022,مكاتب شئون العضوية,بنك مصر,1008,
2022-06-01,1374,69979199,,ايمن عبد العزيز عبد الله مصروفات الشئون القانونية,مصاريف محاماة,بنك مصر,4050,
2022-06-01,1375,69979197,,ناديه محمد ابو القاسم مصروفات المكتب + بدل سفر + اعانات من يناير حتى مارس 2022 مكتب اسوان,مدينون متنوعون,بنك مصر,24789.75,
2022-06-01,1376,4539,,طارق سيد على خلاف على خلاف مصروفات السيارات ( توسان + بيجو ),السيارة,بنك العمال 1,8405.6,
2022-06-01,1377,4540,,احمد هشام السيد على الطحان مصروفات السيارة سولارس,السيارة,بنك العمال 1,2275,
2022-06-01,1378,4541,,احمد هشام السيد على الطحان عهده لحين التسويه لشراء مستلزمات كتابية,مدينون متنوعون,بنك العمال 1,7000,
2022-06-01,1379,4542,,هشام مصطفى محمد عبد المعطى عبد المعطى استعاضة مصيف مرسى مطروح,مصروفات مصيف مطروح,بنك العمال 1,27864,
2022-06-01,1380,ايداع,,كريم ابراهيم عبد الحميد ايداع عهده شراء ورق التصوير للنقابة العامة نظراً لارتفاع الاسعار,بنك مصر,مدينون متنوعون,10000,
2022-06-01,1381,,,شركة الصعيد العامة للمقاولات,بنك العمال 1,إيرادات من الجان الشركات والهيئات,10778.4,
2022-06-01,1382,,,اللجنة المهنية بابو كبير شرقية المطبوعات,بنك العمال 1,,9025,
2022-06-01,1382,,,اللجنة المهنية بابو كبير شرقية المطبوعات,,إيرادات من اللجان المهنية,4455,
2022-06-01,1382,,,اللجنة المهنية بابو كبير شرقية المطبوعات,,الإيرادات من المطبوعات,1485,
2022-06-01,1382,,,اللجنة المهنية بابو كبير شرقية المطبوعات,,الإيرادات من دعم التثقيف,1600,
2022-06-01,1382,,,اللجنة المهنية بابو كبير شرقية المطبوعات,,الاتحاد العام,1485,
2022-06-01,1383,,,الشركة العربية للخزف سيراميكا ريماس,بنك العمال 1,إيرادات من الجان الشركات والهيئات,9571.5,
2022-06-01,1384,,,شركة السويس للاسمنت,بنك العمال 1,إيرادات من الجان الشركات والهيئات,1682.1,
2022-06-01,1385,,,اللجنة المهنية بالزقازيق حصة الاتحاد,بنك العمال 1,الاتحاد العام,5000,
2022-06-01,1386,,,اللجنة المهنية بالزقازيق,بنك العمال 1,إيرادات من اللجان المهنية,10000,
2022-06-01,1387,,,اللجنة المهنية بسيدى سالم,بنك العمال 1,إيرادات من اللجان المهنية,15000,
2022-06-01,1388,,,شركة السويس للاكياس,بنك العمال 1,إيرادات من الجان الشركات والهيئات,270,
2022-06-01,1389,,,شركة السويس للاكياس,بنك العمال 1,إيرادات من الجان الشركات والهيئات,265.5,
2022-06-01,1390,,,هشام مصطفى محمد عبد المعطى عبد المعطى  مصيف مرسى مطروح 2022,بنك العمال 1,إيرادات مصيف مطروح,10000,
2022-06-01,1391,,,هشام مصطفى محمد عبد المعطى عبد المعطى  مصيف مرسى مطروح 2022,بنك العمال 1,إيرادات مصيف مطروح,35000,
2022-06-01,1392,,,محمد محمد عبد الرسول مصيف مطروح 2022,بنك مصر,إيرادات مصيف مطروح,50000,
2022-06-01,1393,,,ايداع نقدى وجيه مصيف مطروح,بنك العمال 1,إيرادات مصيف مطروح,2500,
2022-06-01,1394,,,مكتب شئون عضوية بطنطا,بنك مصر,إيرادات مكاتب شئون العضوية,8600,
2022-06-01,1395,,,مكتب شئون عضوية بالمنيا,بنك مصر,إيرادات مكاتب شئون العضوية,4300,
2022-06-01,1396,,,مكتب شئون عضوية باسيوط,بنك العمال 1,إيرادات مكاتب شئون العضوية,10000,
2022-06-01,1397,,,مكتب شئون عضوية بشبرا الخيمة,بنك مصر,إيرادات مكاتب شئون العضوية,2000,
2022-06-01,1398,,,مكتب شئون عضوية بالمنزلة,بنك مصر,إيرادات مكاتب شئون العضوية,3000,
2022-06-01,1399,,,مكتب شئون عضوية بالمنصورة,بنك مصر,إيرادات مكاتب شئون العضوية,4000,
2022-06-01,1400,,,مكتب شئون عضوية بالمنصورة ( ب ),بنك مصر,إيرادات مكاتب شئون العضوية,48000,
2022-06-01,1401,,,مكتب شئون عضوية السادس من اكتوبر,بنك مصر,إيرادات مكاتب شئون العضوية,2480,
2022-06-01,1402,,,مكتب شئون عضوية بورسعيد,بنك مصر,إيرادات مكاتب شئون العضوية,4004,
2022-06-01,1403,,,مكتب شئون عضوية ابو طشت,بنك العمال 1,إيرادات مكاتب شئون العضوية,27000,
2022-06-01,1404,,,مكتب شئون عضوية - قنا,بنك العمال 1,إيرادات مكاتب شئون العضوية,9450,
2022-06-01,1405,,,مكتب شئون عضوية - دسوق,بنك مصر,إيرادات مكاتب شئون العضوية,10600,
2022-06-01,1406,,,مكتب شئون عضوية - ارمنت,بنك مصر,إيرادات مكاتب شئون العضوية,2700,
2022-06-01,1407,,,مكتب شئون عضوية القاهرة الكبرى,بنك العمال 1,إيرادات مكاتب شئون العضوية,15000,
2022-06-01,1408,,,مكتب شئون عضوية طامية,بنك مصر,إيرادات مكاتب شئون العضوية,22500,
2022-06-01,1409,,,اللجنة الادارية بمنية النصر,بنك مصر,إيرادات مكاتب شئون العضوية,18000,
2022-06-01,1410,,,سداد التأمينات,التأمينات الاجتماعية,بنك مصر,83790.31,
2022-06-01,1411,,,مصروفات كشف حساب بنك مصر,بنكية,بنك مصر,50,
2022-06-01,1412,,,مصروفات كشف حساب بنك التنمية,بنكية,بنك العمال 1,837,
2022-06-01,1413,,,فائدة محوله على حساب قرض المؤسسة,المؤسسة الثقافية,بنك العمال 1,8880,
2022-06-01,1414,,,عموله على الفائدة,المؤسسة الثقافية,بنك العمال 1,1998,
2022-06-01,1415,,,اللجنه النقابية بشركة الهيئة العامه للطرق والكبارى - القاهرة,بنك مصر,إيرادات من الجان الشركات والهيئات,7270.8,
2022-06-01,1416,,,اللجنه النقابية بشركة طرق وكبارى غرب الدلتا,بنك مصر,إيرادات من الجان الشركات والهيئات,997.8,
2022-06-01,1417,,,اللجنه النقابية بشركة طرق وكبارى - الشرقية - شرق الدلتا,بنك مصر,إيرادات من الجان الشركات والهيئات,573,
2022-06-01,1418,,,طرق ونقل الشرقية,بنك مصر,إيرادات من الجان الشركات والهيئات,2595,
2022-06-02,1419,,,طرق ونقل الاسماعلية,بنك مصر,إيرادات من الجان الشركات والهيئات,342,
2022-06-03,1420,,,طرق ونقل الاسماعلية,بنك مصر,إيرادات من الجان الشركات والهيئات,117,
2022-06-04,1421,,,منطقة القنال وسيناء,بنك مصر,إيرادات من الجان الشركات والهيئات,945.9,
2022-06-01,1422,,,طرق وكبارى قنا,بنك مصر,إيرادات من الجان الشركات والهيئات,1653.6,
2022-06-01,1423,,,طرق ونقل الخارجة الوادى الجديد,بنك مصر,إيرادات من الجان الشركات والهيئات,589.8,
2022-06-01,1424,,,طرق وكبارى أسيوط,بنك مصر,إيرادات من الجان الشركات والهيئات,435,
2022-06-01,1425,,,طرق ونقل السويس,بنك مصر,إيرادات من الجان الشركات والهيئات,698.4,
2022-06-01,1426,,,مدريرية طرق ونقل الجيزة,بنك مصر,إيرادات من الجان الشركات والهيئات,742.8,
2022-06-01,1427,,,الهيئة العامة لتعاونيات البناء,بنك مصر,إيرادات من الجان الشركات والهيئات,4314.71,
2022-06-01,1428,,,طرق ونقل المنوفية,بنك مصر,إيرادات من الجان الشركات والهيئات,685.2,
2022-06-01,1429,,,طرق وكبارى اسوان,بنك مصر,إيرادات من الجان الشركات والهيئات,1164,
2022-06-01,1430,,,لافارج للاسمنت,بنك مصر,إيرادات من الجان الشركات والهيئات,735,
2022-06-01,1431,,,طرق وكبارى سيناء,بنك مصر,إيرادات من الجان الشركات والهيئات,869.7,
2022-06-02,1432,,,طرق ونقل القليوبية,بنك مصر,إيرادات من الجان الشركات والهيئات,171,
2022-06-03,1433,,,طرق وكبارى,بنك مصر,إيرادات من الجان الشركات والهيئات,2595.4,
2022-06-01,1434,,,ايرادات متنوعة,بنك العمال 1,الإيرادات المتنوعة,1983.6,
2022-06-01,1435,,,ايرادات متنوعة,بنك العمال 1,الإيرادات المتنوعة,5250,
2022-06-01,1436,,,ايرادات متنوعة,بنك العمال 1,الإيرادات المتنوعة,9436.5,
2022-06-01,1437,,,ايرادات متنوعة,بنك العمال 1,الإيرادات المتنوعة,1500,
2022-07-01,1438,4543,,سمير السيد أحمد احمد مرتبات + مكافات عيد الاضحى المبارك 2022,بدلات أعضاء مجلس الادارة,,13310,
2022-07-01,1438,4543,,سمير السيد أحمد احمد مرتبات + مكافات عيد الاضحى المبارك 2022,حافزاعياد ومناسبات,,67642.56,
2022-07-01,1438,4543,,سمير السيد أحمد احمد مرتبات + مكافات عيد الاضحى المبارك 2022,مرتبات ومكافأة شاملة,,292907.32,
2022-07-01,1438,4543,,سمير السيد أحمد احمد مرتبات + مكافات عيد الاضحى المبارك 2022,مدينون متنوعون,,97425.84,
2022-07-01,1438,4543,,سمير السيد أحمد احمد مرتبات + مكافات عيد الاضحى المبارك 2022,,بنك العمال 1,319318.97,
2022-07-01,1438,4543,,سمير السيد أحمد احمد مرتبات + مكافات عيد الاضحى المبارك 2022,,سلف العاملين,34328,
2022-07-01,1438,4543,,سمير السيد أحمد احمد مرتبات + مكافات عيد الاضحى المبارك 2022,,تأمين تكافلى,6645.11,
2022-07-01,1438,4543,,سمير السيد أحمد احمد مرتبات + مكافات عيد الاضحى المبارك 2022,,ضريبة كسب العمل,16249.92,
2022-07-01,1438,4543,,سمير السيد أحمد احمد مرتبات + مكافات عيد الاضحى المبارك 2022,,أقساط النفقة,180,
2022-07-01,1438,4543,,سمير السيد أحمد احمد مرتبات + مكافات عيد الاضحى المبارك 2022,,أقساط قروض بنك التنمية لبعض العاملين,20761.47,
2022-07-01,1438,4543,,سمير السيد أحمد احمد مرتبات + مكافات عيد الاضحى المبارك 2022,,التأمينات الاجتماعية,67716.61,
2022-07-01,1438,4543,,سمير السيد أحمد احمد مرتبات + مكافات عيد الاضحى المبارك 2022,,خصم كورونا,2018.49,
2022-07-01,1438,4543,,سمير السيد أحمد احمد مرتبات + مكافات عيد الاضحى المبارك 2022,,خصم جزاءات,217.11,
2022-07-01,1438,4543,,سمير السيد أحمد احمد مرتبات + مكافات عيد الاضحى المبارك 2022,,دمغة,173.21,
2022-07-01,1438,4543,,سمير السيد أحمد احمد مرتبات + مكافات عيد الاضحى المبارك 2022,,تامينات عاملين مستقطعه وتسدد لمكاتب تامينات بالمحافظات,3676.83,
2022-07-01,1439,69979200,,محمد مصطفى عبد الباقى بدل انتقال مكتب بنى سويف,مرتبات ومكافأة شاملة,بنك مصر,100,
2022-07-01,1440,69979201,,اشرف ابراهيم السيد بدل انتقال يونية 2022,مرتبات ومكافأة شاملة,,1200,
2022-07-01,1440,69979201,,اشرف ابراهيم السيد بدل انتقال يونية 2022,,بنك مصر,1080,
2022-07-01,1440,69979201,,اشرف ابراهيم السيد بدل انتقال يونية 2022,,ضريبة كسب العمل,120,
2022-07-01,1441,69979202,,ابراهيم عبد الله حسيب بدل انتقال يونية 2022,مرتبات ومكافأة شاملة,,1965,
2022-07-01,1441,69979202,,ابراهيم عبد الله حسيب بدل انتقال يونية 2022,,بنك مصر,1770,
2022-07-01,1441,69979202,,ابراهيم عبد الله حسيب بدل انتقال يونية 2022,,ضريبة كسب العمل,195,
2022-07-01,1442,69979203,,ايمن عبد العزيز عبد الله بدل انتقال يونية 2022,مرتبات ومكافأة شاملة,,2445,
2022-07-01,1442,69979203,,ايمن عبد العزيز عبد الله بدل انتقال يونية 2022,,بنك مصر,2250,
2022-07-01,1442,69979203,,ايمن عبد العزيز عبد الله بدل انتقال يونية 2022,,ضريبة كسب العمل,195,
2022-07-01,1443,69979205,,محمد كرم عباس محمد بدل انتقال يونية 2022,مرتبات ومكافأة شاملة,,1965,
2022-07-01,1443,69979205,,محمد كرم عباس محمد بدل انتقال يونية 2022,,بنك مصر,1770,
2022-07-01,1443,69979205,,محمد كرم عباس محمد بدل انتقال يونية 2022,,ضريبة كسب العمل,195,
2022-07-01,1444,69979206,,محمد داود حسين بدل انتقال يونية 2022,مرتبات ومكافأة شاملة,,900,
2022-07-01,1444,69979206,,محمد داود حسين بدل انتقال يونية 2022,,بنك مصر,810,
2022-07-01,1444,69979206,,محمد داود حسين بدل انتقال يونية 2022,,ضريبة كسب العمل,90,
2022-07-01,1445,69979207,,عبد العليم محمد ابو الوفا بدل انتقال يونية 2022,مرتبات ومكافأة شاملة,,900,
2022-07-01,1445,69979207,,عبد العليم محمد ابو الوفا بدل انتقال يونية 2022,,بنك مصر,810,
2022-07-01,1445,69979207,,عبد العليم محمد ابو الوفا بدل انتقال يونية 2022,,ضريبة كسب العمل,90,
2022-07-01,1446,69979208,,صالح محمد نسيم بدل انتقال يونية 2022 مكتب العاشر,مرتبات ومكافأة شاملة,,1000,
2022-07-01,1446,69979208,,صالح محمد نسيم بدل انتقال يونية 2022 مكتب العاشر,,بنك مصر,900,
2022-07-01,1446,69979208,,صالح محمد نسيم بدل انتقال يونية 2022 مكتب العاشر,,ضريبة كسب العمل,100,
2022-07-01,1447,69979209,,محمد بهاء الدين محمد بدل انتقال يونية 2022,مرتبات ومكافأة شاملة,,1200,
2022-07-01,1447,69979209,,محمد بهاء الدين محمد بدل انتقال يونية 2022,,بنك مصر,1080,
2022-07-01,1447,69979209,,محمد بهاء الدين محمد بدل انتقال يونية 2022,,ضريبة كسب العمل,120,
2022-07-01,1448,69979210,,محمد حسنى محمد تونى بدل انتقال يونية 2022,مرتبات ومكافأة شاملة,,1200,
2022-07-01,1448,69979210,,محمد حسنى محمد تونى بدل انتقال يونية 2022,,بنك مصر,1080,
2022-07-01,1448,69979210,,محمد حسنى محمد تونى بدل انتقال يونية 2022,,ضريبة كسب العمل,120,
2022-07-01,1449,69979211,,عزت عبد الوهاب احمد بدل انتقال يونية 2022,مرتبات ومكافأة شاملة,,3450,
2022-07-01,1449,69979211,,عزت عبد الوهاب احمد بدل انتقال يونية 2022,,بنك مصر,3260,
2022-07-01,1449,69979211,,عزت عبد الوهاب احمد بدل انتقال يونية 2022,,ضريبة كسب العمل,190,
2022-07-01,1450,69979212,,محمد درديرى محمد بدل انتقال يونية 2022,مرتبات ومكافأة شاملة,بنك مصر,1500,
2022-07-01,1451,69979213,,هانى محمد عبد اللاه اعانه يونية 2022 الجيزة,اعانات اجتماعية,بنك مصر,200,
2022-07-01,1452,69979214,,سناء مصطفى محمد اعانه يونية 2022 القاهرة,اعانات اجتماعية,بنك مصر,100,
2022-07-01,1453,69979215,,ساميه احمد محمود اعانه يونية 2022 القاهرة,اعانات اجتماعية,بنك مصر,75,
2022-07-01,1454,69979216,,نبوية عاشور محمود اعانه يونية 2022 القاهرة,اعانات اجتماعية,بنك مصر,350,
2022-07-01,1455,69979217,,كوثر احمد محمود اعانه يونية 2022 القاهرة,اعانات اجتماعية,بنك مصر,75,
2022-07-01,1456,69979218,,هانم فؤاد حنفى محمد اعانه يونية 2022 القاهرة,اعانات اجتماعية,بنك مصر,400,
2022-07-01,1457,69979219,,نعناعة عبد الرحمن احمد خلف اعانه يونيه 2022 القاهرة,اعانات اجتماعية,بنك مصر,450,
2022-07-01,1458,69979220,,نجيه محمد يحيى خيل اعانه يونية 2022 القاهرة,اعانات اجتماعية,بنك مصر,450,
2022-07-01,1459,69979221,,سحر رمضان عبد المجيد عبد الوهاب اعانه يونية 2022 شبين الكوم,اعانات اجتماعية,بنك مصر,350,
2022-07-01,1460,69979222,,طارق سيد على خلاف على خلاف مصروفات السيارتين ( توسان - البيجو ) + مكافاه جهود,السيارة,بنك مصر,5860.23,
2022-07-01,1461,69979223,,هشام مصطفى محمد عبد المعطى محمد عبد المعطة بدل سفر وانتقال + اعاشه + جهود للسفر لمصيف مرسى مطروح لنقل ملكية عدادات الكهرباء,مصروفات مصيف مطروح,,7160,
2022-07-01,1461,69979223,,هشام مصطفى محمد عبد المعطى محمد عبد المعطة بدل سفر وانتقال + اعاشه + جهود للسفر لمصيف مرسى مطروح لنقل ملكية عدادات الكهرباء,,بنك مصر,7130,
2022-07-01,1461,69979223,,هشام مصطفى محمد عبد المعطى محمد عبد المعطة بدل سفر وانتقال + اعاشه + جهود للسفر لمصيف مرسى مطروح لنقل ملكية عدادات الكهرباء,,ضرائب الخصم والاضافة,30,
2022-07-01,1462,69979224,,كريم ابراهيم عبد الحميد شراء مستلزمات وادوات كتابية,مستلزمات مكتب رئيس مجلس الإدارة,,6203,
2022-07-01,1462,69979224,,كريم ابراهيم عبد الحميد شراء مستلزمات وادوات كتابية,,بنك مصر,6142.7,
2022-07-01,1462,69979224,,كريم ابراهيم عبد الحميد شراء مستلزمات وادوات كتابية,,ضرائب الخصم والاضافة,60.3,
2022-07-01,1463,69979225,,كريم ابراهيم عبد الحميد شراء مستلزمات طبيه جونتات,مستلزمات مكتب رئيس مجلس الإدارة,,6783.5,
2022-07-01,1463,69979225,,كريم ابراهيم عبد الحميد شراء مستلزمات طبيه جونتات,,بنك مصر,6717.67,
2022-07-01,1463,69979225,,كريم ابراهيم عبد الحميد شراء مستلزمات طبيه جونتات,,ضرائب الخصم والاضافة,65.83,
2022-07-01,1464,69979226,,مركز تدريب النقابة العامة سلفة للمركز,مركز التدريب,بنك مصر,30000,
2022-07-01,1465,4544,,جوزيف فؤاد ايوب مصروفات السيارة الميكروباص تغير زيت,السيارة,بنك العمال 1,1060,
2022-07-01,1466,4545,,طارق سيد على خلاف على خلاف مصروفات السيارتين ( توسان - البيجو ) + مكافاه جهود,السيارة,بنك العمال 1,6572.35,
2022-07-01,1467,4546,,طارق سيد على خلاف على خلاف استكمال عهده السيارة السولارس,مدينون متنوعون,بنك العمال 1,10000,
2022-07-01,1468,4547,,كريم ابراهيم عبد الحميد مصروفات ادوات نظافة ومشروبات,مستلزمات مكتب رئيس مجلس الإدارة,بنك العمال 1,5165.5,
2022-07-01,1469,4548,,عماد الدين محمد مبروك شراء مستلزمات للحاسبات الاليه + بدل انتقال,انتقالات داخلية,,200,
2022-07-01,1469,4548,,عماد الدين محمد مبروك شراء مستلزمات للحاسبات الاليه + بدل انتقال,مستلزمات كمبيوتر,,1360,
2022-07-01,1469,4548,,عماد الدين محمد مبروك شراء مستلزمات للحاسبات الاليه + بدل انتقال,,بنك العمال 1,1560,
2022-07-01,1470,4549,,عبد الناصر بكر احمد بدل سفر وانتقال من اسيوط للقاهرة والعودة,بدل سفر وانتقال,بنك العمال 1,4700,
2022-07-01,1471,4550,,اسامة على محمود بدل عمل بعد مواعيد العمل الرسمية,مكافأت وبدل العمل أيام الاجازات الرسمية,بنك العمال 1,560,
2022-07-01,1472,4551,,ايمن عبد العزيز عبد الله مصروفات الشئون القانونية,مصاريف محاماة,بنك العمال 1,7415,
2022-07-01,1473,4552,,حسنين ابراهيم حسنين عهده لحين التسويه لاستضافة وفد من قيادات المنطقة العربية بالاتحاد الدولى لعمال البناء والاخشاب,مدينون متنوعون,بنك العمال 1,25000,
2022-07-01,1474,4553,,سمير السيد أحمد احمد  مساهمات,مدينون متنوعون,بنك العمال 1,15000,
2022-07-01,1475,4554,,هشام مصطفى محمد عبد المعطى عبد المعطى استعاضة مرسى مطروح,مصروفات مصيف مطروح,بنك العمال 1,29314,
2022-07-02,1476,69979227,,هشام مصطفى محمد عبد المعطى عبد المعطى مساهمات,مدينون متنوعون,بنك مصر,30000,
2022-07-01,1477,69979228,,عماد الدين محمد مبروك عهده لشراء كيسه حاسب الى لمكتب دمنهور,مدينون متنوعون,بنك مصر,5000,
2022-07-01,1478,69979229,,عاطف ابا زيد مرسى استعاضة المصروفات الادارية,اكراميات ونثريات,,750,
2022-07-01,1478,69979229,,عاطف ابا زيد مرسى استعاضة المصروفات الادارية,كهرباء,,2018.5,
2022-07-01,1478,69979229,,عاطف ابا زيد مرسى استعاضة المصروفات الادارية,تليفون,,1414.61,
2022-07-01,1478,69979229,,عاطف ابا زيد مرسى استعاضة المصروفات الادارية,ضيافة وبوفيه,,293,
2022-07-01,1478,69979229,,عاطف ابا زيد مرسى استعاضة المصروفات الادارية,مطبوعات وادوات كتابية,,140,
2022-07-01,1478,69979229,,عاطف ابا زيد مرسى استعاضة المصروفات الادارية,ادوات نظافة ومنظفات,,255,
2022-07-01,1478,69979229,,عاطف ابا زيد مرسى استعاضة المصروفات الادارية,النت,,250,
2022-07-01,1478,69979229,,عاطف ابا زيد مرسى استعاضة المصروفات الادارية,مدينون متنوعون,,8995.85,
2022-07-01,1478,69979229,,عاطف ابا زيد مرسى استعاضة المصروفات الادارية,,بنك مصر,14116.96,
2022-07-01,1479,69979230,,حنان عاطف محمود طاهر استعاضة مصروفات الادوية,علاج ومستلزمات طبية,بنك مصر,3147,
2022-07-01,1480,69979231,,عماد الدين محمد مبروك عهده لحين التسويه لشراء مستلزمات حاسب الى,مدينون متنوعون,بنك مصر,1200,
2022-07-01,1481,69979232,,طارق ابراهيم سليمان مكافاة جهود,مكافأت وبدل العمل أيام الاجازات الرسمية,بنك مصر,6000,
2022-07-01,1482,69979233,,طارق سيد على خلاف على خلاف مصروفات السيارة رقم 564,السيارة,بنك مصر,8038.9,
2022-07-01,1483,69979234,,كريم ابراهيم عبد الحميد عهده لحين التسويه لتنفيذ اجتماع شعبه الاسمنت,مدينون متنوعون,بنك مصر,10000,
2022-07-01,1484,69979235,,حسنين ابراهيم حسنين عهده لحين التسويه لحضور فعاليات المؤتمر العالمى الخامس للاتحاد الدولى باسبانيا,مدينون متنوعون,بنك مصر,7000,
2022-07-01,1485,69979236,,عاطف ابا زيد مرسى استعاضة المصروفات الادارية,مصروفات إدارية المقر الرئيسى,بنك مصر,8369.75,
2022-07-01,1486,4555,,هشام مصطفى محمد عبد المعطى عبد المعطى استعاضة مرسى مطروح,مصروفات مصيف مطروح,بنك العمال 1,31625,
2022-07-01,1487,69979237,,سمير السيد أحمد احمد بدل عمل ايام الاجازات + مكافات عيد الاضحى المبارك 2022 للمتعاونين مع النقابة,مكافأت وبدل العمل أيام الاجازات الرسمية,بنك مصر,6400,
2022-07-02,1488,69979238,,عبد الحميد الخولى  مكتب بورسعيد,مدينون متنوعون,بنك مصر,15992,
2022-07-03,1489,69979239,,احمد محمد مصطفى مصروفات مكاتب الفيوم ( اطسا - طامية - ابشواى - يوسف الصديق - سنورس ) + بدل سفر وانتقال + مكافاة عيد الاضحى المبارك 2022,مكاتب شئون العضوية,بنك مصر,18180,
2022-07-04,1490,69979240,,محمد مصطفى رمضان مصروفات المكتب + بدل سفر وانتقال + مكافاة عيد الاضحى يونية 2022 مكتب دمنهور,مدينون متنوعون,بنك مصر,6100,
2022-07-05,1491,69979241,,حسين ثابت حسن,مدينون متنوعون,بنك مصر,16490,
2022-07-06,1492,69979242,,الحسين حامد محمود مصاريف المكتب,مدينون متنوعون,بنك مصر,9787,
2022-07-07,1493,69979243,,دعاء حسين رمضان رمضان مكتب بنى سويف,مدينون متنوعون,بنك مصر,23998,
2022-07-08,1494,69979244,,نادية محمد ابو القاسم     مكتب اسوان,مدينون متنوعون,بنك مصر,14256.25,
2022-07-01,1495,69979245,,نجوى ابراهيم عبده على مصروفات المكتب + بدل سفر وانتقال + مساهمات عيد الاضحى 2022 مكتب دسوق,مدينون متنوعون,بنك مصر,12581,
2022-07-01,1496,69979248,,محمد محمد حسن مصروفات مجمع اللجان  بالاسكندرية+ مكاتب دمنهور وكفر الشيخ والبحيرة + بدل سفر وانتقال,بدل سفر وانتقال,بنك مصر,5804.95,
2022-07-01,1497,69979249,,ماضى تمام عبد العزيز مصروفات المكتب + بدل سفر وانتقال + مكافاة شهر يونية 2022 مكتب فرشوط,مدينون متنوعون,بنك مصر,6009,
2022-07-01,1498,69979250,,محمود حسن حسين مصروفات المكتب + بدل سفر وانتقال + مكافة شهر يونية 2022 + مكافاة عيد الاضحى مكتب السويس,مدينون متنوعون,بنك مصر,5050,
2022-07-01,1499,69979251,,منصور عبد اللطيف عبد الله مصروفات المكتب عن شهر يونيه ويوليو 2022 + بدل سفر وانتقال + مكافاة عيد الاضحى مكتب كفر صقر,مدينون متنوعون,بنك مصر,4500,
2022-07-01,1500,69979252,,محمود ابراهيم محمد زهران محمود زهران مصروفات المكتب + بدل سفر وانتقال + مكافاة شهر يونية 2022 + مكافة عيد الاضحى مكتب زفتى,مدينون متنوعون,بنك مصر,4921,
2022-07-01,1501,69979253,,جيهان موسى محمد الشجاعى محمد السجاعى محمد مصروفات المكتب + مساهمات عيد الاضحى 2022 مكتب منيا القمح,مدينون متنوعون,بنك مصر,14500,
2022-07-01,1502,69979281,,محمد مصطفى عبد الباقى بدل انتقال يوليو 2022 مكتب بنى سويف,مرتبات ومكافأة شاملة,بنك مصر,100,
2022-07-01,1503,69979282,,اشرف ابراهيم السيد بدل انتقال يوليو 2022,مرتبات ومكافأة شاملة,,1200,
2022-07-01,1503,69979282,,اشرف ابراهيم السيد بدل انتقال يوليو 2022,,بنك مصر,1080,
2022-07-01,1503,69979282,,اشرف ابراهيم السيد بدل انتقال يوليو 2022,,ضريبة كسب العمل,120,
2022-07-01,1504,69979283,,ابراهيم عبد الله حسيب بدل انتقال يوليو 2022,مرتبات ومكافأة شاملة,,1965,
2022-07-01,1504,69979283,,ابراهيم عبد الله حسيب بدل انتقال يوليو 2022,,بنك مصر,1770,
2022-07-01,1504,69979283,,ابراهيم عبد الله حسيب بدل انتقال يوليو 2022,,ضريبة كسب العمل,195,
2022-07-01,1505,69979286,,ايمن عبد العزيز عبد الله بدل انتقال يوليو 2022,مرتبات ومكافأة شاملة,,2195,
2022-07-01,1505,69979286,,ايمن عبد العزيز عبد الله بدل انتقال يوليو 2022,,بنك مصر,2000,
2022-07-01,1505,69979286,,ايمن عبد العزيز عبد الله بدل انتقال يوليو 2022,,ضريبة كسب العمل,195,
2022-07-01,1506,69979287,,محمد كرم عباس محمد بدل انتقال يوليو 2022,مرتبات ومكافأة شاملة,,1965,
2022-07-01,1506,69979287,,محمد كرم عباس محمد بدل انتقال يوليو 2022,,بنك مصر,1770,
2022-07-01,1506,69979287,,محمد كرم عباس محمد بدل انتقال يوليو 2022,,ضريبة كسب العمل,195,
2022-07-01,1507,69979288,,محمد داود حسين بدل انتقال يوليو 2022,مرتبات ومكافأة شاملة,,900,
2022-07-01,1507,69979288,,محمد داود حسين بدل انتقال يوليو 2022,,بنك مصر,810,
2022-07-01,1507,69979288,,محمد داود حسين بدل انتقال يوليو 2022,,ضريبة كسب العمل,90,
2022-07-01,1508,69979289,,عبد العليم محمد ابو الوفا بدل انتقال يوليو 2022,مرتبات ومكافأة شاملة,,900,
2022-07-01,1508,69979289,,عبد العليم محمد ابو الوفا بدل انتقال يوليو 2022,,بنك مصر,810,
2022-07-01,1508,69979289,,عبد العليم محمد ابو الوفا بدل انتقال يوليو 2022,,ضريبة كسب العمل,90,
2022-07-01,1509,69979290,,صالح محمد نسيم بدل انتقال يوليو 2022 مكتب العاشر,مرتبات ومكافأة شاملة,,1000,
2022-07-01,1509,69979290,,صالح محمد نسيم بدل انتقال يوليو 2022 مكتب العاشر,,بنك مصر,900,
2022-07-01,1509,69979290,,صالح محمد نسيم بدل انتقال يوليو 2022 مكتب العاشر,,ضريبة كسب العمل,100,
2022-07-01,1510,69979291,,محمد حسنى محمد تونى بدل انتقال يوليو 2022,مرتبات ومكافأة شاملة,,1200,
2022-07-01,1510,69979291,,محمد حسنى محمد تونى بدل انتقال يوليو 2022,,بنك مصر,1080,
2022-07-01,1510,69979291,,محمد حسنى محمد تونى بدل انتقال يوليو 2022,,ضريبة كسب العمل,120,
2022-07-01,1511,69979292,,محمد بهاء الدين محمد بدل انتقال يوليو 2022,مرتبات ومكافأة شاملة,,1200,
2022-07-01,1511,69979292,,محمد بهاء الدين محمد بدل انتقال يوليو 2022,,بنك مصر,1080,
2022-07-01,1511,69979292,,محمد بهاء الدين محمد بدل انتقال يوليو 2022,,ضريبة كسب العمل,120,
2022-07-01,1512,69979293,,عزت عبد الوهاب احمد بدل انتقال يوليو 2022,مرتبات ومكافأة شاملة,,3660,
2022-07-01,1512,69979293,,عزت عبد الوهاب احمد بدل انتقال يوليو 2022,,بنك مصر,3492,
2022-07-01,1512,69979293,,عزت عبد الوهاب احمد بدل انتقال يوليو 2022,,ضريبة كسب العمل,168,
2022-07-01,1513,69979294,,محمد درديرى محمد بدل انتقال يوليو 2022,جهاز مشروعات أسيوط,بنك مصر,1500,
2022-07-01,1514,69979295,,هانى محمد عبد اللاه اعانه يوليو 2022 الجيزة,اعانات اجتماعية,بنك مصر,200,
2022-07-01,1515,69979296,,سناء مصطفى محمد اعانه يوليو 2022 القاهرة,اعانات اجتماعية,بنك مصر,100,
2022-07-01,1516,69979297,,نبوية عاشور محمود اعانه يوليو 2022 القاهرة,اعانات اجتماعية,بنك مصر,350,
2022-07-01,1517,69979298,,هانم فؤاد حنفى محمد اعانه يوليو 2022 القاهرة,اعانات اجتماعية,بنك مصر,400,
2022-07-01,1518,69979299,,نعناعة عبد الرحمن احمد خلف اعانه يوليو 2022 القاهرة,اعانات اجتماعية,بنك مصر,450,
2022-07-01,1519,69979300,,نجيه محمد يحيى خيل اعانه يوليو 2022 القاهرة,اعانات اجتماعية,بنك مصر,450,
2022-07-01,1520,69979301,,ماجدة عبد الله عبد اللطيف اعانه يوليو 2022 القاهرة,اعانات اجتماعية,بنك مصر,200,
2022-07-01,1521,69979302,,نعيمة مصطفى محمد على اعانه يوليو 2022 القاهرة,اعانات اجتماعية,بنك مصر,150,
2022-07-01,1522,69979303,,سحر رمضان عبد المجيد عبد الوهاب اعانه يوليو 2022 شبين الكوم,اعانات اجتماعية,بنك مصر,350,
2022-07-01,1523,69979304,,كريمة احمد عبد الفتاح محمد اعانه يوليو 2022 القاهرة,اعانات اجتماعية,بنك مصر,100,
2022-07-01,1524,69979305,,رمضان اسماعيل احمد اعانه يوليو 2022 بنى سويف,اعانات اجتماعية,بنك مصر,75,
2022-07-01,1525,69979306,,بشرى عيسى عبد المجيد اعانه يوليو 2022 زفتى,اعانات اجتماعية,بنك مصر,75,
2022-07-01,1526,69979307,,فاطمة حمود بكرى محمد اعانه يوليو 2022 فرشوط,اعانات اجتماعية,بنك مصر,150,
2022-07-01,1527,69979309,,فاطمة حنفى على مطاوع اعانة يوليو 2022 القاهرة,اعانات اجتماعية,بنك مصر,350,
2022-07-01,1528,69979310,,رجاء عبد الفتاح محمد اعانه يوليو 2022 الفيوم,اعانات اجتماعية,بنك مصر,450,
2022-07-01,1529,69979311,,مصطفى محمد شمندى عهده لحين التسويه لتقوية شبكة النت,مدينون متنوعون,بنك مصر,3000,
2022-07-01,1530,69979312,,عماد الدين محمد مبروك عهده لشراء احبار,مدينون متنوعون,بنك مصر,2200,
2022-07-01,1531,69979313,,عماد الدين محمد مبروك عهده لشراء طابعة لمكتب الجيزة,مدينون متنوعون,بنك مصر,5000,
2022-07-01,1532,69979314,,محمد محمد حسن استعاضة مجمع اللجان بالاسكندرية يوليو 2022,مجمع لجان الإسكندرية,بنك مصر,583.1,
2022-07-01,1533,69979315,,محمود احمد مكى مصروفات مكتب ارمنت من شهر مارس حتى يونية 2022,مكاتب شئون العضوية,بنك مصر,7700,
2022-07-01,1534,69979316,,صلاح محمد عبد الستار مصروفات المكتب + بدل انتقال الاعضاء مكتب منيه النصر,مكاتب شئون العضوية,بنك مصر,4750,
2022-07-01,1535,69979317,,ابو عسران فاروق محمد مصروفات المكتب + بدل تفرغ مكتب دشنا,مكاتب شئون العضوية,بنك مصر,17900,
2022-07-01,1536,69979318,,طه رمضان حجازى مصروفات مكتب الجيزة,مكاتب شئون العضوية,بنك مصر,1072,
2022-07-01,1537,69979319,,السيد عبد المجيد محمد العماوى مصروفات المكتب + بدل انتقال + مكافاة عيد الاضحى يونية 2022,مدينون متنوعون,بنك مصر,4710,
2022-07-01,1538,69979320,,طارق بدوى محمود مصروفات المكتب + اعانات يونية 2022 مكتب المنزلة,مكاتب شئون العضوية,بنك مصر,1840,
2022-07-01,1539,69979321,,الشاذلى على محمد الشاذلى نصروفات المكتب + مكافاة رئيس المكتب يونيو 2022,مكاتب شئون العضوية,بنك مصر,2725,
2022-07-01,1540,69979322,,مؤسسة دار الهلال نشر واعلان ثورة 30 يونيو,اعلانات,,2000,
2022-07-01,1540,69979322,,مؤسسة دار الهلال نشر واعلان ثورة 30 يونيو,,بنك مصر,1940,
2022-07-01,1540,69979322,,مؤسسة دار الهلال نشر واعلان ثورة 30 يونيو,,ضرائب الخصم والاضافة,60,
2022-07-01,1541,69979323,,عدلى احمد عبد العال مصروفات مكتبى نجع حمادى وقنا + بدل سفر وانتقال,مكاتب شئون العضوية,بنك مصر,11100,
2022-07-01,1542,69979324,,دار ايام الاسبوع للتوريدات نشر واعلان ثورة 30 يونيو,اعلانات,,2000,
2022-07-01,1542,69979324,,دار ايام الاسبوع للتوريدات نشر واعلان ثورة 30 يونيو,,بنك مصر,1910,
2022-07-01,1542,69979324,,دار ايام الاسبوع للتوريدات نشر واعلان ثورة 30 يونيو,,ضرائب الخصم والاضافة,90,
2022-07-01,1543,69979326,,جريدة الاهالى نشر واعلان ثورة 30 يونيو,اعلانات,,3420,
2022-07-01,1543,69979326,,جريدة الاهالى نشر واعلان ثورة 30 يونيو,,بنك مصر,3317.4,
2022-07-01,1543,69979326,,جريدة الاهالى نشر واعلان ثورة 30 يونيو,,ضرائب الخصم والاضافة,102.6,
2022-07-01,1544,69979328,,مجلة اكتوبر نشر واعلان ثورة 30 يونيو,اعلانات,,3432,
2022-07-01,1544,69979328,,مجلة اكتوبر نشر واعلان ثورة 30 يونيو,,بنك مصر,3330,
2022-07-01,1544,69979328,,مجلة اكتوبر نشر واعلان ثورة 30 يونيو,,ضرائب الخصم والاضافة,102,
2022-07-01,1545,69979329,,عاطف ابا زيد مرسى استعاضة المصروفات الادارية,مصروفات إدارية المقر الرئيسى,بنك مصر,4917.38,
2022-07-01,1546,69979330,,مصطفى محمد شمندى تسويه لتقوية شبكة النت وشراء ادوات كهربائية,صيانه,,4770,
2022-07-01,1546,69979330,,مصطفى محمد شمندى تسويه لتقوية شبكة النت وشراء ادوات كهربائية,,بنك مصر,1739,
2022-07-01,1546,69979330,,مصطفى محمد شمندى تسويه لتقوية شبكة النت وشراء ادوات كهربائية,,مدينون متنوعون,3000,
2022-07-01,1546,69979330,,مصطفى محمد شمندى تسويه لتقوية شبكة النت وشراء ادوات كهربائية,,ضرائب الخصم والاضافة,31,
2022-07-01,1547,69979331,,ايمن عبد العزيز عبد الله مصروفات الشئون القانونية,مصاريف محاماة,بنك مصر,8955,
2022-07-01,1548,69979332,,محمود حسن حسين مصروفات المكتب + بدل سفر وانتقال + مكافاة شهر يوليو 2022  مكتب السويس,بدل سفر وانتقال,بنك مصر,4250,
2022-07-01,1549,69979333,,احمد نعمان محمد  محمد مصروفات المكتب + بدل سفر وانتقال عن شهرى يونيو ويوليو 2022 مكتب المنصورة,مدينون متنوعون,بنك مصر,6560,
2022-07-01,1550,69979334,,ماضى تمام عبد العزيز مصروفات المكتب + بدل سفر وانتقال مكتب فرشوط,مدينون متنوعون,بنك مصر,6025,
2022-07-01,1551,69979335,,بنك التنمية الصناعية فرع الجلاء قسط القرض عن شهرى يونية ويوليو 2022,أقساط قروض بنك التنمية لبعض العاملين,بنك مصر,49542.44,
2022-07-01,1552,69979336,,مجلة العمل نشر واعلان ثورة 30 يونيو,اعلانات,بنك مصر,6000,
2022-07-01,1553,69979337,,محمد سعود امير عهده لحين التسويه لعمل اختام الدورة النقابية الجديدة للجان التابعة,مدينون متنوعون,بنك مصر,10000,
2022-07-01,1554,69979338,,احمد محمد احمد مساهمة نظارة مكتب طنطا,علاج ومستلزمات طبية,بنك مصر,300,
2022-07-01,1555,69979339,,كريم ابراهيم عبد الحميد تسويه عهده اجتماع شعبه الاسمنت + مكافاه جهود,علاقات عامة,,15892,
2022-07-01,1555,69979339,,كريم ابراهيم عبد الحميد تسويه عهده اجتماع شعبه الاسمنت + مكافاه جهود,,بنك مصر,5826.4,
2022-07-01,1555,69979339,,كريم ابراهيم عبد الحميد تسويه عهده اجتماع شعبه الاسمنت + مكافاه جهود,,مدينون متنوعون,10000,
2022-07-01,1555,69979339,,كريم ابراهيم عبد الحميد تسويه عهده اجتماع شعبه الاسمنت + مكافاه جهود,,ضرائب الخصم والاضافة,65.6,
2022-07-01,1556,69979340,,جابر حنفى محمود بدل انتقال حضور جلسات عن شهر يونية 2022,لجان ثلاثية,بنك مصر,385,
2022-07-01,1557,69979341,,محمود محمد محمود بخاطرة بدل سفر وانتقال من الشرقية للقاهرة والعودة,بدل سفر وانتقال,بنك مصر,350,
2022-07-01,1558,69979342,,حسنين ابراهيم حسنين عهده لحين التسويه بناء على الدعوة الموجه للنقابة العامه من الاتحاد المهنى لنقابات عمال البناء والسدود بسوريا لحضور اجتماع المجلس المركزى للاتحاد الدولى,مدينون متنوعون,بنك مصر,20000,
2022-07-01,1559,69979254,,سمير السيد أحمد احمد مرتبات العاملين عن شهر يوليو 2022,مرتبات ومكافأة شاملة,بنك مصر,50000,
2022-07-01,1560,69979255,,سمير السيد أحمد احمد مرتبات العاملين عن شهر يوليو 2022,مرتبات ومكافأة شاملة,بنك مصر,50000,
2022-07-01,1561,69979256,,سمير السيد أحمد احمد مرتبات العاملين عن شهر يوليو 2022,مرتبات ومكافأة شاملة,بنك مصر,50000,
2022-07-01,1562,69979257,,سمير السيد أحمد احمد باقى مرتبات العاملين عن شهر يوليو 2022,مرتبات ومكافأة شاملة,بنك مصر,48400,
2022-07-01,1563,,,سمير السيد أحمد احمد مرتبات شهر يوليو ( باقى القيد المرتبات ),بدلات أعضاء مجلس الادارة,,13310,
2022-07-01,1563,,,سمير السيد أحمد احمد مرتبات شهر يوليو ( باقى القيد المرتبات ),مرتبات ومكافأة شاملة,,91274.21,
2022-07-01,1563,,,سمير السيد أحمد احمد مرتبات شهر يوليو ( باقى القيد المرتبات ),مدينون متنوعون,,32935.92,
2022-07-01,1563,,,سمير السيد أحمد احمد مرتبات شهر يوليو ( باقى القيد المرتبات ),,سلف العاملين,34328,
2022-07-01,1563,,,سمير السيد أحمد احمد مرتبات شهر يوليو ( باقى القيد المرتبات ),,تأمين تكافلى,6645.11,
2022-07-01,1563,,,سمير السيد أحمد احمد مرتبات شهر يوليو ( باقى القيد المرتبات ),,ضريبة كسب العمل,9485.66,
2022-07-01,1563,,,سمير السيد أحمد احمد مرتبات شهر يوليو ( باقى القيد المرتبات ),,أقساط النفقة,180,
2022-07-01,1563,,,سمير السيد أحمد احمد مرتبات شهر يوليو ( باقى القيد المرتبات ),,أقساط قروض بنك التنمية لبعض العاملين,20761.47,
2022-07-01,1563,,,سمير السيد أحمد احمد مرتبات شهر يوليو ( باقى القيد المرتبات ),,التأمينات الاجتماعية,60010.62,
2022-07-01,1563,,,سمير السيد أحمد احمد مرتبات شهر يوليو ( باقى القيد المرتبات ),,خصم كورونا,2084.89,
2022-07-01,1563,,,سمير السيد أحمد احمد مرتبات شهر يوليو ( باقى القيد المرتبات ),,خصم جزاءات,175.66,
2022-07-01,1563,,,سمير السيد أحمد احمد مرتبات شهر يوليو ( باقى القيد المرتبات ),,دمغة,171.89,
2022-07-01,1563,,,سمير السيد أحمد احمد مرتبات شهر يوليو ( باقى القيد المرتبات ),,تامينات عاملين مستقطعه وتسدد لمكاتب تامينات بالمحافظات,3676.83,
2022-07-01,1564,,,عماد الدين محمد مبروك تسويه عهدة شراء الاحبار,مستلزمات كمبيوتر,مدينون متنوعون,2200,
2022-07-01,1565,,,اللجنة النقابية النصر للمبانى ( ايجيكو القاهرة),بنك العمال 1,إيرادات من الجان الشركات والهيئات,10234.8,
2022-07-01,1566,,,شركة مصر الجديدة للاسكان والتعمير,بنك العمال 1,إيرادات من الجان الشركات والهيئات,3277.8,
2022-07-01,1567,,,شركة اسمنت بورتلاند حلوان,بنك العمال 1,إيرادات من الجان الشركات والهيئات,1063.8,
2022-07-01,1568,,,الشركة المتحدة للاسكان والتعمير,بنك العمال 1,إيرادات من الجان الشركات والهيئات,248.4,
2022-07-01,1569,,,شركة اسمنت بورتلاند الاسكندرية,بنك العمال 1,إيرادات من الجان الشركات والهيئات,334.8,
2022-07-01,1570,,,شركة اسمنت بورتلاند الاسكندرية,بنك العمال 1,إيرادات من الجان الشركات والهيئات,334.8,
2022-07-01,1571,,,شركة اسمنت بورتلاند الاسكندرية,بنك العمال 1,إيرادات من الجان الشركات والهيئات,334.8,
2022-07-01,1572,,,شركة اسمنت بنى سويف,بنك العمال 1,إيرادات من الجان الشركات والهيئات,413.1,
2022-07-02,1573,,,شركة اسمنت بنى سويف,بنك العمال 1,إيرادات من الجان الشركات والهيئات,413.1,
2022-07-01,1574,,,شركة الاسكندرية للحراريات مصنع سورناجا للسيراميك,بنك العمال 1,إيرادات من الجان الشركات والهيئات,386.1,
2022-07-02,1575,,,شركة الاسكندرية للحراريات مصنع سورناجا للسيراميك,بنك العمال 1,إيرادات من الجان الشركات والهيئات,386.1,
2022-07-01,1576,,,الشركة المتحدة للاسكان والتعمير,بنك العمال 1,إيرادات من الجان الشركات والهيئات,248.4,
2022-07-01,1577,,,شركة النصر للاسكان والتعمير,بنك العمال 1,إيرادات من الجان الشركات والهيئات,3750.3,
2022-07-01,1578,,,شركة النصر للاسكان والتعمير,بنك العمال 1,إيرادات من الجان الشركات والهيئات,3723.3,
2022-07-01,1579,,,شركة الشمس للاسكان والتعمير,بنك العمال 1,إيرادات من الجان الشركات والهيئات,3442.5,
2022-07-01,1580,,,شركة النيل العامة للطرق والكبارى,بنك العمال 1,إيرادات من الجان الشركات والهيئات,12625.2,
2022-07-01,1581,,,شركة النيل العامة للطرق والكبارى,بنك العمال 1,إيرادات من الجان الشركات والهيئات,12598.2,
2022-07-01,1582,,,شركة المعمورة للتعمير والتنمية,بنك العمال 1,إيرادات من الجان الشركات والهيئات,2352.6,
2022-07-01,1583,,,اللجنة المهنية ببلقاس حصة النقابة,بنك العمال 1,إيرادات من اللجان المهنية,24253.5,
2022-07-01,1584,,,المساهمة المصرية - القاهرة,بنك العمال 1,إيرادات من الجان الشركات والهيئات,939.6,
2022-07-01,1585,,,العامة لمنتجات الخزف والصينى,بنك العمال 1,إيرادات من الجان الشركات والهيئات,3105,
2022-07-01,1586,,,النصر للمبانى ( ايجيكو اسكندرية),بنك العمال 1,إيرادات من الجان الشركات والهيئات,858.6,
2022-07-02,1587,,,النصر للمبانى ( ايجيكو اسكندرية),بنك العمال 1,إيرادات من الجان الشركات والهيئات,869.4,
2022-07-01,1588,إيداع نقدى,,شركة النيل للانشاء والرصف ضمن ايداع سمير السيد أحمد 116942.9,بنك العمال 1,إيرادات من الجان الشركات والهيئات,5894,
2022-07-01,1589,إيداع نقدى,,دعاء حسين رمضان رمضان قسط سلفة ضمن ايداع سمير السيد أحمد 116942.9,بنك العمال 1,سلف العاملين,1700,
2022-07-01,1590,إيداع نقدى,,إيداع نقدى إيرادات مصيف مطروح  ضمن ايداع سمير السيد أحمد 116942.9,بنك العمال 1,إيرادات مصيف مطروح,105755,
2022-07-01,1591,إيداع نقدى,,خالد عبد العزيز عفيفى ضمن ايداع سمير السيد أحمد 116942.9 تاامينات+وثيقة,بنك العمال 1,,2900,
2022-07-01,1591,إيداع نقدى,,خالد عبد العزيز عفيفى ضمن ايداع سمير السيد أحمد 116942.9 تاامينات+وثيقة,,تأمين تكافلى,300,
2022-07-01,1591,إيداع نقدى,,خالد عبد العزيز عفيفى ضمن ايداع سمير السيد أحمد 116942.9 تاامينات+وثيقة,,التأمينات الاجتماعية,2600,
2022-07-01,1592,إيداع نقدى,,خالد عبد العزيز عفيفى مناولة سمير السيد أحمد احمد قسط الوثيقة والتامينات شهرين بنك مصر,بنك مصر,,2900,
2022-07-01,1592,إيداع نقدى,,خالد عبد العزيز عفيفى مناولة سمير السيد أحمد احمد قسط الوثيقة والتامينات شهرين بنك مصر,,تأمين تكافلى,300,
2022-07-01,1592,إيداع نقدى,,خالد عبد العزيز عفيفى مناولة سمير السيد أحمد احمد قسط الوثيقة والتامينات شهرين بنك مصر,,التأمينات الاجتماعية,2600,
2022-07-02,1593,إيداع نقدى,,المنزل للمفروشات ضمن ايداع سمير السيد أحمد 116942.9,بنك العمال 1,إيرادات من الجان الشركات والهيئات,693.9,
2022-07-01,1594,إيداع نقدى,,تحت حساب ايجار رابطة العاملين بشركة مصلا لاعمال الاسمنت المسلح مصيف جمصه 2022,بنك العمال 1,إيرادات مصيف جمصة,25000,
2022-07-01,1595,إيداع نقدى,,تحت حساب ايجار رابطة العاملين بشركة مصلا لاعمال الاسمنت المسلح مصيف جمصه 2022,بنك العمال 1,إيرادات مصيف جمصة,25000,
2022-07-01,1596,إيداع نقدى,,مكتب شئون عضوية باسيوط,بنك مصر,إيرادات مكاتب شئون العضوية,10000,
2022-07-01,1597,إيداع نقدى,,مكتب شئون عضوية بكفر صقر,بنك العمال 1,إيرادات مكاتب شئون العضوية,6120,
2022-07-01,1598,إيداع نقدى,,مكتب شئون عضوية بكفر الشيخ,بنك مصر,إيرادات مكاتب شئون العضوية,1440,
2022-07-01,1599,إيداع نقدى,,مكتب شئون عضوية بشبرا الخيمة,بنك مصر,إيرادات مكاتب شئون العضوية,2000,
2022-07-01,1600,إيداع نقدى,,مكتب شئون عضوية بالمنزلة,بنك مصر,إيرادات مكاتب شئون العضوية,2000,
2022-07-01,1601,إيداع نقدى,,مكتب شئون عضوية بالمنصورة ( ب ),بنك مصر,إيرادات مكاتب شئون العضوية,20000,
2022-07-01,1602,إيداع نقدى,,مكتب شئون عضوية السادس من اكتوبر,بنك مصر,إيرادات مكاتب شئون العضوية,3200,
2022-07-01,1603,إيداع نقدى,,مكتب شئون عضوية السنبلاوين,بنك مصر,إيرادات مكاتب شئون العضوية,22080,
2022-07-01,1604,إيداع نقدى,,مكتب شئون عضوية الجيزة,بنك العمال 1,إيرادات مكاتب شئون العضوية,3960,
2022-07-01,1605,إيداع نقدى,,مكتب شئون عضوية دشنا,بنك مصر,إيرادات مكاتب شئون العضوية,25000,
2022-07-01,1606,إيداع نقدى,,مكتب شئون عضوية اسوان,بنك العمال 1,إيرادات مكاتب شئون العضوية,3000,
2022-07-01,1607,إيداع نقدى,,مكتب شئون عضوية طامية,بنك مصر,إيرادات مكاتب شئون العضوية,18000,
2022-07-01,1608,إيداع نقدى,,اللجنة الادارية بمنية النصر,بنك مصر,إيرادات مكاتب شئون العضوية,22000,
2022-07-01,1609,,,طرق وكبارى قليوبية,بنك مصر,إيرادات من الجان الشركات والهيئات,168,
2022-07-01,1610,,,طرق ونقل طنطا - الغربية,بنك مصر,إيرادات من الجان الشركات والهيئات,298.5,
2022-07-01,1611,,,طرق ونقل دمنهور,بنك مصر,إيرادات من الجان الشركات والهيئات,783,
2022-07-01,1612,,,طرق ونقل الشرقية,بنك مصر,إيرادات من الجان الشركات والهيئات,2577,
2022-07-01,1613,,,منطقة القنال وسيناء االاسماعيلية,بنك مصر,إيرادات من الجان الشركات والهيئات,649.5,
2022-07-01,1614,,,طرق ونقل الخارجة الوادى الجديد,بنك مصر,إيرادات من الجان الشركات والهيئات,586.5,
2022-07-01,1615,,,طرق ونقل الجيزة,بنك مصر,إيرادات من الجان الشركات والهيئات,723.9,
2022-07-01,1616,,,طرق ونقل المنوفية,بنك مصر,إيرادات من الجان الشركات والهيئات,561,
2022-07-01,1617,,,طرق وكبارى سيناء,بنك مصر,إيرادات من الجان الشركات والهيئات,128.4,
2022-07-01,1618,,,شركة الفا جروب,بنك العمال 1,إيرادات من الجان الشركات والهيئات,1752,
2022-07-02,1619,,,شركة الفا جروب,بنك العمال 1,إيرادات من الجان الشركات والهيئات,1734,
2022-07-03,1620,,,شركة الفا جروب,بنك العمال 1,إيرادات من الجان الشركات والهيئات,1740,
2022-07-04,1621,,,الفا لصناعة السيراميك,بنك العمال 1,إيرادات من الجان الشركات والهيئات,1047,
2022-07-05,1622,,,الفا لصناعة السيراميك,بنك العمال 1,إيرادات من الجان الشركات والهيئات,1017,
2022-07-06,1623,,,الفا لصناعة السيراميك,بنك العمال 1,إيرادات من الجان الشركات والهيئات,999,
2022-07-07,1624,,,الفا لصناعة السيراميك,بنك العمال 1,إيرادات من الجان الشركات والهيئات,1071,
2022-07-08,1625,,,الفا لصناعة السيراميك,بنك العمال 1,إيرادات من الجان الشركات والهيئات,996,
2022-07-09,1626,,,الفا لصناعة السيراميك,بنك العمال 1,إيرادات من الجان الشركات والهيئات,1005,
2022-07-10,1627,,,الفا لصناعة السيراميك,بنك العمال 1,إيرادات من الجان الشركات والهيئات,1011,
2022-07-11,1628,,,الفا لصناعة السيراميك,بنك العمال 1,إيرادات من الجان الشركات والهيئات,1011,
2022-07-01,1629,,,لافارج لالسمنت,بنك مصر,إيرادات من الجان الشركات والهيئات,735,
2022-07-01,1630,,,عائد ودائع,بنك مصر,الإيرادات من عائد الودائع,42500,
2022-07-01,1631,,,عائد ودائع,بنك مصر,الإيرادات من عائد الودائع,31875,
2022-07-01,1632,,,مصروفات كشف حساب بنك مصر,بنكية,بنك مصر,50,
2022-07-01,1633,,,مكتب شئون عضوية ارمنت,بنك مصر,إيرادات مكاتب شئون العضوية,1350,
2022-07-01,1634,,,مصروفات كشف حساب بنك التنمية,بنكية,بنك العمال 1,910.78,
2022-07-01,1635,,,فائدة على قرض المؤسسة العمالية,المؤسسة الثقافية,بنك العمال 1,9176,
2022-07-01,1636,,,عموله على فائدة القرض,المؤسسة الثقافية,بنك العمال 1,1998,
2022-07-01,1637,,,مكتب فرشوط,بنك مصر,إيرادات مكاتب شئون العضوية,201,
2022-08-01,1638,69979258,,محمد رافت عبد القوى      ( وجبات غذائية ),مدينون متنوعون,بنك مصر,27300,
2022-08-01,1639,69979259,,كريم ابراهيم عبد الحميد ( عهدة ),مدينون متنوعون,بنك مصر,25000,
2022-08-01,1640,69979260,,رامى بهاء الدين محمد( اشكال لوقف التنفيذ ),مصاريف محاماة,بنك مصر,20912.9,
2022-08-01,1641,69979261,,احمد هشام السيد على ( تسوية العهدة),مطبوعات وادوات كتابية,,7235.67,
2022-08-01,1641,69979261,,احمد هشام السيد على ( تسوية العهدة),,بنك مصر,175.2,
2022-08-01,1641,69979261,,احمد هشام السيد على ( تسوية العهدة),,مدينون متنوعون,7000,
2022-08-01,1641,69979261,,احمد هشام السيد على ( تسوية العهدة),,ضرائب الخصم والاضافة,60.47,
2022-08-01,1642,69979262,,مسعد صالح محمد     مصروفات مكتب المنصورة 2,مدينون متنوعون,بنك مصر,26150.92,
2022-08-01,1643,69979263,,جمال عيد نصر الدين     بدل سفر وانتقال,مدينون متنوعون,بنك مصر,26250,
2022-08-01,1644,69979264,,عبد الناصر بكر احمد ( بدل سفر وانتقال ),بدل سفر وانتقال,بنك مصر,5555,
2022-08-01,1645,69979265,,طارق سيد على خلاف على ( جراج السيارات ),السيارة,,4660,
2022-08-01,1645,69979265,,طارق سيد على خلاف على ( جراج السيارات ),,بنك مصر,4520.2,
2022-08-01,1645,69979265,,طارق سيد على خلاف على ( جراج السيارات ),,ضرائب الخصم والاضافة,139.8,
2022-08-01,1646,69979266,,محمد مصطفى درويش ( مصروفات ابريل حتى يوليو وبدل سفر ),مدينون متنوعون,بنك مصر,2850,
2022-08-01,1647,69979267,,نجوى ابراهيم عبده ( مصروفات الكتب شهر يوليو  2022 ),مكاتب شئون العضوية,بنك مصر,3653,
2022-08-01,1648,69979268,,حسنين ابراهيم حسنين ( تسوية العهدة + مكافاة الجهود ),علاقات عامة,,27797.67,
2022-08-01,1648,69979268,,حسنين ابراهيم حسنين ( تسوية العهدة + مكافاة الجهود ),,بنك مصر,2033.67,
2022-08-01,1648,69979268,,حسنين ابراهيم حسنين ( تسوية العهدة + مكافاة الجهود ),,مدينون متنوعون,25000,
2022-08-01,1648,69979268,,حسنين ابراهيم حسنين ( تسوية العهدة + مكافاة الجهود ),,ضريبة كسب العمل,220,
2022-08-01,1648,69979268,,حسنين ابراهيم حسنين ( تسوية العهدة + مكافاة الجهود ),,ضرائب الخصم والاضافة,544,
2022-08-01,1649,69979269,,جريده  العالم العربى اليوم ( نشر اعلان ),اعلانات,,4500,
2022-08-01,1649,69979269,,جريده  العالم العربى اليوم ( نشر اعلان ),,بنك مصر,4365,
2022-08-01,1649,69979269,,جريده  العالم العربى اليوم ( نشر اعلان ),,ضرائب الخصم والاضافة,135,
2022-08-01,1650,69979270,,حنان عاطف محمود ( استعاضة ادوية,علاج ومستلزمات طبية,بنك مصر,3017.5,
2022-08-01,1651,69979271,,عبد الغفار احمد مصطفى ( اعانة يوليو 2022),اعانات اجتماعية,بنك مصر,75,
2022-08-01,1652,69979272,,سامية عبد الغنى عثمان حسن (اعانة  يوليو 2022 ),اعانات اجتماعية,بنك مصر,100,
2022-08-01,1653,69979273,,امل محمد سليمان( اعانة يوليو 2022),اعانات اجتماعية,بنك مصر,100,
2022-08-01,1654,69979274,,خميس احمد حسين احمد ( اعانة يوليو 2022),اعانات اجتماعية,بنك مصر,100,
2022-08-01,1655,69979275,,انور رجب مختار(اعانة يوليو 2022 ),اعانات اجتماعية,بنك مصر,75,
2022-08-01,1656,69979276,,محمد كمال محمود  (اعانة يوليو 2022),اعانات اجتماعية,بنك مصر,75,
2022-08-01,1657,69979277,,صلاح محمد عبد المقصود (  اعانة يوليو 2022 ),اعانات اجتماعية,بنك مصر,75,
2022-08-01,1658,69979278,,كوثر احمد عبده ( اعانة يوليو 2022 ),اعانات اجتماعية,بنك مصر,100,
2022-08-01,1659,69979279,,السيد فرغلى السيد ( اعانة يوليو 2022 ),اعانات اجتماعية,بنك مصر,300,
2022-08-01,1660,69979280,,عبد الصبور عبد العال حسين ( اعانة يوليو 2022 ),اعانات اجتماعية,بنك مصر,300,
2022-08-01,1661,69979343,,كريم إبراهيم عبد الحميد      تسوية عهدة,نشاط اجتماعى وثقافى,,30577,
2022-08-01,1661,69979343,,كريم إبراهيم عبد الحميد      تسوية عهدة,,بنك مصر,5577,
2022-08-01,1661,69979343,,كريم إبراهيم عبد الحميد      تسوية عهدة,,مدينون متنوعون,25000,
2022-08-01,1662,69979344,,عاطف ابازيد مرسي ( استعاضة ),مصروفات إدارية المقر الرئيسى,بنك مصر,4957,
2022-08-01,1663,69979345,,حسين ثلبت حسن,مدينون متنوعون,بنك مصر,16720,
2022-08-01,1664,69979346,,ايمن احمد مصطفى سلام مصطفى مصروفات يوليو 2022),مدينون متنوعون,بنك مصر,10865,
2022-08-01,1665,69979347,,طارق سيد على خلاف على ( عهدة ),مدينون متنوعون,بنك مصر,15000,
2022-08-01,1666,69979348,,طه رمضان حجازى ( مصروفات المكتب ),مكاتب شئون العضوية,بنك مصر,550,
2022-08-01,1667,69979349,,محمد مصطفى رمضان ( مصروفات المكتب ),مكاتب شئون العضوية,بنك مصر,5400,
2022-08-01,1668,69979350,,صلاح محمد عبد الستار مكتب منية النصر,مكاتب شئون العضوية,بنك مصر,6940,
2022-08-01,1669,69979351,,محمود ابراهيم محمد زهران محمود ( مصروفات المكتب ),مكاتب شئون العضوية,بنك مصر,4165,
2022-08-01,1670,69979352,,عبد المحسن ابو اليزيد حسن ( بدل حضور جلسات ),لجان ثلاثية,بنك مصر,735,
2022-08-01,1671,69979353,,شركة المجد للتجارة,صيانه,,1710,
2022-08-01,1671,69979353,,شركة المجد للتجارة,,بنك مصر,1665,
2022-08-01,1671,69979353,,شركة المجد للتجارة,,ضرائب الخصم والاضافة,45,
2022-08-01,1672,69979354,,شركة كاف لتامينات الحياة ( قسط ),تأمين تكافلى,بنك مصر,14918,
2022-08-01,1673,69979355,,عماد الدين محمد مبروك ( عهدة ),مدينون متنوعون,بنك مصر,1200,
2022-08-01,1674,69979356,,اسماء عبد المنعم فراج فراج     مكتب المنيا,مدينون متنوعون,بنك مصر,28533,
2022-08-01,1675,69979357,,سمير السيد أحمد احمد     وجبات غذائية,مدينون متنوعون,بنك مصر,22870,
2022-08-01,1676,69979358,,حسنين ابراهيم حسنين ( تسوية العهدة + السفر الى سوريا ),علاقات عامة,,20980,
2022-08-01,1676,69979358,,حسنين ابراهيم حسنين ( تسوية العهدة + السفر الى سوريا ),,بنك مصر,980,
2022-08-01,1676,69979358,,حسنين ابراهيم حسنين ( تسوية العهدة + السفر الى سوريا ),,مدينون متنوعون,20000,
2022-08-01,1677,69979359,,علاء عبد الحميد توفيق ( مصروفات المكتب ),مكاتب شئون العضوية,بنك مصر,4674.5,
2022-08-01,1678,69979360,,طارق سيد على خلاف على ( تسوية اصلاح السيارة 569),السيارة,,38589.5,
2022-08-01,1678,69979360,,طارق سيد على خلاف على ( تسوية اصلاح السيارة 569),,بنك مصر,8440.25,
2022-08-01,1678,69979360,,طارق سيد على خلاف على ( تسوية اصلاح السيارة 569),,مدينون متنوعون,30000,
2022-08-01,1678,69979360,,طارق سيد على خلاف على ( تسوية اصلاح السيارة 569),,ضرائب الخصم والاضافة,149.25,
2022-08-01,1679,69979361,,عبد الناصر بكر احمد ( هدايا للوفد الى  سوريا ),علاقات عامة,بنك مصر,3000,
2022-08-01,1680,69979362,,محمد بهاء الدين محمد ( بدل سفر  وانتقال ),بدل سفر وانتقال,بنك مصر,3400,
2022-08-01,1681,69979363,,جيهان موسي محمد (  بدل سفر  وانتقال ),بدل سفر وانتقال,بنك مصر,6400,
2022-08-01,1682,69979364,,محمد محمد حسن ( بدل سفر  وانتقال ),بدل سفر وانتقال,بنك مصر,4260,
2022-08-01,1683,69979365,,محمود عبد الوهاب  عبد الرحيم  بدل سفر,مدينون متنوعون,بنك مصر,15350,
2022-08-01,1684,69979366,,جميل عبد الهادى     مكتب اشمون,مدينون متنوعون,بنك مصر,3250,
2022-08-01,1685,69979367,,حسنين ابراهيم حسنين ( وجبات غذائية ),مدينون متنوعون,بنك مصر,22400,
2022-08-01,1686,69979368,,هشام مصطفى محمد عبد المعطى محمد ( استعاضة مرسي مطروح ),مصروفات مصيف مطروح,بنك مصر,30090,
2022-08-01,1687,69979369,,حسين ثابت  حسن ( بدل سفر وانتقال ),مدينون متنوعون,بنك مصر,5500,
2022-08-01,1688,4556,,هشام مصطفى محمد عبد المعطى محمد ( استعاضة مرسي مطروح ),مصروفات مصيف مطروح,بنك العمال 1,22455,
2022-08-01,1689,4557,,احمد محمد مصطفى ( مصروفات المكتب ),مكاتب شئون العضوية,بنك العمال 1,20720,
2022-08-01,1690,4558,,الشاذلى على محمد الشاذلى ( مصروفات المكتب),مكاتب شئون العضوية,بنك العمال 1,2525,
2022-08-01,1691,4559,,عاطف ابازيد مرسي ( استعاضة ),مكاتب شئون العضوية,بنك العمال 1,4636.75,
2022-08-01,1692,4560,,دعاء حسين رمضان رمضان  ( مصروفات المكتب ),مدينون متنوعون,بنك العمال 1,6000,
2022-08-01,1693,4561,,الحسين حامد محمود مصاريف المكتب,مكاتب شئون العضوية,بنك العمال 1,4152,
2022-08-01,1694,69979370,,سمير السيد أحمد احمد  بدل عمل يوم السبت,مكافأت وبدل العمل أيام الاجازات الرسمية,بنك مصر,1680,
2022-08-01,1695,69979371,,محمد رافت عبد القوى      ( وجبات غذائية ),مدينون متنوعون,بنك مصر,27500,
2022-08-01,1696,69979372,,ايهاب عادل مسعد,حصص اللجان النقابية بالشركات من الاشتركات,بنك مصر,1900,
2022-08-01,1697,4562,,طارق سيد على خلاف على تسوية عهدة  التوسان,السيارة,,20083.97,
2022-08-01,1697,4562,,طارق سيد على خلاف على تسوية عهدة  التوسان,,بنك العمال 1,5083.97,
2022-08-01,1697,4562,,طارق سيد على خلاف على تسوية عهدة  التوسان,,مدينون متنوعون,15000,
2022-08-01,1698,69979373,,عاطف ابازيد مرسي ( استعاضة ),مصروفات إدارية المقر الرئيسى,بنك مصر,6321.47,
2022-08-01,1699,4563,,كريم ابراهيم عبد الحميد ( شراء جوانتيات ),مستلزمات طبية ( كورونا ),,5579.14,
2022-08-01,1699,4563,,كريم ابراهيم عبد الحميد ( شراء جوانتيات ),انتقالات داخلية,,200,
2022-08-01,1699,4563,,كريم ابراهيم عبد الحميد ( شراء جوانتيات ),,بنك العمال 1,5730.14,
2022-08-01,1699,4563,,كريم ابراهيم عبد الحميد ( شراء جوانتيات ),,ضريبة كسب العمل,49,
2022-08-01,1700,69979374,,جمال عيد نصر الدين ( بدل سفر وانتقال ),مدينون متنوعون,بنك مصر,27250,
2022-08-01,1701,4564,,هانى عبد الفتاح محمد عبد المللك محمد (استعاضة العمارة ),مجمع لجان الإسكندرية,بنك العمال 1,2510,
2022-08-01,1702,69979375,,جابر حنفى محمود ( بدل حضور لجان ثلاثية ),لجان ثلاثية,بنك مصر,315,
2022-08-01,1703,4565,,هانى عبد الفتاح محمد عبد المللك محمد (عهدة مياه),عمارة المعادى,بنك العمال 1,6000,
2022-08-01,1704,4566,,سمير السيد أحمد احمد ( العمل يوم الاجازة الرسمية ),مكافأت وبدل العمل أيام الاجازات الرسمية,بنك العمال 1,500,
2022-08-01,1705,4567,,احمد هشام السيد على عهدة اسكندرية,مدينون متنوعون,بنك العمال 1,6000,
2022-08-01,1706,69979376,,طارق ابراهيم سليمان  استكمال عهدة جمصة,مدينون متنوعون,بنك مصر,10000,
2022-08-01,1707,4568,,سمير السيد أحمد احمد ( علاج ),علاج ومستلزمات طبية,بنك العمال 1,5191,
2022-08-01,1708,4569,,عبدالحميد حسن عبدالعزيز ( مصاريف بورسعيد),مكاتب شئون العضوية,بنك العمال 1,11370,
2022-08-01,1709,69979377,,ايمن عبد العزيز عبدالله ( استعاضة الشئون القانونية ),مصاريف محاماة,بنك مصر,7825,
2022-08-01,1710,69979378,,محمود محمد محمود بخاطره ( بدل سفر وانتقال ),بدل سفر وانتقال,بنك مصر,300,
2022-08-01,1711,69979379,,عماد الدين محمد مبروك ( عهدة ),مدينون متنوعون,بنك مصر,15000,
2022-08-01,1712,69979380,,احمد هشام السيد على ( تسوية العهدة),علاقات عامة,,8025.28,
2022-08-01,1712,69979380,,احمد هشام السيد على ( تسوية العهدة),,بنك مصر,1833.34,
2022-08-01,1712,69979380,,احمد هشام السيد على ( تسوية العهدة),,مدينون متنوعون,6000,
2022-08-01,1712,69979380,,احمد هشام السيد على ( تسوية العهدة),,ضريبة كسب العمل,150,
2022-08-01,1712,69979380,,احمد هشام السيد على ( تسوية العهدة),,ضرائب الخصم والاضافة,41.94,
2022-08-01,1713,69979381,,حنان عاطف محمود ( استعاضة ادوية,السيارة,بنك مصر,2700.8,
2022-08-01,1714,69979382,,كريم ابراهيم عبد الحميد ( عهدة ),مدينون متنوعون,بنك مصر,15000,
2022-08-01,1715,69979383,,جهاز الخدمات العامة للقوات المسلحة,السيارة,,4660,
2022-08-01,1715,69979383,,جهاز الخدمات العامة للقوات المسلحة,,بنك مصر,4520.2,
2022-08-01,1715,69979383,,جهاز الخدمات العامة للقوات المسلحة,,ضرائب الخصم والاضافة,139.8,
2022-08-01,1716,4570,,عصام ابو بكر حجاج ( مرتبات اغسطس 2022),مرتبات ومكافأة شاملة,,281399.3,
2022-08-01,1716,4570,,عصام ابو بكر حجاج ( مرتبات اغسطس 2022),,بنك العمال 1,149783.85,
2022-08-01,1716,4570,,عصام ابو بكر حجاج ( مرتبات اغسطس 2022),,سلف العاملين,32185,
2022-08-01,1716,4570,,عصام ابو بكر حجاج ( مرتبات اغسطس 2022),,تأمين تكافلى,6734.03,
2022-08-01,1716,4570,,عصام ابو بكر حجاج ( مرتبات اغسطس 2022),,ضريبة كسب العمل,7534.66,
2022-08-01,1716,4570,,عصام ابو بكر حجاج ( مرتبات اغسطس 2022),,أقساط النفقة,180,
2022-08-01,1716,4570,,عصام ابو بكر حجاج ( مرتبات اغسطس 2022),,أقساط قروض بنك التنمية لبعض العاملين,20761.47,
2022-08-01,1716,4570,,عصام ابو بكر حجاج ( مرتبات اغسطس 2022),,التأمينات الاجتماعية,57906.68,
2022-08-01,1716,4570,,عصام ابو بكر حجاج ( مرتبات اغسطس 2022),,خصم كورونا,1895.33,
2022-08-01,1716,4570,,عصام ابو بكر حجاج ( مرتبات اغسطس 2022),,خصم جزاءات,587.34,
2022-08-01,1716,4570,,عصام ابو بكر حجاج ( مرتبات اغسطس 2022),,دمغة,154.11,
2022-08-01,1716,4570,,عصام ابو بكر حجاج ( مرتبات اغسطس 2022),,تامينات عاملين مستقطعه وتسدد لمكاتب تامينات بالمحافظات,3676.83,
2022-08-01,1717,4571,,محمد درديرى محمد ( بدل انتقال ),جهاز مشروعات أسيوط,بنك العمال 1,1500,
2022-08-01,1718,69979384,,محمد مصطفى عبد الباقى ( بدل انتقال ),مرتبات ومكافأة شاملة,بنك مصر,100,
2022-08-01,1719,69979385,,اشرف ابراهيم السيد ( بدل انتقال ),مرتبات ومكافأة شاملة,,1200,
2022-08-01,1719,69979385,,اشرف ابراهيم السيد ( بدل انتقال ),,بنك مصر,1080,
2022-08-01,1719,69979385,,اشرف ابراهيم السيد ( بدل انتقال ),,ضريبة كسب العمل,120,
2022-08-01,1720,69979386,,ابراهيم عبد الله حسيب ( بدل انتقال ),مرتبات ومكافأة شاملة,,1965,
2022-08-01,1720,69979386,,ابراهيم عبد الله حسيب ( بدل انتقال ),,بنك مصر,1770,
2022-08-01,1720,69979386,,ابراهيم عبد الله حسيب ( بدل انتقال ),,ضريبة كسب العمل,195,
2022-08-01,1721,69979387,,ايمن عبد العزيز عبد الله ( بدل انتقال ),مرتبات ومكافأة شاملة,,2445,
2022-08-01,1721,69979387,,ايمن عبد العزيز عبد الله ( بدل انتقال ),,بنك مصر,2250,
2022-08-01,1721,69979387,,ايمن عبد العزيز عبد الله ( بدل انتقال ),,ضريبة كسب العمل,195,
2022-08-01,1722,69979388,,محمد كرم عباس ( بدل انتقال ),مرتبات ومكافأة شاملة,,1965,
2022-08-01,1722,69979388,,محمد كرم عباس ( بدل انتقال ),,بنك مصر,1770,
2022-08-01,1722,69979388,,محمد كرم عباس ( بدل انتقال ),,ضريبة كسب العمل,195,
2022-08-01,1723,69979389,,محمد داوود حسين ( بدل انتقال ),مرتبات ومكافأة شاملة,,900,
2022-08-01,1723,69979389,,محمد داوود حسين ( بدل انتقال ),,بنك مصر,810,
2022-08-01,1723,69979389,,محمد داوود حسين ( بدل انتقال ),,ضريبة كسب العمل,90,
2022-08-01,1724,69979390,,صالح محمد نسيم ( بدل انتقال ),مرتبات ومكافأة شاملة,,1000,
2022-08-01,1724,69979390,,صالح محمد نسيم ( بدل انتقال ),,بنك مصر,900,
2022-08-01,1724,69979390,,صالح محمد نسيم ( بدل انتقال ),,ضريبة كسب العمل,100,
2022-08-01,1725,69979391,,محمد بهاء الدين محمد ( بدل انتقال ),مرتبات ومكافأة شاملة,,1200,
2022-08-01,1725,69979391,,محمد بهاء الدين محمد ( بدل انتقال ),,بنك مصر,1080,
2022-08-01,1725,69979391,,محمد بهاء الدين محمد ( بدل انتقال ),,ضريبة كسب العمل,120,
2022-08-01,1726,69979392,,محمد حسن تونى ( بدل انتقال ),مرتبات ومكافأة شاملة,,1200,
2022-08-01,1726,69979392,,محمد حسن تونى ( بدل انتقال ),,بنك مصر,1080,
2022-08-01,1726,69979392,,محمد حسن تونى ( بدل انتقال ),,ضريبة كسب العمل,120,
2022-08-01,1727,69979393,,عزت عبد الوهاب احمد ( بدل انتقال ),مرتبات ومكافأة شاملة,,3660,
2022-08-01,1727,69979393,,عزت عبد الوهاب احمد ( بدل انتقال ),,بنك مصر,3492,
2022-08-01,1727,69979393,,عزت عبد الوهاب احمد ( بدل انتقال ),,ضريبة كسب العمل,168,
2022-08-01,1728,69979394,,محمد محمد حسن ( استعاضة مجمع اللجان اسكندرية),مجمع لجان الإسكندرية,بنك مصر,588.1,
2022-08-01,1729,69979395,,حسين ثابت  حسن ( مصروفات مكتب أسيوط ),بدل سفر وانتقال,بنك مصر,1474,
2022-08-01,1730,69979396,,حسين ثابت  حسن ( بدل سفر  وانتقال ),بدل سفر وانتقال,بنك مصر,5300,
2022-08-01,1731,69979397,,محمد محمد حسن ( بدل سفر  وانتقال ),بدل سفر وانتقال,بنك مصر,1700,
2022-08-01,1732,69979398,,محمد محمد حسن ( بدل سفر  وانتقال ),بدل سفر وانتقال,بنك مصر,1970,
2022-08-01,1733,69979399,,طارق سيد على خلاف على ( اصلاح سيارة ),بدل سفر وانتقال,بنك مصر,9657.2,
2022-08-01,1734,69979401,,عصام ابو بكر حجاج ( بدلات الاعضاء ),بدلات أعضاء مجلس الادارة,بنك مصر,38664,
2022-08-01,1735,4572,,عبد الناصر بكر احمد (بدل سفر وانتقال ),بدل سفر وانتقال,بنك العمال 1,4290,
2022-08-01,1736,,,تسوية عهدة عماد السفر الى دمنهور,بدل سفر وانتقال,مدينون متنوعون,1200,
2022-08-02,1737,4490,,شركة المقاولون العرب القاهرة,حصص اللجان النقابية بالشركات من الاشتركات,بنك العمال 1,82198,
2022-08-03,1738,4491,,شركة المقاولون العرب اسوان,حصص اللجان النقابية بالشركات من الاشتركات,بنك العمال 1,16957,
2022-08-04,1739,4492,,شركة المقاولون العرب القاهرة,حصص اللجان النقابية بالشركات من الاشتركات,بنك العمال 1,81568,
2022-08-05,1740,4493,,شركة المقاولون العرب اسوان,حصص اللجان النقابية بالشركات من الاشتركات,بنك العمال 1,17314,
2022-08-01,1741,,,اللجنه النقابية بشركة النصر للمقاولات - حسن علام,بنك العمال 1,إيرادات من الجان الشركات والهيئات,28776,
2022-08-01,1742,,,اللجنه النقابية بشركة المقاولات المصريه - مختار ابراهيم,بنك مصر,إيرادات من الجان الشركات والهيئات,50000,
2022-08-01,1743,,,اللجنه النقابية بشركة النصر للمبانى والانشاءات - أيجيكو القاهره,بنك العمال 1,إيرادات من الجان الشركات والهيئات,10521.9,
2022-08-01,1744,,,اللجنه النقابية بشركة أسمنت بورتلاند حلوان  _اسيك,بنك العمال 1,إيرادات من الجان الشركات والهيئات,2119.5,
2022-08-01,1745,,,اللجنه النقابية بشركة الجيزة العامة للمقاولات,بنك العمال 1,إيرادات من الجان الشركات والهيئات,2929.5,
2022-08-01,1746,,,اللجنه النقابية بشركة النيل العامه للطرق والكبارى,بنك العمال 1,إيرادات من الجان الشركات والهيئات,12771,
2022-08-01,1747,,,اللجنه النقابية بشركة النيل العامه لانشاء الطرق,بنك العمال 1,إيرادات من الجان الشركات والهيئات,67410,
2022-08-01,1748,,,اللجنه النقابية بشركة المعادى للتنمية والتعمير,بنك العمال 1,إيرادات من الجان الشركات والهيئات,6970.5,
2022-08-01,1749,,,اللجنه النقابية بشركة مصنع الطوب الرملى - قويسنا,بنك العمال 1,إيرادات من الجان الشركات والهيئات,1620,
2022-08-01,1750,,,اللجنه النقابية بشركةالنصر للمبانى والانشاءات - ايجيكو اسكندرية,بنك العمال 1,إيرادات من الجان الشركات والهيئات,1717.2,
2022-08-01,1751,,,اللجنه النقابية بشركةأسمنت بورتلاند اسكندرية - بلوسيركل,بنك العمال 1,إيرادات من الجان الشركات والهيئات,334.8,
2022-08-01,1752,,,اللجنه النقابية بشركةالاسكندرية للحراريات - اسكندرية,بنك العمال 1,إيرادات من الجان الشركات والهيئات,383.4,
2022-08-01,1753,,,اللجنه النقابية بشركة المعمورة للاسكان والتعمير,بنك العمال 1,إيرادات من الجان الشركات والهيئات,2344.5,
2022-08-01,1754,,,اللجنه النقابية بشركة المتحده  للاسكان والتعمير,بنك العمال 1,إيرادات من الجان الشركات والهيئات,243,
2022-08-01,1755,,,اللجنه النقابية بشركة المساهمة المصرية  للمقاولات- العبد المنصورة,بنك العمال 1,إيرادات من الجان الشركات والهيئات,3466,
2022-08-01,1756,,,اللجنه النقابية بشركة أسمنت أسيوط,بنك العمال 1,إيرادات من الجان الشركات والهيئات,6102.3,
2022-08-01,1757,,,اللجنه النقابية بشركة العربية للخزف - اراسمكو,بنك العمال 1,إيرادات من الجان الشركات والهيئات,19242,
2022-08-01,1758,,,اللجنه النقابية بشركة مصر الجديدة للاسكان والتعمير,بنك العمال 1,إيرادات من الجان الشركات والهيئات,13170.6,
2022-08-01,1759,,,اللجنه النقابية بشركة أسمنت بنى سويف,بنك العمال 1,إيرادات من الجان الشركات والهيئات,413.1,
2022-08-01,1760,,,اللجنة النقابية بشركة لافارج اسمنت مصر,بنك مصر,إيرادات من الجان الشركات والهيئات,732,
2022-08-01,1761,,,شركة السويس للاكياس,بنك العمال 1,إيرادات من الجان الشركات والهيئات,2500,
2022-08-01,1762,,,اللجنة المهنية بسوهاج,بنك العمال 1,إيرادات من اللجان المهنية,22334.4,
2022-08-01,1763,,,اللجنة المهنية بسوهاج الدعم,بنك العمال 1,الإيرادات من دعم التثقيف,6204,
2022-08-01,1764,,,اللجنة المهنية بسوهاج مطبوعات,بنك العمال 1,الإيرادات من المطبوعات,7444.8,
2022-08-01,1765,,,اللجنة المهنية بسوهاج حصة الاتحاد,بنك العمال 1,الاتحاد العام,7444.8,
2022-08-01,1766,,,اللجنة المهنية باجا حصة النقابة,بنك العمال 1,إيرادات من اللجان المهنية,10665,
2022-08-01,1767,,,اللجنة المهنية باجا دعم التثقيف,بنك العمال 1,الإيرادات من دعم التثقيف,2220,
2022-08-01,1768,,,اللجنة المهنية باجا حصة الاتحاد,بنك العمال 1,الاتحاد العام,2664,
2022-08-01,1769,,,شركة مصر للتامين قيمة تعويض مستحق,بنك العمال 1,تعويضات ومساهمات,13034.48,
2022-08-01,1770,,,شركة المقاولون العرب الوجه البحرى والقبلى,بنك العمال 1,إيرادات من الجان الشركات والهيئات,148322,
2022-08-01,1771,,,الشركة المصرية للمواسير والمنتجات الاسمنية سيجوارت المعصرة,بنك العمال 1,إيرادات من الجان الشركات والهيئات,6213.3,
2022-08-01,1772,,,اللجنة المهنية بفاقوس,بنك العمال 1,إيرادات من اللجان المهنية,3738,
2022-08-01,1773,,,اللجنة المهنية بفاقوس الاتحاد,بنك العمال 1,الاتحاد العام,777,
2022-08-01,1774,,,النقابة العامة لعمال التجارة     قسط سلفة,بنك العمال 1,مدينون متنوعون,25000,
2022-08-01,1775,,,تحويل فائدة قرض المؤسسة,المؤسسة الثقافية,بنك العمال 1,9176,
2022-08-01,1776,,,عموله على  فائدة قرض المؤسسة,المؤسسة الثقافية,بنك العمال 1,1998,
2022-08-01,1777,,,مصروفات بنكية بنك التنمية,بنكية,بنك العمال 1,1135,
2022-08-01,1778,,,محمد سعود امير تسوية عمل اختام,بنك العمال 1,,640.5,
2022-08-01,1778,,,محمد سعود امير تسوية عمل اختام,مكاتب شئون العضوية,,9291,
2022-08-01,1778,,,محمد سعود امير تسوية عمل اختام,انتقالات داخلية,,150,
2022-08-01,1778,,,محمد سعود امير تسوية عمل اختام,,مدينون متنوعون,10000,
2022-08-01,1778,,,محمد سعود امير تسوية عمل اختام,,ضرائب الخصم والاضافة,81.5,
2022-08-02,1779,,,مصروفات بنكية بنك مصر,بنكية,بنك مصر,75,
2022-08-01,1780,,,عماد الدين محمد مبروك تسويه مستلزمات,بنك مصر,,20,
2022-08-01,1780,,,عماد الدين محمد مبروك تسويه مستلزمات,مستلزمات كمبيوتر,,1180,
2022-08-01,1780,,,عماد الدين محمد مبروك تسويه مستلزمات,,مدينون متنوعون,1200,
2022-08-01,1781,,,عماد الدين محمد مبروك تسويه جهاز دمنهور,بنك مصر,,27.5,
2022-08-01,1781,,,عماد الدين محمد مبروك تسويه جهاز دمنهور,حاسب الى,,5009.5,
2022-08-01,1781,,,عماد الدين محمد مبروك تسويه جهاز دمنهور,,مدينون متنوعون,5000,
2022-08-01,1781,,,عماد الدين محمد مبروك تسويه جهاز دمنهور,,ضرائب الخصم والاضافة,37,
2022-08-02,1782,,,عماد الدين محمد مبروك تسويه عهدة مكتب الجيزة,بنك مصر,,534,
2022-08-02,1782,,,عماد الدين محمد مبروك تسويه عهدة مكتب الجيزة,انتقالات داخلية,,150,
2022-08-02,1782,,,عماد الدين محمد مبروك تسويه عهدة مكتب الجيزة,مستلزمات كمبيوتر,,20,
2022-08-02,1782,,,عماد الدين محمد مبروك تسويه عهدة مكتب الجيزة,حاسب الى,,4338.5,
2022-08-02,1782,,,عماد الدين محمد مبروك تسويه عهدة مكتب الجيزة,,مدينون متنوعون,5000,
2022-08-02,1782,,,عماد الدين محمد مبروك تسويه عهدة مكتب الجيزة,,ضرائب الخصم والاضافة,42.5,
2022-08-01,1783,,,محمد محمد عبد الرسول مصيف مطروح,بنك مصر,إيرادات مصيف مطروح,100000,
2022-08-01,1784,,,هشام مصطفى محمد عبد المعطى عبد المعطى مناولة محمد محمد عبد الرسول مصيف مرسى مطروح,بنك مصر,إيرادات مصيف مطروح,30000,
2022-08-01,1785,,,محمد محمد عبد الرسول مصيف مطروح,بنك العمال 1,إيرادات مصيف مطروح,50000,
2022-08-01,1786,,,اللجنة المهنية بميت غمر حصة النقابة + الدعم + حصة الاتحاد,بنك العمال 1,,40950,
2022-08-01,1786,,,اللجنة المهنية بميت غمر حصة النقابة + الدعم + حصة الاتحاد,,إيرادات من اللجان المهنية,27720,
2022-08-01,1786,,,اللجنة المهنية بميت غمر حصة النقابة + الدعم + حصة الاتحاد,,الإيرادات من دعم التثقيف,6300,
2022-08-01,1786,,,اللجنة المهنية بميت غمر حصة النقابة + الدعم + حصة الاتحاد,,الاتحاد العام,6930,
2022-08-01,1787,,,إيداع هشام مصطفى محمد عبد المعطى,بنك العمال 1,إيرادات مصيف مطروح,20000,
2022-08-03,1788,,,سداد التأمينات الاجتماعية,التأمينات الاجتماعية,بنك مصر,167511.36,
2022-08-01,1789,,,مكتب شئون عضوية باسيوط,بنك العمال 1,إيرادات مكاتب شئون العضوية,24000,
2022-08-01,1790,,,مكتب شئون عضوية القاهرة الكبرى,بنك العمال 1,إيرادات مكاتب شئون العضوية,36799,
2022-08-31,1791,,,مكتب شئون عضوية القاهرة الكبرى,بنك مصر,إيرادات مكاتب شئون العضوية,6075,
2022-08-23,1792,,,مكتب شئون عضوية القاهرة الكبرى,بنك مصر,إيرادات مكاتب شئون العضوية,19685,
2022-08-31,1793,,,رجب 6 أكتوبر,بنك مصر,إيرادات مكاتب شئون العضوية,5040,
2022-08-06,1794,,,نجوى ابراهيم مكتب دسوق,بنك مصر,إيرادات مكاتب شئون العضوية,18200,
2022-08-06,1795,,,احمد نعمان محمد  محمد  مكتب المنصورة1,بنك مصر,إيرادات مكاتب شئون العضوية,10000,
2022-08-07,1796,,,داليا محمد مصطفى مكتب دمنهور,بنك مصر,إيرادات مكاتب شئون العضوية,438,
2022-08-08,1797,,,فتحى عواد محمد حسن مكتب العريش,بنك مصر,إيرادات مكاتب شئون العضوية,5240,
2022-08-09,1798,,,منصور عبد اللطيف مكتب كفر صقر,بنك مصر,إيرادات مكاتب شئون العضوية,6680,
2022-08-31,1799,,,منية النصر,بنك مصر,إيرادات مكاتب شئون العضوية,36000,
2022-08-30,1800,,,عبد المعبود مكتب شبرا الخمية,بنك مصر,إيرادات مكاتب شئون العضوية,2000,
2022-08-31,1801,,,هدى عبد الجواد مكتب شربين,بنك مصر,إيرادات مكاتب شئون العضوية,30000,
2022-08-12,1802,,,محمود حسن حسين  مكتب السويس ),بنك مصر,إيرادات مكاتب شئون العضوية,2000,
2022-08-13,1803,,,نادية ابو القاسم مكتب اسوان,بنك مصر,إيرادات مكاتب شئون العضوية,6221,
2022-08-14,1804,,,طه رمضان حجازى مكتب الجيزة,بنك مصر,إيرادات مكاتب شئون العضوية,3680,
2022-08-16,1805,,,ماضى تمام عبد العزيزمكتب فرشوط,بنك مصر,إيرادات مكاتب شئون العضوية,1000,
2022-08-17,1806,,,ابوعسران فاروق مكتب دشنا,بنك مصر,إيرادات مكاتب شئون العضوية,3500,
2022-08-18,1807,,,عدلى احمد عبد العال مكتب قنا,بنك مصر,إيرادات مكاتب شئون العضوية,8400,
2022-08-19,1808,,,عدلى احمد عبد العال مكتب قنا,بنك العمال 1,إيرادات مكاتب شئون العضوية,5000,
2022-08-19,1809,,,محمود ابراهيم محمد زهران زهران,بنك مصر,إيرادات مكاتب شئون العضوية,4000,
2022-08-31,1810,,,مسعد مكتب المنصوورة 2,بنك مصر,إيرادات مكاتب شئون العضوية,75000,
2022-08-21,1811,,,ابراهيم محمد غلوش مكتب طنطا,بنك مصر,إيرادات مكاتب شئون العضوية,17200,
2022-08-25,1812,,,مكتب بوورسعيد,بنك مصر,إيرادات مكاتب شئون العضوية,5094,
2022-08-26,1813,,,مكتب بوورسعيد,بنك مصر,إيرادات مكاتب شئون العضوية,174,
2022-08-31,1814,,,المنزله,بنك مصر,إيرادات مكاتب شئون العضوية,2000,
2022-08-31,1815,,,مكتب ارمنت,بنك مصر,إيرادات مكاتب شئون العضوية,1350,
2022-08-31,1816,,,حنان ماض مكتب المنيا,بنك مصر,إيرادات مكاتب شئون العضوية,4300,
2022-08-31,1817,,,الفيوم,بنك مصر,إيرادات مكاتب شئون العضوية,22500,
2022-08-31,1818,,,السنبلاوين,بنك مصر,إيرادات مكاتب شئون العضوية,14320,
2022-08-31,1819,,,العماوى مكتب كفر الشيخ,بنك مصر,إيرادات مكاتب شئون العضوية,880,
2022-08-23,1820,,,بنى عبيد,بنك مصر,إيرادات مكاتب شئون العضوية,8000,
2022-08-24,1821,,,الهيئة العامة للطرق والكبارى,بنك مصر,إيرادات من الجان الشركات والهيئات,2950.8,
2022-08-27,1822,,,طرق ونقل الشرقية,بنك مصر,إيرادات من الجان الشركات والهيئات,33,
2022-08-28,1823,,,طرق ونقل قنا,بنك مصر,إيرادات من الجان الشركات والهيئات,819.6,
2022-08-29,1824,,,طرق ونقل السويس,بنك مصر,إيرادات من الجان الشركات والهيئات,344.4,
2022-08-31,1825,,,الهيئة العامة للطرق والكبارى,بنك مصر,إيرادات من الجان الشركات والهيئات,13,
2022-08-31,1826,,,الزقازيق,بنك مصر,إيرادات من الجان الشركات والهيئات,498,
2022-08-31,1827,,,الزقازيق,بنك مصر,إيرادات من الجان الشركات والهيئات,45,
2022-08-31,1828,,,طرق ونقل الغربية,بنك مصر,إيرادات من الجان الشركات والهيئات,214.8,
2022-08-31,1829,,,طرق ونقل السويس,بنك مصر,إيرادات من الجان الشركات والهيئات,31.2,
2022-08-31,1830,,,اللجنه النقابية بشركة طرق ونقل الخارجة الوادى الجديد,بنك مصر,إيرادات من الجان الشركات والهيئات,538,
2022-08-31,1831,,,الهيئة العامة للطرق والكبارى,بنك مصر,إيرادات من الجان الشركات والهيئات,2967,
2022-08-31,1832,,,طرق ونقل المنوفية,بنك مصر,إيرادات من الجان الشركات والهيئات,462.3,
2022-08-31,1833,,,اقساط قرض بنك التنمية مركز التدريب,بنك مصر,أقساط قروض بنك التنمية لبعض العاملين,4210,
2022-08-31,1834,,,طرق ونقل كفر الشيخ,بنك مصر,إيرادات من الجان الشركات والهيئات,488,
2022-08-31,1835,,,طرق ونقل البحيرة,بنك مصر,إيرادات من الجان الشركات والهيئات,9,
2022-08-31,1836,,,طرق ونقل كفر الشيخ,بنك مصر,إيرادات من الجان الشركات والهيئات,483,
2022-08-31,1837,,,طرق ونقل القليوبية,بنك مصر,إيرادات من الجان الشركات والهيئات,168,
2022-08-31,1838,,,طرق ونقل البحيرة,بنك مصر,إيرادات من الجان الشركات والهيئات,777,
2022-08-31,1839,,,اللجنه النقابية بشركة طرق ونقل الخارجة الوادى الجديد,بنك مصر,إيرادات من الجان الشركات والهيئات,52,
2022-08-31,1840,,,طرق ونقل الجيزة,بنك مصر,إيرادات من الجان الشركات والهيئات,665.7,
2022-08-31,1841,,,طرق ونقل الشرقية,بنك مصر,إيرادات من الجان الشركات والهيئات,27,
2022-08-31,1842,,,طرق ونقل الشرقية,بنك مصر,إيرادات من الجان الشركات والهيئات,2556,
2022-08-31,1843,,,طرق ونقل الجيزة,بنك مصر,إيرادات من الجان الشركات والهيئات,58.2,
2022-08-31,1844,,,الزقازيق,بنك مصر,إيرادات من الجان الشركات والهيئات,390.3,
2022-08-31,1845,,,الهيئة العامة للطرق والكبارى,بنك مصر,إيرادات من الجان الشركات والهيئات,77,
2022-08-31,1846,,,الزقازيق,بنك مصر,إيرادات من الجان الشركات والهيئات,93.3,
2022-08-31,1847,,,جنوب سيناء,بنك مصر,إيرادات من الجان الشركات والهيئات,124.8,
2022-08-31,1848,,,طرق وكبارى الاسماعليلية,بنك مصر,إيرادات من الجان الشركات والهيئات,732,
2022-09-04,1849,69979402,,الشاذلى على محمد الشاذلى ( مصروفات مكتب السادات ),مكاتب شئون العضوية,بنك مصر,4552,
2022-09-04,1850,69979403,,منصور عبد اللطيف عبد الله ( مصروفات مكتب كفر صقر ),مكاتب شئون العضوية,بنك مصر,800,
2022-09-04,1851,69979405,,جيهان موسى محمد الشجاعى محمد السجاعى محمد ( مصروفات مكتب مينا القمح ),مكاتب شئون العضوية,بنك مصر,6180,
2022-09-04,1852,69979406,,طارق سيد على خلاف على ( استعاضة السيارة التوسان ),السيارة,بنك مصر,4489.5,
2022-09-04,1853,69979407,,طارق بدوى محمود ( مصروفات مكتب المنزلة يوليو واغسطس 2022,مكاتب شئون العضوية,بنك مصر,4300,
2022-09-04,1854,69979408,,منصور عبد اللطيف عبد الله ( المكافأة الشهرية يوليو واغسطس 2022 ),مكاتب شئون العضوية,بنك مصر,2000,
2022-09-04,1855,69979409,,كريم ابراهيم عبد الحميد ( تسوية عهدة ورشة عمل ),نشاط اجتماعى وثقافى,,21284.63,
2022-09-04,1855,69979409,,كريم ابراهيم عبد الحميد ( تسوية عهدة ورشة عمل ),,بنك مصر,5571,
2022-09-04,1855,69979409,,كريم ابراهيم عبد الحميد ( تسوية عهدة ورشة عمل ),,مدينون متنوعون,15000,
2022-09-04,1855,69979409,,كريم ابراهيم عبد الحميد ( تسوية عهدة ورشة عمل ),,ضريبة كسب العمل,500,
2022-09-04,1855,69979409,,كريم ابراهيم عبد الحميد ( تسوية عهدة ورشة عمل ),,ضرائب الخصم والاضافة,213.63,
2022-09-04,1856,69979410,,ماضى تمام عبد العزيز ( مصروفات مكتب فرشوط ),مكاتب شئون العضوية,بنك مصر,3975,
2022-09-04,1857,69979411,,محمد عبد الله أحمد ( بدل سفر وانتقال حضور مجلس الإدارة,بدلات أعضاء مجلس الادارة,,9150,
2022-09-04,1857,69979411,,محمد عبد الله أحمد ( بدل سفر وانتقال حضور مجلس الإدارة,مدينون متنوعون,,550,
2022-09-04,1857,69979411,,محمد عبد الله أحمد ( بدل سفر وانتقال حضور مجلس الإدارة,,بنك مصر,9700,
2022-09-04,1858,69979412,,عاطف ابا زيد مرسى ( عهدة للصرف منها على انعقاد مجلس الإدارة ),مدينون متنوعون,بنك مصر,20000,
2022-09-05,1859,4573,,بنك التمية الصناعية ( اقساط قروض العاملين شهر اغسطس 2022 ),أقساط قروض بنك التنمية لبعض العاملين,بنك العمال 1,24771.22,
2022-09-06,1860,4574,,الاتحاد العام لعمال مصر ( مساهمة فى مؤتمر العمل العربى ),تعويضات ومساهمات,بنك العمال 1,50000,
2022-09-06,1861,4575,,محمد عبد الله أحمد ( بدل سفر وانتقال حضور الجمعية العمومية للاتحاد العام ),بدل جلسات,,4340,
2022-09-06,1861,4575,,محمد عبد الله أحمد ( بدل سفر وانتقال حضور الجمعية العمومية للاتحاد العام ),مدينون متنوعون,,200,
2022-09-06,1861,4575,,محمد عبد الله أحمد ( بدل سفر وانتقال حضور الجمعية العمومية للاتحاد العام ),,بنك العمال 1,4540,
2022-09-06,1862,4576,,هشام مصطفى محمد عبد المعطى محمد ( استعاضة مصيف مطروح ),مصروفات مصيف مطروح,بنك العمال 1,29705,
2022-09-12,1863,4577,,شركة مصر للتأمين ( وثيقة تأمين سطو وحريق على عمارة المعادى ),عمارة المعادى,بنك العمال 1,2003,
2022-09-12,1864,4578,,حسام السعيد محمد ( عهدة شركة بورسلين مساعدات اجتماعية ),مدينون متنوعون,بنك العمال 1,5000,
2022-09-06,1865,69979413,,هانى محمد عبد اللاه ( اعانة اغسطس 2022 ),اعانات اجتماعية,بنك مصر,200,
2022-09-06,1866,69979415,,هانم فؤاد حنفى ( اعانة اعسطس 2022 ),اعانات اجتماعية,بنك مصر,400,
2022-09-06,1867,69979417,,نجية محمد يحيى ( اعانة اعسطس 2022 ),اعانات اجتماعية,بنك مصر,450,
2022-09-06,1868,69979418,,سيدة ذكى محمد ( اعانة اعسطس 2022 ),اعانات اجتماعية,بنك مصر,200,
2022-09-06,1869,69979419,,سعدية احمد محمد ( اعانة اعسطس 2022 ),اعانات اجتماعية,بنك مصر,50,
2022-09-06,1870,69979420,,ماجده عبد الله عبد اللطيف ( اعانة اعسطس 2022 ),اعانات اجتماعية,بنك مصر,200,
2022-09-06,1871,69979421,,نعيمة مصطفى محمد ( اعانة اعسطس 2022 ),اعانات اجتماعية,بنك مصر,150,
2022-09-06,1872,69979422,,سحر رمضان عبد الحميد ( اعانة اعسطس 2022 ),اعانات اجتماعية,بنك مصر,350,
2022-09-06,1873,69979423,,ياسمين عبد الحميد اسماعيل ( اعانة اعسطس 2022 ),اعانات اجتماعية,بنك مصر,50,
2022-09-06,1874,69979424,,فاطمة ابراهيم السيد ( اعانة اعسطس 2022 ),اعانات اجتماعية,بنك مصر,50,
2022-09-06,1875,69979427,,بنك ناصر الاجتماعى فرع طنطا ( قسط نفقة اعسطس 2022 ),أقساط النفقة,بنك مصر,180,
2022-09-06,1876,69979428,,فاطمة حنفى على مطاوع ( اعانة اعسطس 2022 ),اعانات اجتماعية,بنك مصر,350,
2022-09-06,1877,69979430,,عبد الغفار احمد مصطفى ( اعانة اعسطس 2022 ),اعانات اجتماعية,بنك مصر,75,
2022-09-06,1878,69979432,,رحمة عبد الرحيم عبد العال ( اعانة اعسطس 2022 ),اعانات اجتماعية,بنك مصر,450,
2022-09-06,1879,69979433,,خميس احمد حسين ( اعانة اعسطس 2022 ),اعانات اجتماعية,بنك مصر,100,
2022-09-06,1880,69979434,,انور رجب مختار ( اعانة اغسطس 2022 ),اعانات اجتماعية,بنك مصر,75,
2022-09-06,1881,69979435,,محمد كمال محمود ( اعانة اغسطس 2022 ),اعانات اجتماعية,بنك مصر,75,
2022-09-06,1882,69979436,,صلاح محمد عبد المقصود ( اعانة اغسطس 2022 ),اعانات اجتماعية,بنك مصر,75,
2022-09-06,1883,69979437,,السيد فرغلى السيد ( اعانة اغسطس 2022 ),اعانات اجتماعية,بنك مصر,300,
2022-09-06,1884,69979438,,محمود محمد احمد ( اعانة اغسطس 2022 ),اعانات اجتماعية,بنك مصر,150,
2022-09-06,1885,69979439,,شحات سلطان حسن ( اعانة اغسطس 2022 ),اعانات اجتماعية,بنك مصر,100,
2022-09-06,1886,69979440,,عادل محمد الطاهر ( اعانة اغسطس 2022 ),اعانات اجتماعية,بنك مصر,75,
2022-09-06,1887,69979441,,احمد محمد مصطفى ( مصروفات مكاتب الفيوم ),اعانات اجتماعية,بنك مصر,12795,
2022-09-06,1888,69979442,,هاجر شعبان حسين احمد ( اعانة اجتماعية مرة واحدة - سوهاج ),اعانات اجتماعية,بنك مصر,1500,
2022-09-06,1889,69979443,,محمد محمد حسن ( مساهمة مصروفات علاج ),اعانات اجتماعية,بنك مصر,1300,
2022-09-07,1890,69979444,,عدلى احمد عبد العال ( مصروفات مكتب نجع حمادى وقنا ),مكاتب شئون العضوية,بنك مصر,3750,
2022-09-07,1891,69979445,,احمد هشام السيد على ( تسوية عهدة السيارة هيوانداى سولاريز),السيارة,,2065,
2022-09-07,1891,69979445,,احمد هشام السيد على ( تسوية عهدة السيارة هيوانداى سولاريز),,بنك مصر,65,
2022-09-07,1891,69979445,,احمد هشام السيد على ( تسوية عهدة السيارة هيوانداى سولاريز),,مدينون متنوعون,2000,
2022-09-07,1892,69979446,,محمود محمد محمود ( بدل سفر وانتقال ),بدل سفر وانتقال,بنك مصر,350,
2022-09-07,1893,69979447,,محمد مصطفى درويش ( بدل سفر وانتقال مكتب الاسماعيلية ),مكاتب شئون العضوية,بنك مصر,350,
2022-09-07,1894,69979448,,عاطف ابا زيد مرسى ( استعاضة المصروفات الادارية  ),مصروفات إدارية المقر الرئيسى,بنك مصر,5064.25,
2022-09-07,1895,69979449,,نجوى ابراهيم عبده ( مصروفات مكتب دسوق ),مكاتب شئون العضوية,بنك مصر,4553,
2022-09-07,1896,69979450,,حنان ماضى محمود ( مصروفات مكتب المنيا ),مكاتب شئون العضوية,بنك مصر,2149.5,
2022-09-07,1897,69979451,,حامد طلبة السيد ( مصروفات مكتب السنبلاوين ),مكاتب شئون العضوية,بنك مصر,3697,
2022-09-07,1898,69979452,,محمود ابراهيم محمد زهران زهران ( مصروفات مكتب زفتى ),مكاتب شئون العضوية,بنك مصر,3564,
2022-09-07,1899,69979453,,صلاح محمد عبد الستار ( مصروفات مكتب منية النصر + شراء عدد ( 3 ) مرواحة ),مكاتب شئون العضوية,,4500,
2022-09-07,1899,69979453,,صلاح محمد عبد الستار ( مصروفات مكتب منية النصر + شراء عدد ( 3 ) مرواحة ),اثاث وأجهزة,,1500,
2022-09-07,1899,69979453,,صلاح محمد عبد الستار ( مصروفات مكتب منية النصر + شراء عدد ( 3 ) مرواحة ),,بنك مصر,5985,
2022-09-07,1899,69979453,,صلاح محمد عبد الستار ( مصروفات مكتب منية النصر + شراء عدد ( 3 ) مرواحة ),,ضرائب الخصم والاضافة,15,
2022-09-07,1900,69979454,,محمد مصطفى رمضان ( مصروفات مكتب دمنهور ),مكاتب شئون العضوية,بنك مصر,4400,
2022-09-07,1901,69979455,,طه رمضان حجازى ( مصروفات مكتب الجيزة ),مكاتب شئون العضوية,بنك مصر,1190,
2022-09-07,1902,69979456,,ايمن احمد مصطفى سلام مصطفى ( مصروفات مكتب شربين ودنجواى ),مكاتب شئون العضوية,بنك مصر,8117.5,
2022-09-07,1903,69979457,,عاطف ابا زيد مرسى ( استعاضة المصروفات الادارية  ),مصروفات إدارية المقر الرئيسى,بنك مصر,4750.63,
2022-09-07,1904,69979458,,عماد الدين مبروك محمد ( شراء احبار كمبيوتر ),مطبوعات وادوات كتابية,,1110,
2022-09-07,1904,69979458,,عماد الدين مبروك محمد ( شراء احبار كمبيوتر ),,بنك مصر,1100,
2022-09-07,1904,69979458,,عماد الدين مبروك محمد ( شراء احبار كمبيوتر ),,ضرائب الخصم والاضافة,10,
2022-09-07,1905,69979459,,عماد الدين مبروك محمد ( مكافأه جهود طبقاً للمذكرة المرفقة ),مرتبات ومكافأة شاملة,,3250,
2022-09-07,1905,69979459,,عماد الدين مبروك محمد ( مكافأه جهود طبقاً للمذكرة المرفقة ),,بنك مصر,2925,
2022-09-07,1905,69979459,,عماد الدين مبروك محمد ( مكافأه جهود طبقاً للمذكرة المرفقة ),,ضرائب الخصم والاضافة,325,
2022-09-07,1906,69979460,,هشام مصطفى محمد عبد المعطى محمد ( استعاضة مصيف مطروح ),مصروفات مصيف مطروح,بنك مصر,27755,
2022-09-11,1907,69979461,,هانى عبد الفتاح محمد عبد المللك محمد ( استعاضة عمارة المعادى   ),عمارة المعادى,بنك مصر,2220.5,
2022-09-11,1908,69979462,,مسعد صالح محمد جاد ( مصروفات مكتب المنصورة  2 ),مكاتب شئون العضوية,بنك مصر,10840,
2022-09-11,1909,69979463,,ايمن عبد العزيز عبد الله ( استعاضة الشئون القانونية ),مصاريف محاماة,بنك مصر,4745,
2022-09-11,1910,69979464,,مسعد صالح محمد جاد ( بدل سفر وانتقال طبقاً للمذكرة ),مكاتب شئون العضوية,بنك مصر,1100,
2022-09-12,1911,69979465,,عبد الصبور عبد العال حسين ( اعانة اعسطس 2022 ),اعانات اجتماعية,بنك مصر,300,
2022-09-13,1912,4579,,طارق سيد على خلاف على ( عهدة لشراء اطارات السيارة التوسان ),مدينون متنوعون,بنك العمال 1,20000,
2022-09-12,1913,69979466,,عبد المجيد محمد العماوى ( مصروفات مكتب كفر الشيخ يوليو واغسطس 2022 ),مكاتب شئون العضوية,بنك مصر,970,
2022-09-12,1914,69979467,,رجب محمد حسان ( مصروفات مكتب 6 اكتوبر ),مكاتب شئون العضوية,بنك مصر,1004,
2022-09-12,1915,69979468,,دعاء حسين رمضان رمضان ( مصروفات مكتب بنى سويف وبيبا ),مكاتب شئون العضوية,بنك مصر,4053,
2022-09-13,1916,69979469,,كوثر أحمد عبده مرسى  ( اعانة اغسطس 2022 ),اعانات اجتماعية,بنك مصر,100,
2022-09-13,1917,69979470,,شركة المجد للتجارة ( صيانة ماكينة التصوير + قطع غيار ),صيانه,,3192,
2022-09-13,1917,69979470,,شركة المجد للتجارة ( صيانة ماكينة التصوير + قطع غيار ),,بنك مصر,3108,
2022-09-13,1917,69979470,,شركة المجد للتجارة ( صيانة ماكينة التصوير + قطع غيار ),,ضرائب الخصم والاضافة,84,
2022-09-13,1918,69979471,,كريم ابراهيم عبد الحميد ( استعاضة عهدة الادوات الكتابية ),مستلزمات مكتب رئيس مجلس الإدارة,,4937.34,
2022-09-13,1918,69979471,,كريم ابراهيم عبد الحميد ( استعاضة عهدة الادوات الكتابية ),,بنك مصر,4889.34,
2022-09-13,1918,69979471,,كريم ابراهيم عبد الحميد ( استعاضة عهدة الادوات الكتابية ),,ضرائب الخصم والاضافة,48,
2022-09-13,1919,69979472,,عاطف عبد النظير عبد الشافى ( مصروفات مكتب سوهاج ),مكاتب شئون العضوية,بنك مصر,2900,
2022-09-13,1920,4580,,عاطف ابا زيد مرسى ( استعاضة المصروفات الادارية  ),مصروفات إدارية المقر الرئيسى,بنك العمال 1,4696,
2022-09-15,1921,69979473,,امل محمد سليمان   ( اعانة اغسطس 2022 ),اعانات اجتماعية,بنك مصر,100,
2022-09-15,1922,69979474,,السيد فرغلى السيد ( بدل سفر وانتقال ),بدل سفر وانتقال,بنك مصر,1100,
2022-09-15,1923,69979475,,جوزيف فؤاد ايوب ( عهدة للسيارة الميكروباص للعمل فى المؤتمر العربى ),مدينون متنوعون,بنك مصر,3000,
2022-09-15,1924,69979476,,سامية عبد الغنى عثمان  ( اعانة اغسطس 2022 ),اعانات اجتماعية,بنك مصر,100,
2022-09-15,1925,69979477,,محمود حسن حسين ( مصروفات مكتب السويس ),مكاتب شئون العضوية,بنك مصر,2110,
2022-09-15,1926,69979479,,عصام ابو بكر حجاج ( منحة المدارس للعاملين ),حافزاعياد ومناسبات,,79996.84,
2022-09-15,1926,69979479,,عصام ابو بكر حجاج ( منحة المدارس للعاملين ),,بنك مصر,63654,
2022-09-15,1926,69979479,,عصام ابو بكر حجاج ( منحة المدارس للعاملين ),,ضريبة كسب العمل,16342.84,
2022-09-15,1927,69979480,,هانى عبد الفتاح محمد عبد المللك محمد ( عهدة تراخيص سيارات  ),مدينون متنوعون,بنك مصر,20000,
2022-09-18,1928,69979481,,هشام مصطفى محمد عبد المعطى محمد ( استعاضة مصيف مطروح ),مصروفات مصيف مطروح,بنك مصر,30600,
2022-09-15,1929,4581,,مصطفى محمد شمندى ( تسوية عهدة اصلاح وصيانة بالمقر ),صيانه,,3195,
2022-09-15,1929,4581,,مصطفى محمد شمندى ( تسوية عهدة اصلاح وصيانة بالمقر ),,بنك العمال 1,168,
2022-09-15,1929,4581,,مصطفى محمد شمندى ( تسوية عهدة اصلاح وصيانة بالمقر ),,مدينون متنوعون,3000,
2022-09-15,1929,4581,,مصطفى محمد شمندى ( تسوية عهدة اصلاح وصيانة بالمقر ),,ضرائب الخصم والاضافة,27,
2022-09-19,1930,4582,,عاطف ابا زيد مرسى ( استعاضة المصروفات الادارية  ),مصروفات إدارية المقر الرئيسى,بنك العمال 1,4994,
2022-09-19,1931,69979482,,عصام ابو بكر حجاج ( مكافأه طبقاً للمذكرة المرفقة ),مرتبات ومكافأة شاملة,بنك مصر,700,
2022-09-19,1932,69979483,,كريم ابراهيم عبد الحميد ( مكافأه طبقاً للمذكرة المرفقة ),مرتبات ومكافأة شاملة,بنك مصر,700,
2022-09-19,1933,4583,,محمد رضا محمد السيد ( بدل سفر وانتقال مكتب منية النصر ),مكاتب شئون العضوية,بنك العمال 1,350,
2022-09-19,1934,69979484,,بسيونى عبد المطلب على  ( اعانة اغسطس 2022 ),اعانات اجتماعية,بنك مصر,50,
2022-09-19,1935,69979485,,عصام ابو بكر حجاج ( العمل ايام الاجازات  طبقاً للمذكرة المرفقة ),مكافأت وبدل العمل أيام الاجازات الرسمية,بنك مصر,1550,
2022-09-15,1936,69979478,,صالح محمد نسيم ( بدل حضور جلسات ),مرتبات ومكافأة شاملة,بنك مصر,1400,
2022-09-25,1937,69979486,,محمد محمد حسن ( بدل سفر وانتقال ),مرتبات ومكافأة شاملة,بنك مصر,1700,
2022-09-25,1938,69979487,,محمود حسن حسين ( مصروفات مكتب السويس ),مكاتب شئون العضوية,بنك مصر,1775,
2022-09-25,1939,69979488,,فتحى عواد محمد حسن ( بدل سفر وانتقال مكتب العريش ),مكاتب شئون العضوية,بنك مصر,550,
2022-09-25,1940,69979489,,محمد محمد حسن ( استعاضة مجمع الاسكندرية ),مجمع لجان الإسكندرية,بنك مصر,570.3,
2022-09-29,1941,69979490,,محمد محمد حسن ( مرور لجان),مكاتب شئون العضوية,بنك مصر,2120,
2022-09-25,1942,4584,,طارق سيد على خلاف على ( استعاضة عهدة السيارة التوسان ),السيارة,بنك العمال 1,3810,
2022-09-25,1943,4585,,طارق سيد على خلاف على ( مصروفات السيارة البيجو ),السيارة,بنك العمال 1,1365,
2022-09-25,1944,4586,,كريم ابراهيم عبد الحميد ( عهدة لشراء ورق تصوير ),مدينون متنوعون,بنك العمال 1,14500,
2022-09-25,1945,4587,,عماد الدين محمد مبروك ( عهدة لشراء احبار ),مدينون متنوعون,بنك العمال 1,5500,
2022-09-27,1946,4588,,جهاز الخدمات العامة للقوات المسلحة ( جراج الجمهورية عدد ( 4 ) سيارات ),السيارة,,4660,
2022-09-27,1946,4588,,جهاز الخدمات العامة للقوات المسلحة ( جراج الجمهورية عدد ( 4 ) سيارات ),,بنك العمال 1,4520.2,
2022-09-27,1946,4588,,جهاز الخدمات العامة للقوات المسلحة ( جراج الجمهورية عدد ( 4 ) سيارات ),,ضرائب الخصم والاضافة,139.8,
2022-09-25,1947,69979492,,احمد عبد المنعم عتمان ( مكافأه جهود طبقاً للمذكرة المرفقة ),مرتبات ومكافأة شاملة,بنك مصر,400,
2022-09-25,1948,69979493,,حنان عاطف محمود ( استعاضة الادوية ),علاج ومستلزمات طبية,بنك مصر,2855.5,
2022-09-25,1949,69979496,,مصطفى رمضان حجازى ( مكافأه جهود طبقاً للمذكرة المرفقة ),مكافأت وبدل العمل أيام الاجازات الرسمية,بنك مصر,800,
2022-09-25,1950,69979497,,شركة مصر للتأمين ( وثيقة تأمين السيارت  ),السيارة,بنك مصر,21471,
2022-09-25,1951,69979498,,محمد مصطفى عبد الباقى ( بدل انتقال ),مرتبات ومكافأة شاملة,بنك مصر,100,
2022-09-25,1952,69979499,,اشرف ابراهيم السيد ( مكافأه الدكتور الشهرية ),مرتبات ومكافأة شاملة,,1200,
2022-09-25,1952,69979499,,اشرف ابراهيم السيد ( مكافأه الدكتور الشهرية ),,بنك مصر,1080,
2022-09-25,1952,69979499,,اشرف ابراهيم السيد ( مكافأه الدكتور الشهرية ),,ضريبة كسب العمل,120,
2022-09-25,1953,69979500,,ابراهيم عبد الله حسيب ( مكافأه مستشار الشئون القانونية  الشهرية ),مرتبات ومكافأة شاملة,,1965,
2022-09-25,1953,69979500,,ابراهيم عبد الله حسيب ( مكافأه مستشار الشئون القانونية  الشهرية ),,بنك مصر,1770,
2022-09-25,1953,69979500,,ابراهيم عبد الله حسيب ( مكافأه مستشار الشئون القانونية  الشهرية ),,ضريبة كسب العمل,195,
2022-09-25,1954,69979501,,ايمن عبد العزيز عبد الله  ( مكافأه مستشار الشئون القانونية  الشهرية ),مرتبات ومكافأة شاملة,,2500,
2022-09-25,1954,69979501,,ايمن عبد العزيز عبد الله  ( مكافأه مستشار الشئون القانونية  الشهرية ),,بنك مصر,2250,
2022-09-25,1954,69979501,,ايمن عبد العزيز عبد الله  ( مكافأه مستشار الشئون القانونية  الشهرية ),,ضريبة كسب العمل,250,
2022-09-25,1955,69979502,,محمد كرم عباس ( مكافأه مستشار الشئون القانونية  الشهرية ),مرتبات ومكافأة شاملة,,1965,
2022-09-25,1955,69979502,,محمد كرم عباس ( مكافأه مستشار الشئون القانونية  الشهرية ),,بنك مصر,1770,
2022-09-25,1955,69979502,,محمد كرم عباس ( مكافأه مستشار الشئون القانونية  الشهرية ),,ضريبة كسب العمل,195,
2022-09-25,1956,69979503,,محمد داود حسين ( مكافأه المستشار المالى  الشهرية ),مرتبات ومكافأة شاملة,,900,
2022-09-25,1956,69979503,,محمد داود حسين ( مكافأه المستشار المالى  الشهرية ),,بنك مصر,810,
2022-09-25,1956,69979503,,محمد داود حسين ( مكافأه المستشار المالى  الشهرية ),,ضريبة كسب العمل,90,
2022-09-25,1957,69979504,,صالح محمد نسيم ( مكافأه المستشار العمالى الشهرية ),مرتبات ومكافأة شاملة,,1000,
2022-09-25,1957,69979504,,صالح محمد نسيم ( مكافأه المستشار العمالى الشهرية ),,بنك مصر,900,
2022-09-25,1957,69979504,,صالح محمد نسيم ( مكافأه المستشار العمالى الشهرية ),,ضريبة كسب العمل,100,
2022-09-25,1958,69979505,,محمد بهاء الدين محمد ( مكافأه المستشار العمالى الشهرية ),مرتبات ومكافأة شاملة,,1200,
2022-09-25,1958,69979505,,محمد بهاء الدين محمد ( مكافأه المستشار العمالى الشهرية ),,بنك مصر,1080,
2022-09-25,1958,69979505,,محمد بهاء الدين محمد ( مكافأه المستشار العمالى الشهرية ),,ضريبة كسب العمل,120,
2022-09-26,1959,69979506,,محمد  حسنى محمد التونى ( مكافأه المستشار العمالى الشهرية ),مرتبات ومكافأة شاملة,,1200,
2022-09-26,1959,69979506,,محمد  حسنى محمد التونى ( مكافأه المستشار العمالى الشهرية ),,بنك مصر,1080,
2022-09-26,1959,69979506,,محمد  حسنى محمد التونى ( مكافأه المستشار العمالى الشهرية ),,ضريبة كسب العمل,120,
2022-09-27,1960,تسوية,,تسويةعهدة شراء ورق تصوير,مطبوعات وادوات كتابية,,14640,
2022-09-27,1960,تسوية,,تسويةعهدة شراء ورق تصوير,,مدينون متنوعون,14500,
2022-09-27,1960,تسوية,,تسويةعهدة شراء ورق تصوير,,ضرائب الخصم والاضافة,140,
2022-09-27,1961,69979507,,كريم ابراهيم عبد الحميد ( استعاضة عهدة مكتب رئيس مجلس الإدارة ),مستلزمات مكتب رئيس مجلس الإدارة,بنك مصر,4115.5,
2022-09-27,1962,4589,,عصام ابو بكر حجاج ( مرتبات شهر 9-2022 + بدلات الاعضاء ),مرتبات ومكافأة شاملة,,281051.84,
2022-09-27,1962,4589,,عصام ابو بكر حجاج ( مرتبات شهر 9-2022 + بدلات الاعضاء ),مدينون متنوعون,,4192.25,
2022-09-27,1962,4589,,عصام ابو بكر حجاج ( مرتبات شهر 9-2022 + بدلات الاعضاء ),,بنك العمال 1,159920.27,
2022-09-27,1962,4589,,عصام ابو بكر حجاج ( مرتبات شهر 9-2022 + بدلات الاعضاء ),,سلف العاملين,30095,
2022-09-27,1962,4589,,عصام ابو بكر حجاج ( مرتبات شهر 9-2022 + بدلات الاعضاء ),,تأمين تكافلى,6668.92,
2022-09-27,1962,4589,,عصام ابو بكر حجاج ( مرتبات شهر 9-2022 + بدلات الاعضاء ),,ضريبة كسب العمل,7904.61,
2022-09-27,1962,4589,,عصام ابو بكر حجاج ( مرتبات شهر 9-2022 + بدلات الاعضاء ),,أقساط النفقة,180,
2022-09-27,1962,4589,,عصام ابو بكر حجاج ( مرتبات شهر 9-2022 + بدلات الاعضاء ),,أقساط قروض بنك التنمية لبعض العاملين,18009.89,
2022-09-27,1962,4589,,عصام ابو بكر حجاج ( مرتبات شهر 9-2022 + بدلات الاعضاء ),,التأمينات الاجتماعية,56860.12,
2022-09-27,1962,4589,,عصام ابو بكر حجاج ( مرتبات شهر 9-2022 + بدلات الاعضاء ),,خصم كورونا,1776.74,
2022-09-27,1962,4589,,عصام ابو بكر حجاج ( مرتبات شهر 9-2022 + بدلات الاعضاء ),,خصم جزاءات,151.71,
2022-09-27,1962,4589,,عصام ابو بكر حجاج ( مرتبات شهر 9-2022 + بدلات الاعضاء ),,تامينات عاملين مستقطعه وتسدد لمكاتب تامينات بالمحافظات,3676.83,
2022-09-27,1963,4590,,عصام ابو بكر حجاج ( استعاضة ادارية ),مصروفات إدارية المقر الرئيسى,,5002,
2022-09-27,1963,4590,,عصام ابو بكر حجاج ( استعاضة ادارية ),,بنك العمال 1,4993.5,
2022-09-27,1963,4590,,عصام ابو بكر حجاج ( استعاضة ادارية ),,ضرائب الخصم والاضافة,8.5,
2022-09-27,1964,4591,,عصام ابو بكر حجاج ( تسوية نقدية مكتب شربين ),مكاتب شئون العضوية,,2870,
2022-09-27,1964,4591,,عصام ابو بكر حجاج ( تسوية نقدية مكتب شربين ),السيارة,,4660,
2022-09-27,1964,4591,,عصام ابو بكر حجاج ( تسوية نقدية مكتب شربين ),بدل سفر وانتقال,,32609.8,
2022-09-27,1964,4591,,عصام ابو بكر حجاج ( تسوية نقدية مكتب شربين ),,بنك العمال 1,40000,
2022-09-27,1964,4591,,عصام ابو بكر حجاج ( تسوية نقدية مكتب شربين ),,ضرائب الخصم والاضافة,139.8,
2022-09-27,1965,4592,,على على ابراهيم ( ايام سهر واجازات ),مكافأت وبدل العمل أيام الاجازات الرسمية,بنك العمال 1,1150,
2022-09-27,1966,4593,,امام سيد قطب ( مرتب شهر سبتمبر انتداب اسيوط ),مرتبات ومكافأة شاملة,,2937.67,
2022-09-27,1966,4593,,امام سيد قطب ( مرتب شهر سبتمبر انتداب اسيوط ),,بنك العمال 1,2403.79,
2022-09-27,1966,4593,,امام سيد قطب ( مرتب شهر سبتمبر انتداب اسيوط ),,الاتحاد العام,533.88,
2022-09-28,1967,69979508,,عصام ابو بكر حجاج ( استعاضة ادارية ),مصروفات إدارية المقر الرئيسى,بنك مصر,5004,
2022-09-29,1968,69979510,,جيهان موسى محمد الشجاعى محمد السجاعى محمد ( مصروفات مكتب مينا القمح ),مكاتب شئون العضوية,بنك مصر,5560,
2022-09-29,1969,69979511,,جيهان موسى محمد الشجاعى محمد السجاعى محمد ( بدل سفر وانتقال ),مكاتب شئون العضوية,بنك مصر,550,
2022-09-29,1970,69979512,,جيهان موسى محمد الشجاعى محمد السجاعى محمد ( مساهمة مولد النبوى الشريف مكتب منيا القمح ),مكاتب شئون العضوية,بنك مصر,8500,
2022-09-29,1971,69979513,,عصام ابو بكر حجاج ( ايام سهر واجازات طبقاً للمذكرة المرفقة ),مكافأت وبدل العمل أيام الاجازات الرسمية,بنك مصر,4060,
2022-09-29,1972,69979514,,محمد رأفت عبد القوى ( وجبات غذائية للوفد الليبى ),علاقات عامة,بنك مصر,3500,
2022-09-29,1973,69979515,,محمود ابراهيم محمد زهران زهران ( مصروفات مكتب زفتى ),مكاتب شئون العضوية,بنك مصر,4565,
2022-09-29,1974,69979516,,طارق ابراهيم سليمان ( تسوية عهدة صيانة مصيف جمصة ),مصروفات مصيف جمصة,,105046,
2022-09-29,1974,69979516,,طارق ابراهيم سليمان ( تسوية عهدة صيانة مصيف جمصة ),,بنك مصر,2980,
2022-09-29,1974,69979516,,طارق ابراهيم سليمان ( تسوية عهدة صيانة مصيف جمصة ),,مدينون متنوعون,100330,
2022-09-29,1974,69979516,,طارق ابراهيم سليمان ( تسوية عهدة صيانة مصيف جمصة ),,ضرائب الخصم والاضافة,1736,
2022-09-29,1975,69979517,,دعاء حسين رمضان رمضان ( مصروفات مكتب بنى سويف وبيبا ),مكاتب شئون العضوية,بنك مصر,5993,
2022-09-29,1976,69979518,,يسرى ابراهيم محمود ( مصروفات مكتب منية النصر ),مكاتب شئون العضوية,بنك مصر,4143,
2022-09-29,1977,69979519,,حسنين ابراهيم حسنين ( تسوية عهدة تأشيرة اسبانيا ),بدلات سفر خارجية,,8167,
2022-09-29,1977,69979519,,حسنين ابراهيم حسنين ( تسوية عهدة تأشيرة اسبانيا ),,بنك مصر,1167,
2022-09-29,1977,69979519,,حسنين ابراهيم حسنين ( تسوية عهدة تأشيرة اسبانيا ),,مدينون متنوعون,7000,
2022-09-29,1978,4594,,عبد الناصر بكر أحمد ( بدل سفر وانتقال من اسيوط الى القاهرة ),بدل سفر وانتقال,بنك العمال 1,3490,
2022-09-29,1979,4595,,امام سيد قطب (ايام سهر ),مكافأت وبدل العمل أيام الاجازات الرسمية,بنك العمال 1,630,
2022-09-29,1980,18,,عبد المنعم ابراهيم محمد الجمل ( بدل سفر مؤتمر اسبانيا ),بدلات سفر خارجية,بنك العمال دولار,875,
2022-09-29,1981,تسوية,,هانى عبد الفتاح محمد عبد المللك محمد ( تسوية عهدة كهرباء ومياة عمارة المعادى,عمارة المعادى,مدينون متنوعون,6000,
2022-09-29,1982,تسوية,,عماد الدين محمد مبروك ( تسوية عهدة ورشة عمل ),بنك مصر,,1427.8,
2022-09-29,1982,تسوية,,عماد الدين محمد مبروك ( تسوية عهدة ورشة عمل ),نشاط اجتماعى وثقافى,,13816.1,
2022-09-29,1982,تسوية,,عماد الدين محمد مبروك ( تسوية عهدة ورشة عمل ),,مدينون متنوعون,15000,
2022-09-29,1982,تسوية,,عماد الدين محمد مبروك ( تسوية عهدة ورشة عمل ),,ضرائب الخصم والاضافة,243.9,
2022-09-15,1983,4494,,حصة لجنة شركة النيل العامة للطرق والكبارى عن الاشتركات من فبراير حتى يوليو 2022,حصص اللجان النقابية بالشركات من الاشتركات,بنك العمال 1,50766,
2022-09-15,1984,4496,,حصة لجنة شركة النصر العامة للمقاولات من تحت حساب الاشتركات,حصص اللجان النقابية بالشركات من الاشتركات,بنك العمال 1,48470,
2022-09-15,1985,4497,,حصة لجنة شركة العربية للخزف سيراميكا ريماس عن الاشتركات من ابريل حتى اغسطس 2022,حصص اللجان النقابية بالشركات من الاشتركات,بنك العمال 1,32043,
2022-09-15,1986,4498,,حصة لجنة شركة اسمنت حلوان من تحت حساب الاشتركات,حصص اللجان النقابية بالشركات من الاشتركات,بنك العمال 1,2835,
2022-09-15,1987,4499,,حصة لجنة شركة الجيزة العامة والمقاولات من تحت حساب الاشتركات,حصص اللجان النقابية بالشركات من الاشتركات,بنك العمال 1,1953,
2022-09-15,1988,4500,,حصة لجنة شركة المقاولون العرب القاهرة عن اشتركات شهر فبراير 2022,حصص اللجان النقابية بالشركات من الاشتركات,بنك العمال 1,81737,
2022-09-15,1989,4801,,حصة لجنة شركة المقاولون العرب اسوان عن اشتركات شهر فبراير 2022,حصص اللجان النقابية بالشركات من الاشتركات,بنك العمال 1,16880,
2022-09-15,1990,4802,,حصة لجنة شركة مصر الجديدة للاسكان والتعميرمن تحت حساب الاشتركات,حصص اللجان النقابية بالشركات من الاشتركات,بنك العمال 1,10965,
2022-09-18,1991,4804,,حصة لجنة شركة السويس للاكياس عن الاشتركات من ابريل حتى يونيو 2022,حصص اللجان النقابية بالشركات من الاشتركات,بنك العمال 1,531,
2022-09-18,1992,4805,,حصة لجنة شركة اسمنت بنى سويف عن الاشتركات من فبراير حتى يوليو 2022,حصص اللجان النقابية بالشركات من الاشتركات,بنك العمال 1,1548,
2022-09-18,1993,4807,,حصة لجنة شركة سيجوارت المعصرة عن الاشتركات من ابريل حتى مايو 2022,حصص اللجان النقابية بالشركات من الاشتركات,بنك العمال 1,10432,
2022-09-18,1994,4808,,حصة لجنة شركة المقاولات المصرية مختار ابراهيم من تحت حساب الاشتركات,حصص اللجان النقابية بالشركات من الاشتركات,بنك العمال 1,36666,
2022-09-01,1995,,,طه رمضان حجازى ( ايرادات مكتب الجيزة ),بنك العمال 1,إيرادات مكاتب شئون العضوية,5280,
2022-09-01,1996,,,حسين ثابت حسن ( ايرادات مكتب اسيوط ),بنك العمال 1,إيرادات مكاتب شئون العضوية,15000,
2022-09-01,1997,,,اللجنة النقابية المهنية بالاسكندرية,بنك العمال 1,إيرادات من اللجان المهنية,20000,
2022-09-01,1998,,,مكتب شئون عضوية بشربين,بنك العمال 1,إيرادات مكاتب شئون العضوية,40000,
2022-09-01,1999,,,اللجنه النقابية بشركة المقاولون العرب - القاهره,بنك العمال 1,إيرادات من الجان الشركات والهيئات,295480,
2022-09-01,2000,,,اللجنه النقابية بشركة النصر للمقاولات - حسن علام,بنك العمال 1,إيرادات من الجان الشركات والهيئات,28725,
2022-09-01,2001,,,اللجنه النقابية بشركة النيل العامه للطرق والكبارى,بنك العمال 1,إيرادات من الجان الشركات والهيئات,12614.4,
2022-09-01,2002,,,اللجنه النقابية بشركة المساهمة المصرية - القاهرة,بنك العمال 1,إيرادات من الجان الشركات والهيئات,3291.3,
2022-09-01,2003,,,اللجنه النقابية بشركةأسمنت بورتلاند اسكندرية - بلوسيركل,بنك العمال 1,إيرادات من الجان الشركات والهيئات,334.8,
2022-09-01,2004,,,اللجنه النقابية بشركةالاسكندرية للحراريات - اسكندرية,بنك العمال 1,إيرادات من الجان الشركات والهيئات,383.4,
2022-09-01,2005,,,اللجنه النقابية بشركة المعمورة للاسكان والتعمير,بنك العمال 1,إيرادات من الجان الشركات والهيئات,4665.6,
2022-09-01,2006,,,اللجنه النقابية بشركة المساهمة المصرية  للمقاولات- العبد المنصورة,بنك العمال 1,إيرادات من الجان الشركات والهيئات,1376,
2022-09-02,2007,,,ايرادات متنوعة,بنك مصر,الإيرادات المتنوعة,459.6,
2022-09-03,2008,,,ايرادات متنوعة,بنك مصر,الإيرادات المتنوعة,83,
2022-09-04,2009,,,ايرادات متنوعة,بنك مصر,الإيرادات المتنوعة,63.6,
2022-09-05,2010,,,المنصورة 1,بنك مصر,إيرادات مكاتب شئون العضوية,7500,
2022-09-06,2011,,,ابرهيم محمد غلوش,بنك مصر,إيرادات مكاتب شئون العضوية,4300,
2022-09-07,2012,,,المنزله,بنك مصر,إيرادات مكاتب شئون العضوية,2000,
2022-09-08,2013,,,منية النصر,بنك مصر,إيرادات مكاتب شئون العضوية,2000,
2022-09-09,2014,,,دمنهور,بنك مصر,إيرادات مكاتب شئون العضوية,1210,
2022-09-10,2015,,,تسوية السلفة الشخصية عبد الحميد محمد عبد الحميد,بنك مصر,سلف العاملين,1640,
2022-09-11,2016,,,شبرا الخيمة,بنك مصر,إيرادات مكاتب شئون العضوية,2000,
2022-09-12,2017,,,المنزله,بنك مصر,إيرادات مكاتب شئون العضوية,1000,
2022-09-13,2018,,,المنيا,بنك مصر,إيرادات مكاتب شئون العضوية,4300,
2022-09-14,2019,,,السنبلاوين,بنك مصر,إيرادات مكاتب شئون العضوية,5760,
2022-09-15,2020,,,قليوب,بنك مصر,إيرادات مكاتب شئون العضوية,3960,
2022-09-16,2021,,,ماضى فرشوط,بنك مصر,إيرادات مكاتب شئون العضوية,1000,
2022-09-17,2022,,,المنصورة 2,بنك مصر,إيرادات مكاتب شئون العضوية,5000,
2022-09-18,2023,,,منية النصر,بنك مصر,إيرادات مكاتب شئون العضوية,4000,
2022-09-19,2024,,,شربين,بنك مصر,إيرادات مكاتب شئون العضوية,8000,
2022-09-20,2025,,,دمنهور,بنك مصر,إيرادات مكاتب شئون العضوية,3850,
2022-09-21,2026,,,المنزله,بنك مصر,إيرادات مكاتب شئون العضوية,800,
2022-09-22,2027,,,منية النصر,بنك مصر,إيرادات مكاتب شئون العضوية,7000,
2022-09-23,2028,,,المنصورة 2,بنك مصر,إيرادات مكاتب شئون العضوية,7500,
2022-09-24,2029,,,بورسعيد,بنك مصر,إيرادات مكاتب شئون العضوية,203,
2022-09-25,2030,,,بورسعيد,بنك مصر,إيرادات مكاتب شئون العضوية,1668,
2022-09-26,2031,,,منية النصر,بنك مصر,إيرادات مكاتب شئون العضوية,7000,
2022-09-27,2032,,,المنصورة 2,بنك مصر,إيرادات مكاتب شئون العضوية,7500,
2022-09-28,2033,,,ابرهيم محمد غلوش,بنك مصر,إيرادات مكاتب شئون العضوية,4300,
2022-09-29,2034,,,مكتب شئون عضوية القاهرة,بنك مصر,إيرادات مكاتب شئون العضوية,14125,
2022-09-30,2035,,,مكتب شئون عضوية القاهرة,بنك مصر,إيرادات مكاتب شئون العضوية,21424,
2022-09-30,2036,,,المنصوورة 2,بنك مصر,إيرادات مكاتب شئون العضوية,9000,
2022-09-30,2037,,,المنصوورة 1,بنك مصر,إيرادات مكاتب شئون العضوية,7500,
2022-09-30,2038,,,المنزله,بنك مصر,إيرادات مكاتب شئون العضوية,1000,
2022-09-30,2039,,,منية النصر,بنك مصر,إيرادات مكاتب شئون العضوية,2000,
2022-09-30,2040,,,العريش,بنك مصر,إيرادات مكاتب شئون العضوية,1000,
2022-09-30,2041,,,خالد عبد العزيز,بنك مصر,,1450,
2022-09-30,2041,,,خالد عبد العزيز,,تأمين تكافلى,150,
2022-09-30,2041,,,خالد عبد العزيز,,التأمينات الاجتماعية,1300,
2022-09-30,2042,,,السويس,بنك مصر,إيرادات مكاتب شئون العضوية,2000,
2022-09-30,2043,,,اقساط قروض المركز,بنك مصر,أقساط قروض بنك التنمية لبعض العاملين,4010,
2022-09-30,2044,,,شربين,بنك مصر,إيرادات مكاتب شئون العضوية,6000,
2022-09-30,2045,,,زفتى,بنك مصر,إيرادات مكاتب شئون العضوية,4000,
2022-09-30,2046,,,الفيوم,بنك مصر,إيرادات مكاتب شئون العضوية,19500,
2022-09-30,2047,,,المنصورة 2,بنك مصر,إيرادات مكاتب شئون العضوية,8000,
2022-09-30,2048,,,السنبلاوين,بنك مصر,إيرادات مكاتب شئون العضوية,13360,
2022-09-30,2049,,,ابراهيم محمد غلوش مكتب طنطا,بنك مصر,إيرادات مكاتب شئون العضوية,4300,
2022-09-30,2050,,,ابراهيم محمد غلوش مكتب طنطا,بنك مصر,إيرادات مكاتب شئون العضوية,4300,
2022-09-30,2051,,,دمنهور,بنك مصر,إيرادات مكاتب شئون العضوية,4370,
2022-09-30,2052,,,مكتب كفر الشيخ,بنك مصر,إيرادات مكاتب شئون العضوية,560,
2022-09-30,2053,,,دسووق,بنك مصر,إيرادات مكاتب شئون العضوية,6000,
2022-09-30,2054,,,منصور كفر صقر,بنك مصر,إيرادات مكاتب شئون العضوية,4000,
2022-09-30,2055,,,المنزله,بنك مصر,إيرادات مكاتب شئون العضوية,1200,
2022-09-30,2056,,,منية النصر,بنك مصر,إيرادات مكاتب شئون العضوية,3000,
2022-09-30,2057,,,بنى سوويف,بنك مصر,إيرادات مكاتب شئون العضوية,2250,
2022-09-30,2058,,,عدلى مكتب قنا,بنك مصر,إيرادات مكاتب شئون العضوية,8100,
2022-09-30,2059,,,طرق قنا,بنك مصر,إيرادات من الجان الشركات والهيئات,808.8,
2022-09-30,2060,,,طرق البحيرة,بنك مصر,إيرادات من الجان الشركات والهيئات,9,
2022-09-30,2061,,,طرق السويس,بنك مصر,إيرادات من الجان الشركات والهيئات,339,
2022-09-30,2062,,,طرق ونقل القنال وسيناء,بنك مصر,إيرادات من الجان الشركات والهيئات,27,
2022-09-30,2063,,,طرق نقل طنطا,بنك مصر,إيرادات من الجان الشركات والهيئات,295.8,
2022-09-30,2064,,,طرق نقل الغربية,بنك مصر,إيرادات من الجان الشركات والهيئات,209.4,
2022-09-30,2065,,,طرق نقل الغربية,بنك مصر,إيرادات من الجان الشركات والهيئات,58.2,
2022-09-30,2066,,,طرق نقل قنا,بنك مصر,إيرادات من الجان الشركات والهيئات,4.2,
2022-09-30,2067,,,طرق البحيرة,بنك مصر,إيرادات من الجان الشركات والهيئات,777,
2022-09-30,2068,,,طرق ونقل كفر الشيخ,بنك مصر,إيرادات من الجان الشركات والهيئات,483,
2022-09-30,2069,,,طرق ونقل الشرقية,بنك مصر,إيرادات من الجان الشركات والهيئات,2538,
2022-09-30,2070,,,طرق ونقل القليوبية,بنك مصر,إيرادات من الجان الشركات والهيئات,201,
2022-09-30,2071,,,طرق ونقل الزقازيق,بنك مصر,إيرادات من الجان الشركات والهيئات,387.6,
2022-09-30,2072,,,الوادى الجديد,بنك مصر,إيرادات من الجان الشركات والهيئات,539.6,
2022-09-30,2073,,,طرق وكبارى سيناء,بنك مصر,إيرادات من الجان الشركات والهيئات,124.8,
2022-09-30,2074,,,طرق ونقل السويس,بنك مصر,إيرادات من الجان الشركات والهيئات,333.6,
2022-09-30,2075,,,طرق ونقل الشرقية,بنك مصر,إيرادات من الجان الشركات والهيئات,12,
2022-09-30,2076,,,طرق كبارى الزقازيق,بنك مصر,إيرادات من الجان الشركات والهيئات,90.6,
2022-09-30,2077,,,الوادى الجديد,بنك مصر,إيرادات من الجان الشركات والهيئات,51,
2022-09-27,2078,,,اللجنه النقابية بشركة أسمنت أسيوط,بنك العمال 1,إيرادات من الجان الشركات والهيئات,5430.75,
2022-09-28,2079,,,العربية للخزف,بنك العمال 1,إيرادات من الجان الشركات والهيئات,9625.5,
2022-09-29,2080,,,اللجنه النقابية بشركة أسمنت العامرية,بنك العمال 1,إيرادات من الجان الشركات والهيئات,2073.6,
2022-09-30,2081,,,اللجنه النقابية بشركة أسمنت بنى سويف,بنك العمال 1,إيرادات من الجان الشركات والهيئات,413.1,
2022-09-30,2082,,,اللجنة النقابية بشركة لافارج اسمنت مصر,بنك العمال 1,إيرادات من الجان الشركات والهيئات,732,
2022-09-30,2083,,,إيرادات مصيف مطروح,بنك العمال 1,إيرادات مصيف مطروح,15000,
2022-09-30,2084,,,إيرادات مصيف جمصة,بنك العمال 1,إيرادات مصيف جمصة,60100,
2022-09-30,2085,,,إيرادات مصيف مطروح,بنك العمال 1,إيرادات مصيف مطروح,30000,
2022-09-30,2086,,,إيرادات مصيف مطروح,بنك العمال 1,إيرادات مصيف مطروح,30000,
2022-09-30,2087,,,دفعة من حساب سمير السيد أحمد,بنك العمال 1,مدينون متنوعون,20000,
2022-09-30,2088,,,فائدة على الحساب,المؤسسة الثقافية,بنك العمال 1,8880,
2022-09-30,2089,,,عموله فائدة,المؤسسة الثقافية,بنك العمال 1,1998,
2022-09-30,2090,,,فائدة على الحساب,المؤسسة الثقافية,بنك العمال 1,6.91,
2022-09-30,2091,,,مصروفات بنكية كشف حساب التنمية,بنكية,بنك العمال 1,1425.11,
2022-09-30,2092,,,مصروفات بنكية كشف حساب مصر,بنكية,بنك مصر,100,
2022-09-30,2093,,,شراء اذون خزانة,أذون الخزانة,بنك مصر,484574,
2022-09-30,2094,,,شراء اذون خزانة,أذون الخزانة,بنك مصر,484574,
2022-09-30,2095,,,شراء اذون خزانة,أذون الخزانة,بنك مصر,484574,
2022-09-30,2096,,,تسوية محمد عبد الله أحمد ( بدل سفر وانتقال حضور مجلس الإدارة,بنك مصر,مدينون متنوعون,550,
2022-09-30,2097,,,إيرادات مصيف مطروح,بنك مصر,إيرادات مصيف مطروح,50000,
2022-09-30,2098,,,إيرادات مصيف مطروح,بنك مصر,إيرادات مصيف مطروح,25000,
2022-09-30,2099,,,إيرادات مصيف مطروح,بنك مصر,إيرادات مصيف مطروح,75000,
2022-09-30,2100,,,إيرادات مصيف مطروح,بنك مصر,إيرادات مصيف مطروح,25000,
2022-09-30,2101,,,إيرادات مصيف مطروح,بنك مصر,إيرادات مصيف مطروح,50000,
2022-09-30,2102,,,سمير السيد أحمد احمد دفعة من تحت حساب المديونية,بنك مصر,مدينون متنوعون,20000,
2022-09-30,2103,,,سمير السيد أحمد احمد دفعة من تحت حساب المديونية,بنك مصر,مدينون متنوعون,80000,
2022-09-30,2104,,,سمير السيد أحمد احمد دفعة من تحت حساب المديونية,بنك مصر,مدينون متنوعون,20000,
2022-09-30,2105,,,اللجنة المهنية- جرجا,بنك مصر,إيرادات من اللجان المهنية,500000,
2022-09-30,2106,,,اللجنة المهنية- بالزقازيق,بنك العمال 1,إيرادات من اللجان المهنية,15000,
2022-09-30,2107,,,اللجنة المهنية- بسوهاج,بنك مصر,إيرادات من اللجان المهنية,500000,
2022-09-30,2108,,,اللجنة المهنية – بفاقوس,بنك العمال 1,إيرادات من اللجان المهنية,3471,
2022-09-30,2109,,,سداد التامينات الاجتماعية,التأمينات الاجتماعية,بنك مصر,117607.72,
2022-09-30,2110,,,اللجنة المهنية - بالقاهرة الكبرى,بنك مصر,إيرادات من اللجان المهنية,500000,
2022-10-01,2111,تسوية,,عاطف ابازيد مرسى ( تسوية عهدة انعقاد الجمعية العمومية ),بنك مصر,,9986,
2022-10-01,2111,تسوية,,عاطف ابازيد مرسى ( تسوية عهدة انعقاد الجمعية العمومية ),مصاريف اجتماعات,,10014,
2022-10-01,2111,تسوية,,عاطف ابازيد مرسى ( تسوية عهدة انعقاد الجمعية العمومية ),,مدينون متنوعون,20000,
2022-10-01,2112,69979520,,سيدة ذكى محمد ( اعانة سبتمبر 2022 ),اعانات اجتماعية,بنك مصر,200,
2022-10-01,2113,,,تحويل اليكترونى التأمينات الاجتماعية للمنشأة رقم 19431 ),بنكية,,317.02,
2022-10-01,2113,,,تحويل اليكترونى التأمينات الاجتماعية للمنشأة رقم 19431 ),التأمينات الاجتماعية,,85447.64,
2022-10-01,2113,,,تحويل اليكترونى التأمينات الاجتماعية للمنشأة رقم 19431 ),,بنك مصر,85764.66,
2022-10-01,2114,69979521,,نجية محمد يحيى ( اعانة سبتمبر 2022 ),اعانات اجتماعية,بنك مصر,450,
2022-10-01,2115,69979522,,نبوية عاشور محمود ( اعانة سبتمبر 2022 ),اعانات اجتماعية,بنك مصر,350,
2022-10-01,2116,69979524,,هانم فؤاد حنفى ( اعانة سبتمبر 2022 ),اعانات اجتماعية,بنك مصر,400,
2022-10-01,2117,69979526,,سعدية  احمد محمد ( اعانة سبتمبر 2022 ),اعانات اجتماعية,بنك مصر,50,
2022-10-01,2118,69979527,,ماجدة عبد الله عبدالله اللطيف ( اعانة سبتمبر 2022 ),اعانات اجتماعية,بنك مصر,200,
2022-10-01,2119,69979528,,نعيمة مصطفى محمد على ( اعانة سبتمبر 2022 ),اعانات اجتماعية,بنك مصر,150,
2022-10-01,2120,69979529,,سحر رمضان عبد المجيد عبد الوهاب ( اعانة سبتمبر 2022 ),اعانات اجتماعية,بنك مصر,350,
2022-10-01,2121,69979530,,رجاء  عبد الفتاح  محمد ( اعانة سبتمبر 2022 ),اعانات اجتماعية,بنك مصر,450,
2022-10-01,2122,69979531,,ياسمين عبد المجيد اسماعيل ( اعانة سبتمبر 2022 ),اعانات اجتماعية,بنك مصر,50,
2022-10-01,2123,69979532,,فاطمة ابراهيم السيد ( اعانة سبتمبر 2022 ),اعانات اجتماعية,بنك مصر,50,
2022-10-01,2124,69979535,,فاطمة حنفى على ( اعانة سبتمبر 2022 ),اعانات اجتماعية,بنك مصر,350,
2022-10-01,2125,69979536,,صلاح محمد عبد المقصود ( اعانة سبتمبر 2022 ),اعانات اجتماعية,بنك مصر,75,
2022-10-01,2126,69979537,,السيد فرغلى السيد ( اعانة سبتمبر 2022 ),اعانات اجتماعية,بنك مصر,300,
2022-10-01,2127,69979539,,شحات سلطان حسن  ( اعانة سبتمبر 2022 ),اعانات اجتماعية,بنك مصر,100,
2022-10-01,2128,69979540,,عادل محمد الطاهر ( اعانة سبتمبر 2022 ),اعانات اجتماعية,بنك مصر,75,
2022-10-01,2129,69979541,,رحمة عبد الرحيم عبد العال ( اعانة سبتمبر 2022 ),اعانات اجتماعية,بنك مصر,450,
2022-10-01,2130,69979542,,عبد الغفار احمد مصطفى  ( اعانة سبتمبر 2022 ),اعانات اجتماعية,بنك مصر,75,
2022-10-01,2131,69979544,,طه رمضان حجازى ( مصروفات مكتب الجيزة سبتمبر 2022 ),مكاتب شئون العضوية,بنك مصر,824,
2022-10-01,2132,69979545,,جميل عبد الهادى ابو سعده ( مصروفات مكتب منوف سبتمبر 2022 ),مكاتب شئون العضوية,بنك مصر,750,
2022-10-01,2133,69979546,,كريم ابراهيم عبد الحميد ( استعاضة عهدة مستلزمات طبية ),مستلزمات طبية ( كورونا ),,5800,
2022-10-01,2133,69979546,,كريم ابراهيم عبد الحميد ( استعاضة عهدة مستلزمات طبية ),,بنك مصر,5744,
2022-10-01,2133,69979546,,كريم ابراهيم عبد الحميد ( استعاضة عهدة مستلزمات طبية ),,ضرائب الخصم والاضافة,56,
2022-10-01,2134,69979547,,محمد محمد حسن ( مرور لجان),مكاتب شئون العضوية,بنك مصر,1420,
2022-10-02,2135,69979549,,مسعد صالح محمد جاد ( مصروفات مكتب المنصورة2 + بدل سفر واتقال ومكافأه ),مكاتب شئون العضوية,بنك مصر,9590,
2022-10-01,2136,69979550,,مسعد صالح محمد جاد (مساهمة المولد النبوى الشريف لعدد 150 عضو ),مكاتب شئون العضوية,بنك مصر,7500,
2022-10-01,2137,69979551,,حسين ثابت حسن ( مصروفات مكتب اسيوط  سبتمبر 2022),مكاتب شئون العضوية,بنك مصر,1575.5,
2022-10-01,2138,69979552,,حسين ثابت حسن ( بدل انتقال مكاتب اسيوط),مكاتب شئون العضوية,بنك مصر,4000,
2022-10-01,2139,69979553,,حسين ثابت حسن ( بدل سفر وانتقال من اسيوط الى القاهرة ),مكاتب شئون العضوية,بنك مصر,1050,
2022-10-01,2140,69979554,,حسين ثابت حسن (رسوم نظافة المجلس المحلى اسيوط ),مكاتب شئون العضوية,بنك مصر,1000,
2022-10-01,2141,69979555,,نجوى ابراهيم عبده ( مصروفات مكتب دسوق  سبتمبر 2022),مكاتب شئون العضوية,بنك مصر,3987,
2022-10-01,2142,69979556,,نجوى ابراهيم عبده ( مساهمة المولد النبوى الشريف لعدد 100 عضو),مكاتب شئون العضوية,بنك مصر,7500,
2022-10-01,2143,69979557,,محمد مصطفى رمضان ( مصروفات مكتب دمنهور  سبتمبر 2022),مكاتب شئون العضوية,بنك مصر,4750,
2022-10-01,2144,69979558,,محمد مصطفى رمضان (  مساهمة المولد النبوى الشريف لعدد 50 عضو),مكاتب شئون العضوية,بنك مصر,5000,
2022-10-01,2145,69979559,,ماضى تمام عبد العزيز ( مصروفات مكتب فرشوط  سبتمبر 2022),مكاتب شئون العضوية,بنك مصر,3936,
2022-10-01,2146,69979560,,حامد طلبة السيد  ( مصروفات مكتب السنبلاوين  سبتمبر 2022),مكاتب شئون العضوية,بنك مصر,2147,
2022-10-01,2147,69979561,,يسرى ابراهيم محمود ( مصروفات مكتب منية النصر سبتمبر 2022),مكاتب شئون العضوية,بنك مصر,3950,
2022-10-01,2148,69979562,,جوزيف فؤاد ايوب ( تسوية عهدة وفد الاتحاد العام ),السيارة,,4744,
2022-10-01,2148,69979562,,جوزيف فؤاد ايوب ( تسوية عهدة وفد الاتحاد العام ),مرتبات ومكافأة شاملة,,1000,
2022-10-01,2148,69979562,,جوزيف فؤاد ايوب ( تسوية عهدة وفد الاتحاد العام ),مدينون متنوعون,,100,
2022-10-01,2148,69979562,,جوزيف فؤاد ايوب ( تسوية عهدة وفد الاتحاد العام ),,بنك مصر,2744,
2022-10-01,2148,69979562,,جوزيف فؤاد ايوب ( تسوية عهدة وفد الاتحاد العام ),,مدينون متنوعون,3000,
2022-10-01,2148,69979562,,جوزيف فؤاد ايوب ( تسوية عهدة وفد الاتحاد العام ),,ضريبة كسب العمل,100,
2022-10-01,2149,69979563,,عبد الحميد حسن عبد العزيز ( مصروفات مكتب بورسعيد اغسطس + سبتمبر 2022),مكاتب شئون العضوية,بنك مصر,9655,
2022-10-01,2150,69979564,,احمد محمد مصطفى ( مصروفات مكاتب الفيوم سبتمبر 2022),مكاتب شئون العضوية,بنك مصر,12200,
2022-10-01,2151,69979565,,محمد عبد الله أحمد ( منحة مولد النبوى الشريف للعاملين ),مرتبات ومكافأة شاملة,,64719.55,
2022-10-01,2151,69979565,,محمد عبد الله أحمد ( منحة مولد النبوى الشريف للعاملين ),,بنك مصر,51980.94,
2022-10-01,2151,69979565,,محمد عبد الله أحمد ( منحة مولد النبوى الشريف للعاملين ),,ضريبة كسب العمل,6471.96,
2022-10-01,2151,69979565,,محمد عبد الله أحمد ( منحة مولد النبوى الشريف للعاملين ),,التأمينات الاجتماعية,6266.65,
2022-10-01,2152,4597,,على على ابراهيم ( جهود + سهر مصيف جمصة ),مرتبات ومكافأة شاملة,بنك العمال 1,600,
2022-10-01,2153,69979566,,طارق بدوى محمود  ( مصروفات مكتب المنزلة سبتمبر 2022),مكاتب شئون العضوية,بنك مصر,1770,
2022-10-01,2154,69979567,,منصور عبد اللطيف عبد الله  ( مصروفات مكتب كفر صقر سبتمبر 2022),مكاتب شئون العضوية,بنك مصر,1400,
2022-10-01,2155,69979568,,حامد طلبة السيد  ( مكافأه شهر سبتمبر + مأمورية مكتب السنبلاوين ),مكاتب شئون العضوية,بنك مصر,2750,
2022-10-01,2156,69979569,,ايمن احمد مصطفى سلام مصطفى ( مصروفات  مكتب شربين + دنجواى ),مكاتب شئون العضوية,بنك مصر,7008.5,
2022-10-01,2157,69979570,,ايمن احمد مصطفى سلام مصطفى ( منحة المولد اعدد ( 2 ) موظفين ),مرتبات ومكافأة شاملة,بنك مصر,1000,
2022-10-01,2158,69979571,,ايمن احمد مصطفى سلام مصطفى ( بدل سفر وانتقال ),مكاتب شئون العضوية,بنك مصر,400,
2022-10-01,2159,69979572,,عدلى احمد عبد العال ( مصروفات مكتب نجع حمادى + قنا ),مكاتب شئون العضوية,بنك مصر,8638,
2022-10-01,2160,69979573,,احمد نعمان محمد  محمد ( مصروفات مكتب المنصورة1 ),مكاتب شئون العضوية,بنك مصر,1039,
2022-10-01,2161,69979574,,عصام ابو بكر حجاج ( استعاضة المقر الرئيسى ),ضيافة وبوفيه,,2514,
2022-10-01,2161,69979574,,عصام ابو بكر حجاج ( استعاضة المقر الرئيسى ),مطبوعات وادوات كتابية,,2468.5,
2022-10-01,2161,69979574,,عصام ابو بكر حجاج ( استعاضة المقر الرئيسى ),,بنك مصر,4982.5,
2022-10-01,2162,69979575,,حنان عاطف محمود ( استعاضة الادوية ),علاج ومستلزمات طبية,بنك مصر,2468.5,
2022-10-01,2163,69979576,,عبد الصبور حسين عبد العال  ( اعانة سبتمبر 2022 ),اعانات اجتماعية,بنك مصر,300,
2022-10-01,2164,69979577,,كوثر احمد عبده ( اعانة سبتمبر 2022 ),اعانات اجتماعية,بنك مصر,50,
2022-10-01,2165,69979578,,بسيونى عبد المطلب على  ( اعانة سبتمبر 2022 ),اعانات اجتماعية,بنك مصر,50,
2022-10-01,2166,69979579,,جابر حنفى محمود ( بدل لجان ثلاثية ),لجان ثلاثية,بنك مصر,350,
2022-10-01,2167,69979580,,الشاذلى على محمد الشاذلى ( مصروفات مكتب السادات ),مكاتب شئون العضوية,بنك مصر,2455,
2022-10-01,2168,69979581,,اسماء  عبد المنعم فراج ( مصروفات مكتب المنيا  سبتمبر 2022),مكاتب شئون العضوية,بنك مصر,1050.5,
2022-10-01,2169,69979582,,عبد الرحمن حمدى سيد كامل ( منحة المولد النبوى الشريف ),مرتبات ومكافأة شاملة,بنك مصر,300,
2022-10-01,2170,69979583,,محمد عبد الله أحمد ( عهدة للسفر الى مرسى مطروح ),مدينون متنوعون,بنك مصر,5000,
2022-10-01,2171,69979584,,كريم ابراهيم عبد الحميد (  عهدة شراء ادوات كتابية لمكتب السكرتارية ),مدينون متنوعون,بنك مصر,20000,
2022-10-01,2172,69979585,,هانى عبد الفتاح محمد عبد المللك محمد ( عهدة لمياة وكهرباء عمارة المعادى ),مدينون متنوعون,بنك مصر,7000,
2022-10-01,2173,تسوية,,تسوية عهدة محمد عبد الله السفر الى مرسى مطروح ),مصروفات مصيف مطروح,مدينون متنوعون,5000,
2022-10-01,2174,69979586,,هانى عبد الفتاح محمد عبد المللك محمد ( استعاضة عمارة المعادى ),عمارة المعادى,بنك مصر,1847,
2022-10-01,2175,69979587,,طارق سيد على خلاف على خلاف  ( استعاضة  السيارة التوسان),السيارة,بنك مصر,3818,
2022-10-01,2176,69979588,,احمد محمد احمد مقدونه (  مصروفات مكتب طنطا يوليو+اغسطس+ سبتمبر 2022),مكاتب شئون العضوية,بنك مصر,3458,
2022-10-01,2177,69979589,,عصام ابو بكر حجاج ( بدل العمل ايام الاجازات الرسمية ),مرتبات ومكافأة شاملة,بنك مصر,6425,
2022-10-01,2178,تسوية,,تسوية عهدة كريم عبد الحميد شيك رقم ( 69989584 ),بنك مصر,,2000,
2022-10-01,2178,تسوية,,تسوية عهدة كريم عبد الحميد شيك رقم ( 69989584 ),مطبوعات وادوات كتابية,,18150,
2022-10-01,2178,تسوية,,تسوية عهدة كريم عبد الحميد شيك رقم ( 69989584 ),,مدينون متنوعون,20000,
2022-10-01,2178,تسوية,,تسوية عهدة كريم عبد الحميد شيك رقم ( 69989584 ),,ضريبة كسب العمل,150,
2022-10-01,2179,69979590,,محمد محمد حسن ( مرور لجان),بدل سفر وانتقال,بنك مصر,2100,
2022-10-01,2180,69979591,,محمد محمد حسن ( بدل سفر وانتقال من الاسكندرية الى القاهرة),بدل سفر وانتقال,بنك مصر,1350,
2022-10-01,2181,69979592,,محمد محمد حسن ( استعاضة مجمع الاسكندرية),مجمع لجان الإسكندرية,بنك مصر,482,
2022-10-01,2182,69979593,,ايمن عبد العزيز عبد الله ( استعاضة الشئون القنونية ),مصاريف محاماة,بنك مصر,4975,
2022-10-01,2183,69979594,,ايمن عبد العزيز عبد الله ( استعاضة الشئون القنونية ),مصاريف محاماة,بنك مصر,4925,
2022-10-01,2184,69979595,,كريم ابراهيم عبد الحميد (  استعاضة عهدة مستلزمات مكتب رئيس مجلس الإدارة),مستلزمات مكتب رئيس مجلس الإدارة,,4818,
2022-10-01,2184,69979595,,كريم ابراهيم عبد الحميد (  استعاضة عهدة مستلزمات مكتب رئيس مجلس الإدارة),,بنك مصر,4790.5,
2022-10-01,2184,69979595,,كريم ابراهيم عبد الحميد (  استعاضة عهدة مستلزمات مكتب رئيس مجلس الإدارة),,ضرائب الخصم والاضافة,27.5,
2022-10-01,2185,69979596,,عصام ابو بكر حجاج ( استعاضة المقر الرئيسى ),مصروفات إدارية المقر الرئيسى,بنك مصر,4912,
2022-10-01,2186,4598,,عصام ابو بكر حجاج ( مرتبات أكتوبر 2022 ),بدلات أعضاء مجلس الادارة,,14320,
2022-10-01,2186,4598,,عصام ابو بكر حجاج ( مرتبات أكتوبر 2022 ),مرتبات ومكافأة شاملة,,243758.08,
2022-10-01,2186,4598,,عصام ابو بكر حجاج ( مرتبات أكتوبر 2022 ),,بنك العمال 1,141341.48,
2022-10-01,2186,4598,,عصام ابو بكر حجاج ( مرتبات أكتوبر 2022 ),,الاتحاد العام,533.88,
2022-10-01,2186,4598,,عصام ابو بكر حجاج ( مرتبات أكتوبر 2022 ),,سلف العاملين,29640,
2022-10-01,2186,4598,,عصام ابو بكر حجاج ( مرتبات أكتوبر 2022 ),,تأمين تكافلى,5965,
2022-10-01,2186,4598,,عصام ابو بكر حجاج ( مرتبات أكتوبر 2022 ),,ضريبة كسب العمل,5993.5,
2022-10-01,2186,4598,,عصام ابو بكر حجاج ( مرتبات أكتوبر 2022 ),,أقساط النفقة,180,
2022-10-01,2186,4598,,عصام ابو بكر حجاج ( مرتبات أكتوبر 2022 ),,أقساط قروض بنك التنمية لبعض العاملين,15810.47,
2022-10-01,2186,4598,,عصام ابو بكر حجاج ( مرتبات أكتوبر 2022 ),,التأمينات الاجتماعية,53071.24,
2022-10-01,2186,4598,,عصام ابو بكر حجاج ( مرتبات أكتوبر 2022 ),,خصم كورونا,1658.03,
2022-10-01,2186,4598,,عصام ابو بكر حجاج ( مرتبات أكتوبر 2022 ),,خصم جزاءات,207.65,
2022-10-01,2186,4598,,عصام ابو بكر حجاج ( مرتبات أكتوبر 2022 ),,تامينات عاملين مستقطعه وتسدد لمكاتب تامينات بالمحافظات,3676.83,
2022-10-01,2187,4599,,حسام الدين فؤاد فرغلى ( مكافاه  المستشار المالى الشهرية),مرتبات ومكافأة شاملة,,5500,
2022-10-01,2187,4599,,حسام الدين فؤاد فرغلى ( مكافاه  المستشار المالى الشهرية),,بنك العمال 1,5000,
2022-10-01,2187,4599,,حسام الدين فؤاد فرغلى ( مكافاه  المستشار المالى الشهرية),,ضريبة كسب العمل,500,
2022-10-01,2188,69979597,,ايمن عبد العزيز عبد الله  ( مكافأه مستشار الشئون القانونية  الشهرية ),مرتبات ومكافأة شاملة,,2500,
2022-10-01,2188,69979597,,ايمن عبد العزيز عبد الله  ( مكافأه مستشار الشئون القانونية  الشهرية ),,بنك مصر,2250,
2022-10-01,2188,69979597,,ايمن عبد العزيز عبد الله  ( مكافأه مستشار الشئون القانونية  الشهرية ),,ضريبة كسب العمل,250,
2022-10-01,2189,69979598,,محمد بهاء الدين محمد ( مكافأه المستشار العمالى الشهرية ),مرتبات ومكافأة شاملة,,1200,
2022-10-01,2189,69979598,,محمد بهاء الدين محمد ( مكافأه المستشار العمالى الشهرية ),,بنك مصر,1080,
2022-10-01,2189,69979598,,محمد بهاء الدين محمد ( مكافأه المستشار العمالى الشهرية ),,ضريبة كسب العمل,120,
2022-10-01,2190,69979599,,مركز تدريب النقابة العامة ( سلفة لعدم وجود رصيد بالمركز ),مركز التدريب,بنك مصر,50000,
2022-10-01,2191,69979600,,على كمال أحمد على ( شراء مستلزمات كمبيوتر ),مصروفات إدارية المقر الرئيسى,,1197,
2022-10-01,2191,69979600,,على كمال أحمد على ( شراء مستلزمات كمبيوتر ),,بنك مصر,1186.5,
2022-10-01,2191,69979600,,على كمال أحمد على ( شراء مستلزمات كمبيوتر ),,ضرائب الخصم والاضافة,10.5,
2022-10-01,2192,69979601,,عصام ابو بكر حجاج ( استعاضة المقر الرئيسى ),مصروفات إدارية المقر الرئيسى,بنك مصر,5002.5,
2022-10-01,2193,69979602,,محمد مصطفى عبد الباقى ( مشرف الفيوم ),مكاتب شئون العضوية,بنك مصر,100,
2022-10-01,2194,69979603,,اشرف ابراهيم السيد ( مكافأه الدكتور الشهرية ),مرتبات ومكافأة شاملة,,1200,
2022-10-01,2194,69979603,,اشرف ابراهيم السيد ( مكافأه الدكتور الشهرية ),,بنك مصر,1080,
2022-10-01,2194,69979603,,اشرف ابراهيم السيد ( مكافأه الدكتور الشهرية ),,ضريبة كسب العمل,120,
2022-10-01,2195,69979604,,ابراهيم عبد الله حسيب ( مكافأه مستشار الشئون القانونية  الشهرية ),مرتبات ومكافأة شاملة,,1965,
2022-10-01,2195,69979604,,ابراهيم عبد الله حسيب ( مكافأه مستشار الشئون القانونية  الشهرية ),,بنك مصر,1770,
2022-10-01,2195,69979604,,ابراهيم عبد الله حسيب ( مكافأه مستشار الشئون القانونية  الشهرية ),,ضريبة كسب العمل,195,
2022-10-01,2196,69979605,,محمد كرم عباس ( مكافأه مستشار الشئون القانونية  الشهرية ),مرتبات ومكافأة شاملة,,1965,
2022-10-01,2196,69979605,,محمد كرم عباس ( مكافأه مستشار الشئون القانونية  الشهرية ),,بنك مصر,1770,
2022-10-01,2196,69979605,,محمد كرم عباس ( مكافأه مستشار الشئون القانونية  الشهرية ),,ضريبة كسب العمل,195,
2022-10-01,2197,69979606,,محمد داود حسين ( مكافأه المستشار المالى  الشهرية ),مرتبات ومكافأة شاملة,,900,
2022-10-01,2197,69979606,,محمد داود حسين ( مكافأه المستشار المالى  الشهرية ),,بنك مصر,810,
2022-10-01,2197,69979606,,محمد داود حسين ( مكافأه المستشار المالى  الشهرية ),,ضريبة كسب العمل,90,
2022-10-01,2198,69979607,,صالح محمد نسيم ( مكافأه المستشار العمالى الشهرية ),مرتبات ومكافأة شاملة,,1000,
2022-10-01,2198,69979607,,صالح محمد نسيم ( مكافأه المستشار العمالى الشهرية ),,بنك مصر,900,
2022-10-01,2198,69979607,,صالح محمد نسيم ( مكافأه المستشار العمالى الشهرية ),,ضريبة كسب العمل,100,
2022-10-01,2199,69979608,,محمد  حسنى محمد التونى ( مكافأه المستشار الاعلامى الشهرية ),مرتبات ومكافأة شاملة,,1200,
2022-10-01,2199,69979608,,محمد  حسنى محمد التونى ( مكافأه المستشار الاعلامى الشهرية ),,بنك مصر,1080,
2022-10-01,2199,69979608,,محمد  حسنى محمد التونى ( مكافأه المستشار الاعلامى الشهرية ),,ضريبة كسب العمل,120,
2022-10-01,2200,69979609,,نبوية عاشور محمود  ( اعانة اكتوبر 2022 ),اعانات اجتماعية,بنك مصر,350,
2022-10-01,2201,69979610,,هانم فؤاد حنفى ( اعانة اكتوبر 2022 ),اعانات اجتماعية,بنك مصر,400,
2022-10-01,2202,69979612,,نجية محمد يحيى  ( اعانة اكتوبر 2022 ),اعانات اجتماعية,بنك مصر,450,
2022-10-01,2203,69979613,,سيدة زكى محمد  ( اعانة اكتوبر 2022 ),اعانات اجتماعية,بنك مصر,200,
2022-10-01,2204,69979614,,سعدية احمد محمد  ( اعانة اكتوبر 2022 ),اعانات اجتماعية,بنك مصر,50,
2022-10-01,2205,69979615,,ماجدة عبد اللطيف عبد الله  ( اعانة اكتوبر 2022 ),اعانات اجتماعية,بنك مصر,200,
2022-10-01,2206,69979616,,سحر رمضان عبد المجيد ( اعانة اكتوبر 2022 ),اعانات اجتماعية,بنك مصر,350,
2022-10-01,2207,,,تسوية  طارق سيد على خلاف على عهدة لشراء اطارات السيارة التوسان,السيارة,,20023.8,
2022-10-01,2207,,,تسوية  طارق سيد على خلاف على عهدة لشراء اطارات السيارة التوسان,,مدينون متنوعون,20000,
2022-10-01,2207,,,تسوية  طارق سيد على خلاف على عهدة لشراء اطارات السيارة التوسان,,ضرائب الخصم والاضافة,23.8,
2022-10-01,2208,69979617,,ياسمين عبد المجيد اسماعيل ( اعانة اكتوبر 2022 ),اعانات اجتماعية,بنك مصر,50,
2022-10-01,2209,69979618,,فاطمة ابراهيم على ( اعانة اكتوبر 2022 ),اعانات اجتماعية,بنك مصر,50,
2022-10-01,2210,69979621,,فاطمة حنفى على ( اعانة اكتوبر 2022 ),اعانات اجتماعية,بنك مصر,350,
2022-10-01,2211,69979622,,صلاح محمد عبد المقصود ( اعانة اكتوبر 2022 ),اعانات اجتماعية,بنك مصر,75,
2022-10-01,2212,69979623,,السيد فرغلى السيد  ( اعانة اكتوبر 2022 ),اعانات اجتماعية,بنك مصر,300,
2022-10-01,2213,69979625,,شحات سلطان حسن  ( اعانة اكتوبر 2022 ),اعانات اجتماعية,بنك مصر,100,
2022-10-01,2214,69979627,,رحمة عبد الرحيم عبد العال ( اعانة اكتوبر 2022 ),اعانات اجتماعية,بنك مصر,450,
2022-10-01,2215,69979628,,عبد الغفار احمد مصطفى ( اعانة اكتوبر 2022 ),اعانات اجتماعية,بنك مصر,75,
2022-10-01,2216,69979630,,كوثر احمد عبده  ( اعانة اكتوبر 2022 ),اعانات اجتماعية,بنك مصر,50,
2022-10-01,2217,69979631,,بسيونى عبد المطلب على   ( اعانة اكتوبر 2022 ),اعانات اجتماعية,بنك مصر,50,
2022-10-01,2218,69979632,,امل محمد سليمان   ( اعانة اكتوبر 2022 ),اعانات اجتماعية,بنك مصر,100,
2022-10-01,2219,69979634,,السيد فرغلى السيد  ( اعانة اكتوبر 2022 ),اعانات اجتماعية,بنك مصر,300,
2022-10-01,2220,4600,,عصام ابو بكر حجاج ( بدلات اعضاء مجلس الادارة اكتوبر 2022 ),بدلات أعضاء مجلس الادارة,,14320,
2022-10-01,2220,4600,,عصام ابو بكر حجاج ( بدلات اعضاء مجلس الادارة اكتوبر 2022 ),,بنك العمال 1,12888,
2022-10-01,2220,4600,,عصام ابو بكر حجاج ( بدلات اعضاء مجلس الادارة اكتوبر 2022 ),,ضريبة كسب العمل,1432,
2022-10-01,2221,69979636,,السيد عبد المجيد محمد ( مصروفات مكتب كفر الشيخ ),مكاتب شئون العضوية,بنك مصر,2810,
2022-10-01,2222,69979637,,جهاز الخدمات العامة للقوات المسلحة ( جراج الجمهورية 4 سيارات ),السيارة,,4660,
2022-10-01,2222,69979637,,جهاز الخدمات العامة للقوات المسلحة ( جراج الجمهورية 4 سيارات ),,بنك مصر,4520.2,
2022-10-01,2222,69979637,,جهاز الخدمات العامة للقوات المسلحة ( جراج الجمهورية 4 سيارات ),,ضرائب الخصم والاضافة,139.8,
2022-10-01,2223,69979638,,جيهان موسى محمد الشجاعى محمد السجاعى محمد ( بدل سفر وانتقال ),مكاتب شئون العضوية,بنك مصر,350,
2022-10-01,2224,69979639,,جيهان موسى محمد الشجاعى محمد السجاعى محمد ( مصروفات مكتب مينا القمح ),مكاتب شئون العضوية,بنك مصر,5180,
2022-10-01,2225,69979640,,محمود احمد مكى ( مصروفات مكتب ارمنت - الاقصر ),مكاتب شئون العضوية,بنك مصر,5900,
2022-10-01,2226,69979641,,حنان عاطف محمود ( استعاضة الادوية ),مناسبات متنوعة,بنك مصر,2277.75,
2022-10-01,2227,69979642,,جوزيف فؤاد ايوب ( مصروفات السيارة الميكروباص + مكافأه ),السيارة,,2405,
2022-10-01,2227,69979642,,جوزيف فؤاد ايوب ( مصروفات السيارة الميكروباص + مكافأه ),مرتبات ومكافأة شاملة,,2000,
2022-10-01,2227,69979642,,جوزيف فؤاد ايوب ( مصروفات السيارة الميكروباص + مكافأه ),,بنك مصر,4205,
2022-10-01,2227,69979642,,جوزيف فؤاد ايوب ( مصروفات السيارة الميكروباص + مكافأه ),,ضريبة كسب العمل,200,
2022-10-01,2228,69979643,,عصام ابو بكر حجاج ( استعاضة المقر الرئيسى ),مصروفات إدارية المقر الرئيسى,,4998.5,
2022-10-01,2228,69979643,,عصام ابو بكر حجاج ( استعاضة المقر الرئيسى ),,بنك مصر,4993.5,
2022-10-01,2228,69979643,,عصام ابو بكر حجاج ( استعاضة المقر الرئيسى ),,ضريبة كسب العمل,5,
2022-10-01,2229,69979644,,حمدى عبد الرحمن صادق  ( اعانة سبتمبر + اكتوبر 2022 ),اعانات اجتماعية,بنك مصر,300,
2022-10-01,2230,69979645,,عماد الدين محمد مبروك ( تسوية عهدة احبار ),مصروفات إدارية المقر الرئيسى,,5771.5,
2022-10-01,2230,69979645,,عماد الدين محمد مبروك ( تسوية عهدة احبار ),,بنك مصر,221.75,
2022-10-01,2230,69979645,,عماد الدين محمد مبروك ( تسوية عهدة احبار ),,مدينون متنوعون,5500,
2022-10-01,2230,69979645,,عماد الدين محمد مبروك ( تسوية عهدة احبار ),,ضرائب الخصم والاضافة,49.75,
2022-10-01,2231,69979646,,عماد الدين محمد مبروك ( شراء احبار طبقاً للفاتورة المرفقة),مصروفات إدارية المقر الرئيسى,,4083,
2022-10-01,2231,69979646,,عماد الدين محمد مبروك ( شراء احبار طبقاً للفاتورة المرفقة),,بنك مصر,4048.5,
2022-10-01,2231,69979646,,عماد الدين محمد مبروك ( شراء احبار طبقاً للفاتورة المرفقة),,ضرائب الخصم والاضافة,34.5,
2022-10-01,2232,69979647,,جميل عبد الهادى ابو سعده ( مصروفات مكتب منوف اكتوبر 2022 ),مكاتب شئون العضوية,بنك مصر,750,
2022-10-01,2233,4601,,بنك التمية الصناعية ( اقساط قروض العاملين شهر سبتمبر + اكتوبر 2022 ),أقساط قروض بنك التنمية لبعض العاملين,بنك العمال 1,49542.44,
2022-10-01,2234,4602,,شركة مياه الشرب والصرف الصحى بجمصة من 2020/7 الى 2022/10 ),مصروفات مصيف جمصة,بنك العمال 1,48119.39,
2022-10-01,2235,4809,,حصة لجنة شركة المقاولون العرب القاهرة عن اشتركات شهر مارس 2022,حصص اللجان النقابية بالشركات من الاشتركات,بنك العمال 1,81533,
2022-10-01,2236,4811,,حصة لجنة شركة المقاولون العرب القاهرة عن اشتركات شهر ابريل 2022,حصص اللجان النقابية بالشركات من الاشتركات,بنك العمال 1,81333,
2022-10-01,2237,4812,,حصة لجنة شركة المقاولون العرب اسوان عن اشتركات شهر مارس 2022,حصص اللجان النقابية بالشركات من الاشتركات,بنك العمال 1,16790,
2022-10-01,2238,4810,,حصة لجنة شركة المقاولون العرب اسوان عن اشتركات شهر ابريل 2022,حصص اللجان النقابية بالشركات من الاشتركات,بنك العمال 1,16837,
2022-10-01,2239,830747,,شركة اسمنت اسيوط,بنك العمال 1,إيرادات من الجان الشركات والهيئات,1822.8,
2022-10-01,2240,68399283,,الشركة المتحدة للاسكان والتعمير,بنك العمال 1,إيرادات من الجان الشركات والهيئات,240.3,
2022-10-01,2241,70610411,,اللجنة المهنية بشبين الكوم,بنك العمال 1,الاتحاد العام,3676,
2022-10-01,2242,70610410,,اللجنة المهنية بشبين الكوم,بنك العمال 1,إيرادات من اللجان المهنية,6038,
2022-10-01,2243,71186618,,شركة نجع حمادى للفيبر بورد,بنك العمال 1,إيرادات من الجان الشركات والهيئات,9514.8,
2022-10-01,2244,69794502,,شركة النصر للمبانى والانشاءات ايجيكو,بنك العمال 1,إيرادات من الجان الشركات والهيئات,850.5,
2022-10-01,2245,12200237452,,شركة النصر للمبانى والانشاءات ايجيكو,بنك العمال 1,إيرادات من الجان الشركات والهيئات,1333.8,
2022-10-01,2246,12200237449,,شركة النصر للمبانى والانشاءات ايجيكو,بنك العمال 1,إيرادات من الجان الشركات والهيئات,186.3,
2022-10-01,2247,2000195253,,شركة النصر للمبانى والانشاءات ايجيكو,بنك العمال 1,إيرادات من الجان الشركات والهيئات,256.5,
2022-10-01,2248,71103644,,شركة النصر للمبانى والانشاءات ايجيكو,بنك العمال 1,إيرادات من الجان الشركات والهيئات,372.6,
2022-10-01,2249,68905020,,شركة النصر للمبانى والانشاءات ايجيكو,بنك العمال 1,إيرادات من الجان الشركات والهيئات,329.4,
2022-10-01,2250,71535257,,شركة النصر للمبانى والانشاءات ايجيكو,بنك العمال 1,إيرادات من الجان الشركات والهيئات,1854.9,
2022-10-01,2251,67654456,,شركة النصر للمبانى والانشاءات ايجيكو,بنك العمال 1,إيرادات من الجان الشركات والهيئات,526.5,
2022-10-01,2252,67952702,,شركة النيل العامة للطرق والكبارى,بنك العمال 1,إيرادات من الجان الشركات والهيئات,12676.5,
2022-10-01,2253,67052326,,اللجنة المهنية بفاقوس شرقية,بنك العمال 1,إيرادات من اللجان المهنية,13083,
2022-10-02,2254,,,اللجنة المهنية بفاقوس شرقية - حصة الاتحاد العام,بنك العمال 1,الاتحاد العام,2719,
2022-10-01,2255,680000458735,,الشركة المساهمة المصريية للمقاولات العبد القاهرة,بنك العمال 1,إيرادات من الجان الشركات والهيئات,577.8,
2022-10-01,2256,500203270,,شركة المقاولون العرب الوجه البحرى والقبلى,بنك العمال 1,إيرادات من الجان الشركات والهيئات,147183,
2022-10-01,2257,72325387,,شركة المعادى للتنمية والتعمير,بنك العمال 1,إيرادات من الجان الشركات والهيئات,3483,
2022-10-01,2258,9773702811,,المعمورة  للتنمية والتعمير,بنك العمال 1,إيرادات من الجان الشركات والهيئات,2322,
2022-10-01,2259,69798737,,شركة الجيزة العامة للمقاولات,بنك العمال 1,إيرادات من الجان الشركات والهيئات,2856.6,
2022-10-01,2260,68070910,,اللجنة المهنية بميت غمر المطبوعات,بنك العمال 1,الإيرادات من المطبوعات,6105,
2022-10-01,2261,68070908,,اللجنة المهنية بميت غمر حصة النقابة,بنك العمال 1,إيرادات من اللجان المهنية,24420,
2022-10-01,2262,68070909,,اللجنة المهنية بميت غمر دعم,بنك العمال 1,الإيرادات من دعم التثقيف,5550,
2022-10-01,2263,51136926,,النقابة العامة لعمال التجارة,بنك العمال 1,مدينون متنوعون,25000,
2022-10-01,2264,ايداع نقدى,,جمال عيد نصر الدين مناوله محمد عبد الله احمد ايراد مصيف جمصه,بنك مصر,إيرادات مصيف جمصة,55100,
2022-10-01,2265,ايداع نقدى,,فكرى محمد محمد حسن مناولة محمد عبد الله احمد رابطة العاملين بشركة مصر لاعمال الاسمنت المسلح مصيف جمصه,بنك مصر,إيرادات مصيف جمصة,20000,
2022-10-01,2266,ايداع نقدى,,خالد عبد العزيز عفيفى مناولة محمد عبد الله احمد قسط التامين والوثيقة,بنك مصر,,1450,
2022-10-01,2266,ايداع نقدى,,خالد عبد العزيز عفيفى مناولة محمد عبد الله احمد قسط التامين والوثيقة,,تأمين تكافلى,150,
2022-10-01,2266,ايداع نقدى,,خالد عبد العزيز عفيفى مناولة محمد عبد الله احمد قسط التامين والوثيقة,,التأمينات الاجتماعية,1300,
2022-10-01,2267,ايداع نقدى,,كريم ابراهيم عبد الحميد تسويه عهده ضمن الشيك 51112240,بنك مصر,الإيرادات المتنوعة,500,
2022-10-01,2268,ايداع نقدى,,مجدى احمد ابراهيم مصيف مطروح,بنك العمال 1,إيرادات مصيف مطروح,12000,
2022-10-01,2269,ايداع نقدى,,جمال عيد نصر الدين مناولة عصام ابو بكر حجاج تحت حساب مصيف جمصة 2022,بنك مصر,إيرادات مصيف جمصة,25500,
2022-10-01,2270,ايداع نقدى,,عصام ابو بكر حجاج ايداع مرتب الحسينى حامد عن شهر سبتمبر صرف بالزيادة,بنك مصر,مدينون متنوعون,4192.25,
2022-10-02,2271,ايداع نقدى,,مكتب المنصورة 2,بنك مصر,إيرادات مكاتب شئون العضوية,8000,
2022-10-03,2272,ايداع نقدى,,مكتب قليووب,بنك مصر,إيرادات مكاتب شئون العضوية,4480,
2022-10-04,2273,ايداع نقدى,,مكتب فرشط,بنك مصر,إيرادات مكاتب شئون العضوية,1000,
2022-10-05,2274,ايداع نقدى,,مكتب شئون عضوية باسيوط,بنك العمال 1,إيرادات مكاتب شئون العضوية,12000,
2022-10-06,2275,ايداع نقدى,,مكتب شئون عضوية القاهرة الكبرى,بنك مصر,إيرادات مكاتب شئون العضوية,19795.18,
2022-10-07,2276,ايداع نقدى,,مكتب المنيا,بنك مصر,إيرادات مكاتب شئون العضوية,4300,
2022-10-08,2277,ايداع نقدى,,مكتب المنصورة 2,بنك مصر,إيرادات مكاتب شئون العضوية,6000,
2022-10-09,2278,ايداع نقدى,,مكتب طنطا,بنك مصر,إيرادات مكاتب شئون العضوية,4300,
2022-10-10,2279,ايداع نقدى,,منية النصر,بنك مصر,إيرادات مكاتب شئون العضوية,5000,
2022-10-11,2280,ايداع نقدى,,المنصورة 2,بنك مصر,إيرادات مكاتب شئون العضوية,5000,
2022-10-12,2281,ايداع نقدى,,مكتب بورسعيد,بنك مصر,إيرادات مكاتب شئون العضوية,159.5,
2022-10-13,2282,ايداع نقدى,,مكتب بورسعيد,بنك مصر,إيرادات مكاتب شئون العضوية,1978,
2022-10-14,2283,ايداع نقدى,,المنزله,بنك مصر,إيرادات مكاتب شئون العضوية,1000,
2022-10-15,2284,ايداع نقدى,,مكتب شئون عضوية السادس من اكتوبر,بنك العمال 1,إيرادات مكاتب شئون العضوية,2800,
2022-10-16,2285,ايداع نقدى,,مكتب الجيزة,بنك مصر,إيرادات مكاتب شئون العضوية,1840,
2022-10-17,2286,ايداع نقدى,,النمنصورة 2,بنك مصر,إيرادات مكاتب شئون العضوية,4000,
2022-10-18,2287,ايداع نقدى,,مكتب طنطا,بنك مصر,إيرادات مكاتب شئون العضوية,4300,
2022-10-19,2288,ايداع نقدى,,مكتب شئون عضوية الجيزة,بنك العمال 1,إيرادات مكاتب شئون العضوية,4360,
2022-10-20,2289,ايداع نقدى,,مكتب السويس,بنك مصر,إيرادات مكاتب شئون العضوية,2000,
2022-10-21,2290,ايداع نقدى,,مكتب شبرا الخيمة,بنك مصر,إيرادات مكاتب شئون العضوية,2000,
2022-10-22,2291,ايداع نقدى,,مكتب شئون عضوية القاهرة الكبرى,بنك مصر,إيرادات مكاتب شئون العضوية,11105,
2022-10-23,2292,ايداع نقدى,,المنصورة 2,بنك مصر,إيرادات مكاتب شئون العضوية,5000,
2022-10-24,2293,ايداع نقدى,,مكتب منيا القمح,بنك مصر,إيرادات مكاتب شئون العضوية,2000,
2022-10-25,2294,ايداع نقدى,,المنزله,بنك مصر,إيرادات مكاتب شئون العضوية,1000,
2022-10-26,2295,ايداع نقدى,,منية النصر,بنك مصر,إيرادات مكاتب شئون العضوية,5000,
2022-10-27,2296,ايداع نقدى,,مكتب الفيوم,بنك مصر,إيرادات مكاتب شئون العضوية,12000,
2022-10-28,2297,ايداع نقدى,,ارمنت,بنك مصر,إيرادات مكاتب شئون العضوية,2700,
2022-10-29,2298,ايداع نقدى,,المنصورة 2,بنك مصر,إيرادات مكاتب شئون العضوية,5000,
2022-10-30,2299,ايداع نقدى,,مكتب طنطا,بنك مصر,إيرادات مكاتب شئون العضوية,4300,
2022-10-30,2300,ايداع نقدى,,مكتب اشمون,بنك مصر,إيرادات مكاتب شئون العضوية,4800,
2022-10-30,2301,ايداع نقدى,,المنزله,بنك مصر,إيرادات مكاتب شئون العضوية,1000,
2022-10-30,2302,ايداع نقدى,,عصام ابو بكر حجاج,بنك مصر,إيرادات مكاتب شئون العضوية,16715,
2022-10-30,2303,ايداع نقدى,,عصام ابو بكر حجاج,بنك مصر,إيرادات مكاتب شئون العضوية,20,
2022-10-30,2304,ايداع نقدى,,مكتب شربين,بنك مصر,إيرادات مكاتب شئون العضوية,14000,
2022-10-30,2305,ايداع نقدى,,محمود زهران مكتب زفتى,بنك مصر,إيرادات مكاتب شئون العضوية,4000,
2022-10-30,2306,ايداع نقدى,,منية النصر,بنك مصر,إيرادات مكاتب شئون العضوية,4000,
2022-10-30,2307,ايداع نقدى,,مكتب كفر الشيخ,بنك مصر,إيرادات مكاتب شئون العضوية,200,
2022-10-30,2308,ايداع نقدى,,مكتب السنبلاوين,بنك مصر,إيرادات مكاتب شئون العضوية,17260,
2022-10-30,2309,ايداع نقدى,,مكتب السنبلاوين,بنك مصر,إيرادات مكاتب شئون العضوية,240,
2022-10-30,2310,ايداع نقدى,,نجوى مكتب دسوق,بنك مصر,إيرادات مكاتب شئون العضوية,7000,
2022-10-30,2311,ايداع نقدى,,مكتب الفيوم,بنك مصر,إيرادات مكاتب شئون العضوية,7500,
2022-10-30,2312,ايداع نقدى,,مكتب دمنهور,بنك مصر,إيرادات مكاتب شئون العضوية,4140,
2022-10-30,2313,ايداع نقدى,,مكتب المنصورة 2,بنك مصر,إيرادات مكاتب شئون العضوية,6000,
2022-10-30,2314,ايداع نقدى,,مكتب طنطا,بنك مصر,إيرادات مكاتب شئون العضوية,4300,
2022-10-30,2315,ايداع نقدى,,مكتب كفر صقر,بنك مصر,إيرادات مكاتب شئون العضوية,3720,
2022-10-30,2316,ايداع نقدى,,مكتب فرشوط,بنك مصر,إيرادات مكاتب شئون العضوية,1000,
2022-10-30,2317,ايداع نقدى,,مكتب الاسماعيلية,بنك مصر,إيرادات مكاتب شئون العضوية,3640,
2022-10-31,2318,ايداع نقدى,,مكتب الاسماعيلية,بنك مصر,إيرادات مكاتب شئون العضوية,3120,
2022-10-30,2319,تحوويل,,طرق نقل الجيزة,بنك مصر,إيرادات من الجان الشركات والهيئات,649.5,
2022-10-30,2320,تحوويل,,طرق نقل الغربية,بنك مصر,إيرادات من الجان الشركات والهيئات,204,
2022-10-30,2321,تحوويل,,طرق نقل القنال وسيناء,بنك مصر,إيرادات من الجان الشركات والهيئات,652.2,
2022-10-30,2322,تحوويل,,طرق نقل قنا,بنك مصر,إيرادات من الجان الشركات والهيئات,774,
2022-10-30,2323,تحوويل,,طرق نقل كفر الشيخ,بنك مصر,إيرادات من الجان الشركات والهيئات,483,
2022-10-30,2324,تحوويل,,طرق وكبارى طنطا,بنك مصر,إيرادات من الجان الشركات والهيئات,290.4,
2022-10-30,2325,تحوويل,,طرق وكبارى طنطا,بنك مصر,إيرادات من الجان الشركات والهيئات,298.8,
2022-10-30,2326,تحوويل,,طرق ونقل البحيره,بنك مصر,إيرادات من الجان الشركات والهيئات,771,
2022-10-30,2327,تحوويل,,طرق ونقل الشرقية,بنك مصر,إيرادات من الجان الشركات والهيئات,27,
2022-10-30,2328,تحوويل,,طرق ونقل المنوفية,بنك مصر,إيرادات من الجان الشركات والهيئات,456.9,
2022-10-30,2329,تحوويل,,طرق وكبارى طنطا,بنك مصر,إيرادات من الجان الشركات والهيئات,31.2,
2022-10-30,2330,تحوويل,,طرق ونقل  القليوبية,بنك مصر,إيرادات من الجان الشركات والهيئات,198,
2022-10-30,2331,تحوويل,,طرق ونقل  قنا,بنك مصر,إيرادات من الجان الشركات والهيئات,771.3,
2022-10-30,2332,تحوويل,,طرق ونقل  الجيزة,بنك مصر,إيرادات من الجان الشركات والهيئات,627.9,
2022-10-30,2333,تحوويل,,طرق ونقل  قنا,بنك مصر,إيرادات من الجان الشركات والهيئات,10.2,
2022-10-30,2334,تحوويل,,طرق وكبارى  اسكندرية,بنك مصر,إيرادات من الجان الشركات والهيئات,455.1,
2022-10-30,2335,تحوويل,,طرق وكبارى  الزقازيق,بنك مصر,إيرادات من الجان الشركات والهيئات,393,
2022-10-30,2336,تحوويل,,طرق وكبارى  الوادى الجديد,بنك مصر,إيرادات من الجان الشركات والهيئات,48,
2022-10-30,2337,تحوويل,,طرق وكبارى  الوادى الجديد,بنك مصر,إيرادات من الجان الشركات والهيئات,538.8,
2022-10-30,2338,تحوويل,,طرق ونقل  الشرقية,بنك مصر,إيرادات من الجان الشركات والهيئات,2505,
2022-10-30,2339,تحوويل,,القنال وسيناءد,بنك مصر,إيرادات من الجان الشركات والهيئات,641.7,
2022-10-30,2340,تحوويل,,طرق وكبارى جنوب سيناء,بنك مصر,إيرادات من الجان الشركات والهيئات,123,
2022-10-30,2341,تحوويل,,لافارج,بنك مصر,إيرادات من الجان الشركات والهيئات,729,
2022-10-30,2342,,,اللجنة النقابية مختار ابراهيم,بنك العمال 1,إيرادات من الجان الشركات والهيئات,50000,
2022-10-30,2343,تحوويل,,سمير السيد أحمد احمد     - إيداع نقدى دفعة من المديونية,بنك مصر,مدينون متنوعون,60000,
2022-10-30,2344,تحوويل,,ايراات متنوعة,بنك مصر,الإيرادات المتنوعة,3003.9,
2022-10-30,2345,تحوويل,,ايراات متنوعة,بنك مصر,الإيرادات المتنوعة,6,
2022-10-30,2346,تحوويل,,ايراات متنوعة,بنك مصر,الإيرادات المتنوعة,6675,
2022-10-30,2347,تحوويل,,ايراات متنوعة,بنك مصر,الإيرادات المتنوعة,28.5,
2022-10-30,2348,تحوويل,,ايراات متنوعة,بنك مصر,الإيرادات المتنوعة,60.9,
2022-10-30,2349,تحوويل,,اقسط قروض مركز التدريب,بنك مصر,أقساط قروض بنك التنمية لبعض العاملين,4010,
2022-10-30,2350,تحوويل,,إيداع نقدى محمد عبد الله  باقى اقساط قروض مركز التدريب,بنك مصر,أقساط قروض بنك التنمية لبعض العاملين,365,
2022-10-30,2351,تحوويل,,مصروفات بنكية بنك التنمية,بنكية,بنك العمال 1,932.89,
2022-10-31,2352,تحوويل,,مصروفات بنكية بنك مصر,بنكية,بنك مصر,50,
2022-10-30,2353,تحوويل,,فائدة على قرض المؤسسة العمالية,المؤسسة الثقافية,بنك العمال 1,9176,
2022-10-30,2354,تحوويل,,عموله على الفائدة للقرض,المؤسسة الثقافية,بنك العمال 1,1998,
2022-11-01,2355,4603,,عبد الناصر بكر أحمد ( بدل سفر وانتقال من اسيوط الى القاهرة ),بدل سفر وانتقال,بنك العمال 1,3790,
2022-11-01,2356,4604,,امام سيد قطب ( ايام سهر للسائق ),مكافأت وبدل العمل أيام الاجازات الرسمية,بنك العمال 1,805,
2022-11-01,2357,69979648,,عصام ابو بكر حجاج ( مكافأه لعاملين الخدمات ),مرتبات ومكافأة شاملة,بنك مصر,2500,
2022-11-01,2358,69979649,,مسعد صالح محمد جاد ( مصروفات مكتب المنصورة 1 + مكافأه ),مكاتب شئون العضوية,بنك مصر,9542,
2022-11-01,2359,69979650,,ماضى تمام عبد العزيز ( مصروفات مكتب فرشوط  اكتوبر 2022),مكاتب شئون العضوية,بنك مصر,3843,
2022-11-01,2360,69979651,,طارق سيد على خلاف على ( مصروفات السيارة البيجو 508 ),السيارة,بنك مصر,1070,
2022-11-01,2361,69979652,,طارق سيد على خلاف على (استعاضة مصروفات السيارة التوسان  ),السيارة,بنك مصر,3765,
2022-11-01,2362,69979659,,حسنين ابراهيم حسنين ( عهدة مؤتمر الشبكة العربية ),مدينون متنوعون,بنك مصر,25000,
2022-11-01,2363,69979655,,شركة مصر للتأمين ( التأمين ضد السرقة والسطو ),تأمين على الخزينة,بنك مصر,808,
2022-11-01,2364,69979653,,احمد محمد مصطفى ( مصروفات مكاتب الفيوم اكتوبر 2022),مكاتب شئون العضوية,بنك مصر,16285,
2022-11-01,2365,69979654,,منصور عبد اللطيف عبد الله  ( مصروفات مكتب كفر صقر اكتوبر 2022),مكاتب شئون العضوية,بنك مصر,1400,
2022-11-01,2366,69979656,,علاء سعيد رزق ( مصروفات مكتب دسوق  سبتمبر 2022),مكاتب شئون العضوية,بنك مصر,3395,
2022-11-01,2367,69979657,,محمود ابراهيم محمد زهران عوض ( مصروفات مكتب زفتى ),مكاتب شئون العضوية,بنك مصر,3425,
2022-11-01,2368,69979658,,محمود حسن حسين ( مصروفات مكتب السويس ),مكاتب شئون العضوية,بنك مصر,1075,
2022-11-01,2369,69979660,,عادل محمد الطاهر ( اعانة اكتوبر 2022 ),اعانات اجتماعية,بنك مصر,75,
2022-11-01,2370,69979661,,محمد رضا محمد ( مصروفات مكتب منية النصر اكتوبر 2022),مكاتب شئون العضوية,بنك مصر,5850,
2022-11-01,2371,69979662,,حسين ثابت حسن ( مصروفات مكتب اسيوط ),مكاتب شئون العضوية,بنك مصر,2557.75,
2022-11-01,2372,69979663,,حسين ثابت حسن ( رواتب مكاتب اسيوط + بدل سفر وانتقال ),مكاتب شئون العضوية,بنك مصر,5250,
2022-11-01,2373,69979664,,حامد طلبة السيد  (  مصروفات مكتب السنبلاوين ),مكاتب شئون العضوية,بنك مصر,3657,
2022-11-01,2374,69979665,,كريم ابراهيم عبد الحميد ( مكافأه جهود ),مرتبات ومكافأة شاملة,بنك مصر,2000,
2022-11-01,2375,69979666,,دعاء حسين رمضان رمضان ( مصروفات مكتب بيبا وبنى سويف ),مكاتب شئون العضوية,بنك مصر,3784,
2022-11-01,2376,69979667,,محمد احمد محمد عبد الحميد ( راتب من مايو حتى اكتوبر 2022 ),مكاتب شئون العضوية,بنك مصر,9000,
2022-11-01,2377,69979668,,مهاب احمد محمد عبد الحميد ( راتب من اغسطس حتى اكتوبر 2022 ),مكاتب شئون العضوية,بنك مصر,4500,
2022-11-01,2378,69979669,,ايمن احمد مصطفى سلام مصطفى ( مصروفات مكتب دنجواى وشربين ),مكاتب شئون العضوية,بنك مصر,7438,
2022-11-01,2379,69979671,,محمد مصطفى درويش ( مصروفات مكتب الاسماعيلية ),مكاتب شئون العضوية,بنك مصر,640,
2022-11-01,2380,69979672,,محمد مصطفى رمضان ( مصروفات مكتب دمنهور اكتوبر 2022),مكاتب شئون العضوية,بنك مصر,4000,
2022-11-01,2381,69979673,,عصام ابو بكر حجاج ( العمل ايام اجازات وسهر ),مرتبات ومكافأة شاملة,بنك مصر,5025,
2022-11-01,2382,69979674,,كريم ابراهيم عبد الحميد ( استعاضة شراء مطهرات وجونتيات ),مستلزمات طبية ( كورونا ),,6142,
2022-11-01,2382,69979674,,كريم ابراهيم عبد الحميد ( استعاضة شراء مطهرات وجونتيات ),,بنك مصر,6089,
2022-11-01,2382,69979674,,كريم ابراهيم عبد الحميد ( استعاضة شراء مطهرات وجونتيات ),,ضريبة كسب العمل,53,
2022-11-01,2383,69979676,,رجاء عبد الفتاح محمد ( اعانة اجتماعية اكتوبر 2022 ),اعانات اجتماعية,بنك مصر,450,
2022-11-01,2384,69979677,,سميرة عنتر ابراهيم ( اعانة اجتماعية من اغسطس حتى اكتوبر 2022 ),اعانات اجتماعية,بنك مصر,150,
2022-11-01,2385,4605,,عماد الدين محمد مبروك ( مكافأه جهود ),مرتبات ومكافأة شاملة,بنك العمال 1,1000,
2022-11-01,2386,69979678,,حنان ماضى محمود ( مصروفات مكتب المنيا اكتوبر  2022),اعانات اجتماعية,بنك مصر,1411,
2022-11-01,2387,69979679,,طه رمضان حجازى ( مصروفات مكتب الجيزة ),اعانات اجتماعية,بنك مصر,1534.5,
2022-11-01,2388,69979680,,طارق بدوى محمود ( مصروفات مكتب المنزله ),اعانات اجتماعية,بنك مصر,1450,
2022-11-01,2389,69979681,,عدلى احمد عبد العال ( مصروفات مكتب نجع حمادى + قنا ),اعانات اجتماعية,بنك مصر,6550,
2022-11-01,2390,69979682,,عصام ابو بكر حجاج ( الاستعاضة الادارية  ),مصروفات إدارية المقر الرئيسى,بنك مصر,4949,
2022-11-01,2391,69979683,,عصام ابو بكر حجاج ( الاستعاضة الادارية  ),مصروفات إدارية المقر الرئيسى,بنك مصر,4985,
2022-11-01,2392,69979684,,جابر حنفى محمود ( بدل لجان ثلاثية ),لجان ثلاثية,بنك مصر,420,
2022-11-01,2393,69979685,,عبد المحسن ابو اليزيد قطب ( بدل لجان ثلاثية ),لجان ثلاثية,بنك مصر,910,
2022-11-01,2394,4606,,هشام مصطفى محمد عبد المعطى محمد ( استعاضة مصيف مرسى مطروح ),مصروفات مصيف مطروح,بنك العمال 1,28697,
2022-11-01,2395,69979686,,محمد محمد حسن ( استعاضة مجمع الاسكندرية),عمارة المعادى,بنك مصر,499.75,
2022-11-01,2396,69979687,,محمد محمد حسن (بدل سفر وانتقال + صيانة بمجمع الاسكندرية),عمارة المعادى,,1525,
2022-11-01,2396,69979687,,محمد محمد حسن (بدل سفر وانتقال + صيانة بمجمع الاسكندرية),بدل سفر وانتقال,,450,
2022-11-01,2396,69979687,,محمد محمد حسن (بدل سفر وانتقال + صيانة بمجمع الاسكندرية),,بنك مصر,1975,
2022-11-01,2397,4607,,جريدة بورصة الغد ( اعلان بالعدد رقم 68 ),اعلانات,,5000,
2022-11-01,2397,4607,,جريدة بورصة الغد ( اعلان بالعدد رقم 68 ),,بنك العمال 1,4850,
2022-11-01,2397,4607,,جريدة بورصة الغد ( اعلان بالعدد رقم 68 ),,ضريبة كسب العمل,150,
2022-11-01,2398,69979689,,محمد محمد حسن ( استعاضة مرور على اللجان),مكاتب شئون العضوية,بنك مصر,2635,
2022-11-01,2399,4609,,عصام ابو بكر حجاج ( مكافات طبقاً للمذكرات المرفقة ),مرتبات ومكافأة شاملة,,23800,
2022-11-01,2399,4609,,عصام ابو بكر حجاج ( مكافات طبقاً للمذكرات المرفقة ),,بنك العمال 1,21420,
2022-11-01,2399,4609,,عصام ابو بكر حجاج ( مكافات طبقاً للمذكرات المرفقة ),,ضريبة كسب العمل,2380,
2022-11-01,2400,4610,,عصام ابو بكر حجاج ( الاستعاضة الادارية  ),مصروفات إدارية المقر الرئيسى,,5010.35,
2022-11-01,2400,4610,,عصام ابو بكر حجاج ( الاستعاضة الادارية  ),,بنك العمال 1,4998.5,
2022-11-01,2400,4610,,عصام ابو بكر حجاج ( الاستعاضة الادارية  ),,ضرائب الخصم والاضافة,11.85,
2022-11-01,2401,69979690,,احمد نعمان محمد  محمد ( مصروفات مكتب المنصورة1 ),مكاتب شئون العضوية,بنك مصر,995,
2022-11-01,2402,69979691,,نبوية عاشور محمود ( اعانة شهر اغسطس 2022 ),اعانات اجتماعية,بنك مصر,350,
2022-11-01,2403,69979692,,رجاء عبد الفتاح محمد ( اعانة شهر اغسطس 2022 ),اعانات اجتماعية,بنك مصر,450,
2022-11-01,2404,69979693,,حنان عاطف محمود طاهر ( استعاضة الادوية ),مصاريف محاماة,بنك مصر,2504.5,
2022-11-01,2405,69979694,,احمد محمد رمضان ابراهيم ( شراء كارتش احبار ),مطبوعات وادوات كتابية,,1311,
2022-11-01,2405,69979694,,احمد محمد رمضان ابراهيم ( شراء كارتش احبار ),,بنك مصر,1299.5,
2022-11-01,2405,69979694,,احمد محمد رمضان ابراهيم ( شراء كارتش احبار ),,ضرائب الخصم والاضافة,11.5,
2022-11-01,2406,69979695,,كريم ابراهيم عبد الحميد ( شراء حوافظ مستندات للشئون القانونية ),مصروفات إدارية المقر الرئيسى,,3442,
2022-11-01,2406,69979695,,كريم ابراهيم عبد الحميد ( شراء حوافظ مستندات للشئون القانونية ),,بنك مصر,3414,
2022-11-01,2406,69979695,,كريم ابراهيم عبد الحميد ( شراء حوافظ مستندات للشئون القانونية ),,ضرائب الخصم والاضافة,28,
2022-11-01,2407,69979696,,الشاذلى على محمد الشاذلى ( مصروفات مكتب السادات ),مكاتب شئون العضوية,بنك مصر,2525,
2022-11-01,2408,69979697,,عبد الحميد حسن عبد العزيز ( مصروفات مكتب بورسعيد اكتوبر 2022),مكاتب شئون العضوية,بنك مصر,4760,
2022-11-01,2409,,,حسنين ابراهيم حسنين ( تسوية عهدة مؤتمر الشبكة العربية ),بنك مصر,,1877,
2022-11-01,2409,,,حسنين ابراهيم حسنين ( تسوية عهدة مؤتمر الشبكة العربية ),علاقات عامة,,23532.59,
2022-11-01,2409,,,حسنين ابراهيم حسنين ( تسوية عهدة مؤتمر الشبكة العربية ),,مدينون متنوعون,25000,
2022-11-01,2409,,,حسنين ابراهيم حسنين ( تسوية عهدة مؤتمر الشبكة العربية ),,ضريبة كسب العمل,409.59,
2022-11-01,2410,69979698,,عبد الحميد حسن عبد العزيز ( ايجار مكتب بورسعيد 9 ، 10 / 2022),مكاتب شئون العضوية,بنك مصر,6000,
2022-11-01,2411,69979699,,ايمن عبد العزيز عبد الله ( استعاضة الشئون القانونية ),مصاريف محاماة,بنك مصر,4900,
2022-11-01,2412,69979700,,ايهاب عادل مسعد ( اعانات شركة صحى الامير ),حصص اللجان النقابية بالشركات من الاشتركات,بنك مصر,1950,
2022-11-01,2413,69979701,,عصام ابو بكر حجاج ( العمل ايام الاجازات + سهر  ),مكافأت وبدل العمل أيام الاجازات الرسمية,بنك مصر,4050,
2022-11-01,2414,4611,,طارق سيد على خلاف على ( استعاضة السيارة التوسان ),السيارة,بنك العمال 1,3735,
2022-11-01,2415,4613,,محمد درديرى محمد ( المكافأه الشهرية 3 شهور ),جهاز مشروعات أسيوط,بنك العمال 1,4500,
2022-11-01,2416,4614,,هانى عبد الفتاح محمد عبد المللك محمد ( صيانة المصعد واستهلاك مياه ، غاز ، كهرباء ),عمارة المعادى,,5522.5,
2022-11-01,2416,4614,,هانى عبد الفتاح محمد عبد المللك محمد ( صيانة المصعد واستهلاك مياه ، غاز ، كهرباء ),,بنك العمال 1,5500,
2022-11-01,2416,4614,,هانى عبد الفتاح محمد عبد المللك محمد ( صيانة المصعد واستهلاك مياه ، غاز ، كهرباء ),,ضرائب الخصم والاضافة,22.5,
2022-11-01,2417,4615,,طلعت عدلى ذكى ( بدل سفر للخارج ),بدلات سفر خارجية,بنك العمال 1,7368,
2022-11-01,2418,4616,,عماد الدين محمد مبروك ( عهدة لعقد ندوة تثقيفية ),مدينون متنوعون,بنك العمال 1,15000,
2022-11-01,2419,4618,,مجلة العمل الاشتراك  عام 2023,مصروفات مدفوعة مقدمة,بنك العمال 1,14100,
2022-11-01,2420,69979702,,عاطف ابا زيد مرسى ( مساهمة فى علاج امين الصندوق ),تعويضات ومساهمات,بنك مصر,3339,
2022-11-01,2421,4619,,عصام ابوبكر حجاج ( مرتبات نوفمبر 2022 ),مرتبات ومكافأة شاملة,,316268.57,
2022-11-01,2421,4619,,عصام ابوبكر حجاج ( مرتبات نوفمبر 2022 ),,بنك العمال 1,187119.65,
2022-11-01,2421,4619,,عصام ابوبكر حجاج ( مرتبات نوفمبر 2022 ),,الاتحاد العام,533.88,
2022-11-01,2421,4619,,عصام ابوبكر حجاج ( مرتبات نوفمبر 2022 ),,سلف العاملين,30095,
2022-11-01,2421,4619,,عصام ابوبكر حجاج ( مرتبات نوفمبر 2022 ),,تأمين تكافلى,6250,
2022-11-01,2421,4619,,عصام ابوبكر حجاج ( مرتبات نوفمبر 2022 ),,ضريبة كسب العمل,9410.5,
2022-11-01,2421,4619,,عصام ابوبكر حجاج ( مرتبات نوفمبر 2022 ),,أقساط النفقة,180,
2022-11-01,2421,4619,,عصام ابوبكر حجاج ( مرتبات نوفمبر 2022 ),,أقساط قروض بنك التنمية لبعض العاملين,17593.48,
2022-11-01,2421,4619,,عصام ابوبكر حجاج ( مرتبات نوفمبر 2022 ),,التأمينات الاجتماعية,55364.9,
2022-11-01,2421,4619,,عصام ابوبكر حجاج ( مرتبات نوفمبر 2022 ),,خصم كورونا,1725.34,
2022-11-01,2421,4619,,عصام ابوبكر حجاج ( مرتبات نوفمبر 2022 ),,خصم جزاءات,4318.99,
2022-11-01,2421,4619,,عصام ابوبكر حجاج ( مرتبات نوفمبر 2022 ),,تامينات عاملين مستقطعه وتسدد لمكاتب تامينات بالمحافظات,3676.83,
2022-11-01,2422,4620,,بنك التمية الصناعية ( اقساط قروض العاملين  نوفمبر 2022 ),أقساط قروض بنك التنمية لبعض العاملين,بنك العمال 1,24354.81,
2022-11-01,2423,4621,,عصام ابو بكر حجاج ( الاستعاضة الادارية  ),مصروفات إدارية المقر الرئيسى,,4993,
2022-11-01,2423,4621,,عصام ابو بكر حجاج ( الاستعاضة الادارية  ),,بنك العمال 1,4986,
2022-11-01,2423,4621,,عصام ابو بكر حجاج ( الاستعاضة الادارية  ),,ضريبة كسب العمل,7,
2022-11-01,2424,69979704,,جهاز الخدمات العامة للقوات المسلحة ( جراج الجمهورية 4 سيارات ),السيارة,,4660,
2022-11-01,2424,69979704,,جهاز الخدمات العامة للقوات المسلحة ( جراج الجمهورية 4 سيارات ),,بنك مصر,4520.2,
2022-11-01,2424,69979704,,جهاز الخدمات العامة للقوات المسلحة ( جراج الجمهورية 4 سيارات ),,ضريبة كسب العمل,139.8,
2022-11-01,2425,69979705,,علاء عبد الحميد توفيق ( مصروفات مكتب قليوب  8 ، 9 ، 10 ، 11/ 2022),مكاتب شئون العضوية,بنك مصر,3542.75,
2022-11-01,2426,69979706,,حسن محمد على ( تسليم عدد ( 9 ) ميزانيات للجان تالنقابية,مرتبات ومكافأة شاملة,,4750,
2022-11-01,2426,69979706,,حسن محمد على ( تسليم عدد ( 9 ) ميزانيات للجان تالنقابية,,بنك مصر,4637.5,
2022-11-01,2426,69979706,,حسن محمد على ( تسليم عدد ( 9 ) ميزانيات للجان تالنقابية,,ضريبة كسب العمل,112.5,
2022-11-01,2427,69979707,,محمود حسن حسين ( مصروفات مكتب السويس شهر 2022/11 ),مكاتب شئون العضوية,بنك مصر,1900,
2022-11-01,2428,69979708,,شريف محمد أحمد ( شراء احبار وقطع غيار للطابعات),مطبوعات وادوات كتابية,,1983.6,
2022-11-01,2428,69979708,,شريف محمد أحمد ( شراء احبار وقطع غيار للطابعات),,بنك مصر,1966.2,
2022-11-01,2428,69979708,,شريف محمد أحمد ( شراء احبار وقطع غيار للطابعات),,ضريبة كسب العمل,17.4,
2022-11-01,2429,4622,,عبد الناصر بكر أحمد ( بدل سفر وانتقال من اسيوط الى القاهرة ),مرتبات ومكافأة شاملة,بنك العمال 1,3790,
2022-11-01,2430,69979709,,رجب محمد حسان ( مصروفات مكتب 6 أكتوبر من شهر8 الى  2022/11 ),مكاتب شئون العضوية,بنك مصر,1162,
2022-11-01,2431,69979711,,عصام ابو بكر حجاج ( الاستعاضة الادارية  ),مصروفات إدارية المقر الرئيسى,,4997.2,
2022-11-01,2431,69979711,,عصام ابو بكر حجاج ( الاستعاضة الادارية  ),,بنك مصر,4991.65,
2022-11-01,2431,69979711,,عصام ابو بكر حجاج ( الاستعاضة الادارية  ),,ضريبة كسب العمل,5.55,
2022-11-01,2432,69979712,,أحمد محمد مصطفى ( مصروفات مكتب الفيوم شهر 2022/11 ),مكاتب شئون العضوية,بنك مصر,12305,
2022-11-01,2433,69979713,,عاطف عبد النظير عبد الشافى ( تسوية عهدة مكتب دار السلام ),مكاتب شئون العضوية,,2400,
2022-11-01,2433,69979713,,عاطف عبد النظير عبد الشافى ( تسوية عهدة مكتب دار السلام ),,بنك مصر,400,
2022-11-01,2433,69979713,,عاطف عبد النظير عبد الشافى ( تسوية عهدة مكتب دار السلام ),,مدينون متنوعون,2000,
2022-11-01,2434,69979714,,كريم ابراهيم عبد الحميد ( استعاضة مكتب رئيس النقابة ),مستلزمات مكتب رئيس مجلس الإدارة,,6085,
2022-11-01,2434,69979714,,كريم ابراهيم عبد الحميد ( استعاضة مكتب رئيس النقابة ),,بنك مصر,6026.15,
2022-11-01,2434,69979714,,كريم ابراهيم عبد الحميد ( استعاضة مكتب رئيس النقابة ),,ضريبة كسب العمل,58.85,
2022-11-01,2435,69979715,,محمود ابراهيم محمد زهران عوض ( مصروفات مكتب زفتى 2023/11 ),مكاتب شئون العضوية,بنك مصر,3168,
2022-11-01,2436,69979716,,طارق ابراهيم سليمان ( مصروفات مأمورية اسيوط + جهود ),جهاز مشروعات أسيوط,بنك مصر,2607.8,
2022-11-01,2437,69979717,,كريم ابراهيم عبد الحميد ( عهدة لشراء منقى هواء بمكتب عمارة المعادى ),مدينون متنوعون,بنك مصر,4000,
2022-11-01,2438,69979718,,طه رمضان حجازى ( مصروفات مكتب الجيزة نوفمبر 2022 ),مكاتب شئون العضوية,بنك مصر,1254,
2022-11-01,2439,,,سداد التأمينات الاجتماعية,بنكية,,324.9,
2022-11-01,2439,,,سداد التأمينات الاجتماعية,التأمينات الاجتماعية,,87575,
2022-11-01,2439,,,سداد التأمينات الاجتماعية,,بنك مصر,87899.9,
2022-11-01,2440,,,شركة المقاولون العرب الوجه البحرى والقبلى,بنك العمال 1,إيرادات من الجان الشركات والهيئات,146829,
2022-11-01,2441,,,شركة النصر للمبانى والانشاءات ايجيكو,بنك العمال 1,إيرادات من الجان الشركات والهيئات,845.1,
2022-11-01,2442,,,شركة النصر للمبانى والانشاءات ايجيكو,بنك العمال 1,إيرادات من الجان الشركات والهيئات,494.1,
2022-11-01,2443,,,شركة النصر للمبانى والانشاءات ايجيكو,بنك العمال 1,إيرادات من الجان الشركات والهيئات,1417.5,
2022-11-01,2444,,,شركة النصر للمبانى والانشاءات ايجيكو,بنك العمال 1,إيرادات من الجان الشركات والهيئات,205.2,
2022-11-01,2445,,,شركة النصر للمبانى والانشاءات ايجيكو,بنك العمال 1,إيرادات من الجان الشركات والهيئات,259.2,
2022-11-01,2446,,,شركة النصر للمبانى والانشاءات ايجيكو,بنك العمال 1,إيرادات من الجان الشركات والهيئات,372.6,
2022-11-01,2447,,,شركة النصر للمبانى والانشاءات ايجيكو,بنك العمال 1,إيرادات من الجان الشركات والهيئات,313.2,
2022-11-01,2448,,,شركة النصر للمبانى والانشاءات ايجيكو,بنك العمال 1,إيرادات من الجان الشركات والهيئات,1849.5,
2022-11-01,2449,,,اللجنة المهنية بفاقوس شرقية حصة,بنك العمال 1,إيرادات من اللجان المهنية,3204,
2022-11-01,2450,,,اللجنة المهنية بفاقوس شرقية حصة الاتحاد العام,بنك العمال 1,الاتحاد العام,666,
2022-11-01,2451,,,الشركة المساهمة المصرية للمقاولات العبد المنصورة,بنك العمال 1,إيرادات من الجان الشركات والهيئات,678,
2022-11-01,2452,,,الشركة المساهمة المصرية للمقاولات العبد المنصورة,بنك العمال 1,إيرادات من الجان الشركات والهيئات,691,
2022-11-01,2453,,,شركة النصر للاسكان والتعمير,بنك العمال 1,إيرادات من الجان الشركات والهيئات,3672,
2022-11-01,2454,,,شركة النصر العامة للمقاولات,بنك العمال 1,إيرادات من الجان الشركات والهيئات,14058,
2022-11-01,2455,,,شركة النيل العامة لانشاء الطرق,بنك العمال 1,إيرادات من الجان الشركات والهيئات,13482,
2022-11-01,2456,,,شركة النيل العامة لانشاء الطرق,بنك العمال 1,إيرادات من الجان الشركات والهيئات,13482,
2022-11-01,2457,,,شركة النيل العامة لانشاء الطرق,بنك العمال 1,إيرادات من الجان الشركات والهيئات,13482,
2022-11-01,2458,,,الشركة المتحدة للاسكان والتعمير,بنك العمال 1,إيرادات من الجان الشركات والهيئات,232.2,
2022-11-01,2459,,,الشركة العامة لمنتجات الخزف والصينى,بنك العمال 1,إيرادات من الجان الشركات والهيئات,7573.5,
2022-11-01,2460,,,شركة الاسكندرية للحراريات مصنع سورناجا للسيراميك,بنك العمال 1,إيرادات من الجان الشركات والهيئات,383.4,
2022-11-02,2461,,,شركة الاسكندرية للحراريات مصنع سورناجا للسيراميك,بنك العمال 1,إيرادات من الجان الشركات والهيئات,383.4,
2022-11-01,2462,,,اللجنة المهنية بالزقازيق  حصة,بنك العمال 1,إيرادات من اللجان المهنية,30250,
2022-11-01,2463,,,شركة اسمنت بورتلاند الاسكندرية,بنك العمال 1,إيرادات من الجان الشركات والهيئات,334.8,
2022-11-01,2464,,,الشركة المساهمة المصرية للمقاولات العبد القاهرة,بنك العمال 1,إيرادات من الجان الشركات والهيئات,588.6,
2022-11-01,2465,,,شركة السويس للاسمنت,بنك العمال 1,إيرادات من الجان الشركات والهيئات,1795.5,
2022-11-01,2466,,,هشام مصطفى محمد عبد المعطى محمد مناولة محمد محمد عبد الرسول مصيف مرسى مطروح,بنك مصر,إيرادات مصيف مطروح,20000,
2022-11-01,2467,,,خالد عبد العزيز عفيفى مناولة محمد عبد الله احمد قسط الوثيقة,بنك مصر,تأمين تكافلى,150,
2022-11-01,2468,,,خالد عبد العزيز عفيفى مناولة محمد عبد الله احمد قسط  التامينات,بنك مصر,التأمينات الاجتماعية,1300,
2022-11-01,2469,,,محمد عبد الله أحمد تسوية شيك  4575 ( بدل سفر وانتقال حضور الجمعية العمومية للاتحاد العام ),بنك مصر,مدينون متنوعون,200,
2022-11-01,2470,,,مجدى احمد مصيف مطروح,بنك العمال 1,إيرادات مصيف مطروح,7500,
2022-11-01,2471,,,مركز تدريب النقابة العامة رد سلفة,بنك العمال 1,مركز التدريب,50000,
2022-11-01,2472,,,شركة المعمورة للتعمير والتنمية,بنك العمال 1,إيرادات من الجان الشركات والهيئات,2316.6,
2022-11-01,2473,,,شركة تراست هاوس  - اعتماد لائحة,بنك مصر,الإيرادات المتنوعة,5025,
2022-11-01,2474,,,اللجنة المهنية بالفيوم   - مساهمة للنقابة,بنك مصر,إيرادات من اللجان المهنية,400000,
2022-11-01,2475,,,شركة تريد - اعتماد لائحة,بنك مصر,الإيرادات المتنوعة,1000,
2022-11-02,2476,,,شهادة خبرة,بنك مصر,الإيرادات المتنوعة,180,
2022-11-04,2477,,,الهيئة العامة للطرق والكبارى,بنك مصر,إيرادات من الجان الشركات والهيئات,106,
2022-11-05,2478,,,الهيئة العامة للطرق والكبارى,بنك مصر,إيرادات من الجان الشركات والهيئات,3272.19,
2022-11-06,2479,,,الوقازيق,بنك مصر,إيرادات من الجان الشركات والهيئات,93.3,
2022-11-07,2480,,,طرق ونقل السوويس,بنك مصر,إيرادات من الجان الشركات والهيئات,333.6,
2022-11-08,2481,,,القنال وسيناء,بنك مصر,إيرادات من الجان الشركات والهيئات,58.2,
2022-11-09,2482,,,البحيرة,بنك مصر,إيرادات من الجان الشركات والهيئات,6,
2022-11-10,2483,,,طرق ونقل الغربية,بنك مصر,إيرادات من الجان الشركات والهيئات,198.6,
2022-11-11,2484,,,الهيئة العامة للطرق والكبارى,بنك مصر,إيرادات من الجان الشركات والهيئات,77,
2022-11-12,2485,,,طرق ونقل السوويس,بنك مصر,إيرادات من الجان الشركات والهيئات,9.6,
2022-11-13,2486,,,لافارج,بنك مصر,إيرادات من الجان الشركات والهيئات,729,
2022-11-14,2487,,,طرق ونقل الاسكندرية,بنك مصر,إيرادات من الجان الشركات والهيئات,449.7,
2022-11-15,2488,,,البحيرة,بنك مصر,إيرادات من الجان الشركات والهيئات,762,
2022-11-16,2489,,,اللجنه النقابية بشركة طرق ونقل كفر الشيخ,بنك مصر,إيرادات من الجان الشركات والهيئات,533,
2022-11-17,2490,,,الوادى الجديد,بنك مصر,إيرادات من الجان الشركات والهيئات,48,
2022-11-18,2491,,,طرق ونقل الجيزة,بنك مصر,إيرادات من الجان الشركات والهيئات,619.8,
2022-11-19,2492,,,طرق ونقل قنا,بنك مصر,إيرادات من الجان الشركات والهيئات,779.1,
2022-11-20,2493,,,طرق ونقل الشرقية,بنك مصر,إيرادات من الجان الشركات والهيئات,24,
2022-11-21,2494,,,طرق ونقل قنا,بنك مصر,إيرادات من الجان الشركات والهيئات,28.5,
2022-11-22,2495,,,قليوبية,بنك مصر,إيرادات من الجان الشركات والهيئات,204,
2022-11-23,2496,,,طرق ونقل الشرقية,بنك مصر,إيرادات من الجان الشركات والهيئات,2481,
2022-11-24,2497,,,الوادى الجديد,بنك مصر,إيرادات من الجان الشركات والهيئات,538.8,
2022-11-25,2498,,,السويس,بنك مصر,إيرادات من الجان الشركات والهيئات,320.1,
2022-11-26,2499,,,جنوب سيناء,بنك مصر,إيرادات من الجان الشركات والهيئات,123,
2022-11-27,2500,,,طرق وكبارى اسماعيلية,بنك مصر,إيرادات من الجان الشركات والهيئات,630.9,
2022-11-28,2501,,,الزقازيق,بنك مصر,إيرادات من الجان الشركات والهيئات,430.8,
2022-11-29,2502,,,ايرادات متنوعة,بنك مصر,الإيرادات المتنوعة,60.9,
2022-11-30,2503,,,ايرادات متنوعة,بنك مصر,الإيرادات المتنوعة,448,
2022-11-30,2504,,,مكتب شئون عضوية باسيوط,بنك العمال 1,إيرادات مكاتب شئون العضوية,28000,
2022-11-30,2505,,,مكتب المنصرة 1,بنك مصر,إيرادات مكاتب شئون العضوية,5000,
2022-11-30,2506,,,مكتب منية النصر,بنك مصر,إيرادات مكاتب شئون العضوية,4000,
2022-11-30,2507,,,مكتب قليب,بنك مصر,إيرادات مكاتب شئون العضوية,5440,
2022-11-30,2508,,,مكتب فرشوط,بنك مصر,إيرادات مكاتب شئون العضوية,1000,
2022-11-30,2509,,,مكتب بنى سويف,بنك مصر,إيرادات مكاتب شئون العضوية,2250,
2022-11-30,2510,,,مكتب الجيزة,بنك مصر,إيرادات مكاتب شئون العضوية,1560,
2022-11-30,2511,,,مكتب المنصورة 2\,بنك مصر,إيرادات مكاتب شئون العضوية,6000,
2022-11-30,2512,,,مكتب المنيا,بنك مصر,إيرادات مكاتب شئون العضوية,4300,
2022-11-30,2513,,,مكتب طنطا,بنك مصر,إيرادات مكاتب شئون العضوية,4300,
2022-11-30,2514,,,مكتب المنزله,بنك مصر,إيرادات مكاتب شئون العضوية,1000,
2022-11-30,2515,,,مكتب المنصورة 2\,بنك مصر,إيرادات مكاتب شئون العضوية,7000,
2022-11-30,2516,,,مكتب المنصورة 1,بنك مصر,إيرادات مكاتب شئون العضوية,1200,
2022-11-30,2517,,,مكتب المنصورة 1,بنك مصر,إيرادات مكاتب شئون العضوية,1400,
2022-11-30,2518,,,مكتب المنصورة 1,بنك مصر,إيرادات مكاتب شئون العضوية,1039,
2022-11-30,2519,,,مكتب منية النصر,بنك مصر,إيرادات مكاتب شئون العضوية,6000,
2022-11-30,2520,,,مكتب بورسعيد,بنك مصر,إيرادات مكاتب شئون العضوية,188.5,
2022-11-30,2521,,,مكتب بورسعيد,بنك مصر,إيرادات مكاتب شئون العضوية,3398,
2022-11-30,2522,,,مكتب ابو حماد,بنك مصر,إيرادات مكاتب شئون العضوية,14000,
2022-11-30,2523,,,مكتب المنزله,بنك مصر,إيرادات مكاتب شئون العضوية,1000,
2022-11-30,2524,,,مكتب شئون عضوية القاهرة الكبرى,بنك مصر,إيرادات مكاتب شئون العضوية,13912,
2022-11-30,2525,,,مكتب شئون عضوية القاهرة الكبرى,بنك مصر,إيرادات مكاتب شئون العضوية,8131,
2022-11-30,2526,,,مكتب شبرا الخيمة,بنك مصر,إيرادات مكاتب شئون العضوية,2000,
2022-11-30,2527,,,مكتب المنصورة 2\,بنك مصر,إيرادات مكاتب شئون العضوية,6000,
2022-11-30,2528,,,مكتب السنبلاوين,بنك مصر,إيرادات مكاتب شئون العضوية,14160,
2022-11-30,2529,,,مكتب طنطا,بنك مصر,إيرادات مكاتب شئون العضوية,4300,
2022-11-30,2530,,,مكتب منية النصر,بنك مصر,إيرادات مكاتب شئون العضوية,11000,
2022-11-30,2531,,,مكتب المنصورة 2,بنك مصر,إيرادات مكاتب شئون العضوية,4000,
2022-11-30,2532,,,مكتب منيا القمح,بنك مصر,إيرادات مكاتب شئون العضوية,2400,
2022-11-30,2533,,,مكتب منية النصر,بنك مصر,إيرادات مكاتب شئون العضوية,2000,
2022-11-30,2534,,,مكتب السنبلاوين,بنك مصر,إيرادات مكاتب شئون العضوية,2240,
2022-11-30,2535,,,مكتب منية النصر,بنك مصر,إيرادات مكاتب شئون العضوية,4000,
2022-11-30,2536,,,مكتب المنصورة 2,بنك مصر,إيرادات مكاتب شئون العضوية,5250,
2022-11-30,2537,,,مكتب طنطا,بنك مصر,إيرادات مكاتب شئون العضوية,4300,
2022-11-30,2538,,,مكتب المنزله,بنك مصر,إيرادات مكاتب شئون العضوية,1000,
2022-11-30,2539,,,مكتب قليوب,بنك مصر,إيرادات مكاتب شئون العضوية,26080,
2022-11-30,2540,,,مكتب منيا القمح,بنك مصر,إيرادات مكاتب شئون العضوية,2200,
2022-11-30,2541,,,مكتب اشمون,بنك مصر,إيرادات مكاتب شئون العضوية,4400,
2022-11-30,2542,,,مكتب شربين,بنك مصر,إيرادات مكاتب شئون العضوية,16000,
2022-11-30,2543,,,مكتب السنبلاوين,بنك مصر,إيرادات مكاتب شئون العضوية,3920,
2022-11-30,2544,,,مكتب زفتى,بنك مصر,إيرادات مكاتب شئون العضوية,4000,
2022-11-30,2545,,,مكتب منية النصر,بنك مصر,إيرادات مكاتب شئون العضوية,4000,
2022-11-30,2546,,,مكتب الفيوم,بنك مصر,إيرادات مكاتب شئون العضوية,18000,
2022-11-30,2547,,,مكتب المنزله,بنك مصر,إيرادات مكاتب شئون العضوية,1000,
2022-11-30,2548,,,مكتب المنصورة 2\,بنك مصر,إيرادات مكاتب شئون العضوية,6400,
2022-11-30,2549,,,مكتب كفر الشيخ,بنك مصر,إيرادات مكاتب شئون العضوية,400,
2022-11-30,2550,,,مكتب دسوق,بنك مصر,إيرادات مكاتب شئون العضوية,8000,
2022-11-30,2551,,,مكتب منصر كفر صقر,بنك مصر,إيرادات مكاتب شئون العضوية,3600,
2022-11-30,2552,,,مكتب بنى سويف,بنك مصر,إيرادات مكاتب شئون العضوية,1500,
2022-11-30,2553,,,مكتب السويس,بنك مصر,إيرادات مكاتب شئون العضوية,2000,
2022-11-30,2554,,,مكتب الجيزة,بنك مصر,إيرادات مكاتب شئون العضوية,5000,
2022-11-30,2555,,,مكتب الاسماعيلية,بنك مصر,إيرادات مكاتب شئون العضوية,4160,
2022-11-01,2556,,,مكتب شئون عضوية السادس من اكتوبر,بنك العمال 1,إيرادات مكاتب شئون العضوية,3200,
2022-11-01,2557,,,مكتب شئون عضوية السادس من اكتوبر,بنك العمال 1,إيرادات مكاتب شئون العضوية,2200,
2022-11-01,2558,,,مكتب شئون عضوية - قنا,بنك العمال 1,إيرادات مكاتب شئون العضوية,4050,
2022-11-02,2559,,,مكتب شئون عضوية القاهرة الكبرى,بنك العمال 1,إيرادات مكاتب شئون العضوية,3000,
2022-11-01,2560,,,اللجنه النقابية بشركة أسمنت بورتلاند حلوان  _اسيك,بنك العمال 1,إيرادات من الجان الشركات والهيئات,1047.6,
2022-11-01,2561,,,اللجنه النقابية بشركة العربية للخزف - اراسمكو,بنك العمال 1,إيرادات من الجان الشركات والهيئات,10363.5,
2022-11-02,2562,,,طارق اقساط قروض مركز التدريب,بنك مصر,أقساط قروض بنك التنمية لبعض العاملين,3645,
2022-11-01,2563,,,اللجنه النقابية بشركة المنزل مصر لاعمال المفروشات,بنك مصر,إيرادات من الجان الشركات والهيئات,1120,
2022-11-02,2564,,,هشام مصطفى محمد عبد المعطى محمد ايرادات شهادات خبرة,بنك العمال 1,الإيرادات المتنوعة,180,
2022-11-03,2565,,,شركة اسمنت بورتلاند الاسكندرية,بنك العمال 1,إيرادات من الجان الشركات والهيئات,334.8,
2022-11-04,2566,,,اسمنت بنى سويف,بنك العمال 1,إيرادات من الجان الشركات والهيئات,413.1,
2022-11-05,2567,,,اسمنت بنى سويف,بنك العمال 1,إيرادات من الجان الشركات والهيئات,413.1,
2022-11-04,2568,,,المتحدة,بنك العمال 1,إيرادات من الجان الشركات والهيئات,240.3,
2022-11-01,2569,,,السويس للاكياس,بنك العمال 1,إيرادات من الجان الشركات والهيئات,780,
2022-11-01,2570,,,مصروفات كشف حساب بنك مصر,بنكية,بنك مصر,205,
2022-11-01,2571,,,مصروفات كشف حساب بنك التنمية,بنكية,بنك العمال 1,475,
2022-11-01,2572,,,فائدة قرض المؤسسة العمالية,المؤسسة الثقافية,بنك العمال 1,8880,
2022-11-30,2573,,,عموله على فائدة القرض,المؤسسة الثقافية,بنك العمال 1,1998,
2022-12-01,2574,69979719,,عصام أبو بكر حجاج ( العمل ايم الاجازات,مكافأت وبدل العمل أيام الاجازات الرسمية,بنك مصر,5250,
2022-12-01,2575,69979720,,طارق سيد على خلاف على خلاف ( استعاضة  مركزية السيارة التوسان ),السيارة,بنك مصر,3952.5,
2022-12-01,2576,69979721,,حنان عاطف محمود  ( استعاضة الادوية ),علاج ومستلزمات طبية,بنك مصر,2709.5,
2022-12-01,2577,69979722,,مسعد صالح محمد جاد ( مصروفات مكاتب العضوية المنصورة 2  نوفمبر 2022 ),مكاتب شئون العضوية,بنك مصر,7224,
2022-12-01,2578,69979723,,مسعد صالح  ( مكافأه مكتب المنصورة  2  عن شهر نوفمبر 2022 + عدد  2 مأمورية ),مكاتب شئون العضوية,بنك مصر,1250,
2022-12-01,2579,69979724,,امجد السيد السيد العشرى ( مصروفات مكتب منية النصر شهر نوفمبر 2022 + مأمورية ),مكاتب شئون العضوية,بنك مصر,5400,
2022-12-01,2580,69979725,,عدلى احمد عبد العال ( مصروفات مكتاتب العضوية نجع حمادى وقنا + مأمورية ),مكاتب شئون العضوية,بنك مصر,7386,
2022-12-01,2581,69979726,,امجد السيد السيد العشرى ( اعانات مكتب منية النصر شهر نوفمبر 2022  ),مكاتب شئون العضوية,بنك مصر,800,
2022-12-01,2582,69979727,,علاء سعيد رزق عبد العزيز ( مصروفات مكتب دسوق نوفمبر 2022 ),مكاتب شئون العضوية,بنك مصر,3645,
2022-12-01,2583,69979728,,محمد مصطفى رمضان ( مصروفات مكتب دمنهور نوفمبر 2022 ),مكاتب شئون العضوية,بنك مصر,3650,
2022-12-01,2584,69979729,,ماضى تمام عبد العزيز محمد  ( مصروفات مكتب فرشوط  نوفمبر 2022 ),مكاتب شئون العضوية,بنك مصر,2720,
2022-12-01,2585,69979730,,دعاء حسين رمضان رمضان ( مصروفات مكتب بنى سويف  نوفمبر 2022 ),مكاتب شئون العضوية,بنك مصر,2046.25,
2022-12-01,2586,69979731,,دعاء حسين رمضان رمضان ( مصروفات مكتب بيبا نوفمبر 2022 ),مكاتب شئون العضوية,بنك مصر,1600,
2022-12-01,2587,69979732,,محمد احمد محمد عبد الحميد ( مكافأة العمل بمكتب بنى سويف  نوفمبر 2022 ),مكاتب شئون العضوية,بنك مصر,1500,
2022-12-01,2588,69979733,,مهاب احمد محمد عبد الحميد ( مكافأة العمل بمكتب بيبا  نوفمبر 2022 ),مكاتب شئون العضوية,بنك مصر,1500,
2022-12-01,2589,69979734,,شريفة شحات حسن زعتر   ( مصروفات مكتب اشمون نوفمبر 2022 ),مكاتب شئون العضوية,بنك مصر,820,
2022-12-01,2590,تسوية,,هانى عبد الفتاح محمد عبد المللك سداد مياة + كهرباء (تسوية عهدة,عمارة المعادى,مدينون متنوعون,7000,
2022-12-01,2591,69979735,,منصور عبد اللطيف عبد الله ( مصروفات مكتب كفر صقر شهر نوفمبر 2022 ),مكاتب شئون العضوية,بنك مصر,1400,
2022-12-01,2592,69979736,,محمد مصطفى درويش ( مصروفات مكتب الاسماعيلية شهر نوفمبر 2022 ),مكاتب شئون العضوية,بنك مصر,635,
2022-12-01,2593,69979737,,شركة كاف لتامينات الحياة ( اشتراك العاملين من شهر اغسطس حتى نوفمبر 2022 ),تأمين تكافلى,بنك مصر,19372.36,
2022-12-01,2594,69979738,,جوزيف فؤاد ايوب ( مكافأة نهاية الخدمة لبلوغة سن المعاش كما ورد من شركة كاف لتأمينات الحياة ),تأمين تكافلى,بنك مصر,47047.9,
2022-12-01,2595,69979739,,مصطفى عبد الحميد محمد  ( مكافأة نهاية الخدمة للاستقالة كما ورد من شركة كاف لتأمينات الحياة ),تأمين تكافلى,بنك مصر,3053.08,
2022-12-01,2596,4623,,الاتحاد المحلى لنقابات عمال الاسماعيلية ( ايجار المقر من 1/1/2022 حتى 31/12/2022 ),ايجار,بنك العمال 1,3000,
2022-12-01,2597,4624,,الاتحاد المحلى لنقابات عمال الشرقية ( ايجار المقر من 1/1/2022 حتى 31/12/2022 ),ايجار,بنك العمال 1,10000,
2022-12-01,2598,69979740,,طارق بدوى محمود  ( مصروفات مكتب المنزلة شهر نوفمبر 2022 ),مكاتب شئون العضوية,بنك مصر,1620,
2022-12-01,2599,69979741,,الشاذلى على محمد الشاذلى  ( مصروفات مكتب السادات شهر نوفمبر 2022 ),مكاتب شئون العضوية,بنك مصر,2525,
2022-12-01,2600,69979742,,جيهان موسى محمد الشجاعى محمد السجاعى محمد  ( مصروفات مكتب منيا القمح شهر نوفمبر 2022 ),مكاتب شئون العضوية,بنك مصر,4985,
2022-12-01,2601,69979743,,السيد عبد المجيد محمد العماوى( مصروفات مكتب كفر صقر شهر نوفمبر 2022 + مأمورية + مكافأه شهرية),مكاتب شئون العضوية,بنك مصر,1200,
2022-12-01,2602,69979744,,عصام ابو بكر حجاج  ( استعاضة المقر الرئيسى ),مصروفات إدارية المقر الرئيسى,بنك مصر,4975.5,
2022-12-01,2603,69979745,,كريم ابراهيم عبد الحميد ( تسوية عهدة شراء منقى هواء لمكتب رئيس مجلس الادارة بالمعادى ),اكراميات ونثريات,,500,
2022-12-01,2603,69979745,,كريم ابراهيم عبد الحميد ( تسوية عهدة شراء منقى هواء لمكتب رئيس مجلس الادارة بالمعادى ),اثاث وأجهزة,,3875,
2022-12-01,2603,69979745,,كريم ابراهيم عبد الحميد ( تسوية عهدة شراء منقى هواء لمكتب رئيس مجلس الادارة بالمعادى ),,بنك مصر,375,
2022-12-01,2603,69979745,,كريم ابراهيم عبد الحميد ( تسوية عهدة شراء منقى هواء لمكتب رئيس مجلس الادارة بالمعادى ),,مدينون متنوعون,4000,
2022-12-01,2604,69979746,,ايمن عبد العزيز عبد الله ( استعاضة الشئون القانونية ),مصاريف محاماة,بنك مصر,4915,
2022-12-01,2605,69979747,,شركة مصر التأمين ( تأمين على الحرائق والاخطار ),مصروفات إدارية المقر الرئيسى,بنك مصر,620,
2022-12-01,2606,69979750,,كريم ابراهيم عبد الحميد ( استعاضة مكتب رئيس مجلس الادارة  ),مستلزمات مكتب رئيس مجلس الإدارة,,4070,
2022-12-01,2606,69979750,,كريم ابراهيم عبد الحميد ( استعاضة مكتب رئيس مجلس الادارة  ),,بنك مصر,4046,
2022-12-01,2606,69979750,,كريم ابراهيم عبد الحميد ( استعاضة مكتب رئيس مجلس الادارة  ),,ضرائب الخصم والاضافة,24,
2022-12-01,2607,69979751,,حسين ثابت حسن  ( مصروفات مكتب اسيوط والمراكز شهر نوفمبر 2022 ),مكاتب شئون العضوية,بنك مصر,5432.5,
2022-12-01,2608,69979752,,ايمن احمد مصطفى سلام مصطفى سلام  ( مصروفات مكتب شربين ودنجواى شهر نوفمبر 2022 ),مكاتب شئون العضوية,بنك مصر,6675,
2022-12-01,2609,69979753,,حامد طلبة السيد  ( مصروفات مكتب السنبلاوين شهر نوفمبر 2022 ),مكاتب شئون العضوية,بنك مصر,4002,
2022-12-01,2610,69979754,,محمد أحمد أحمد ابراهيم ( شركة النورس للطباعة 50 % من قيمة توريد مطبوعات ),المخزن500,بنك مصر,88300,
2022-12-01,2611,69979755,,عصام ابو بكر حجاج  ( بدل عمل ايام الاجازات + ايام سهر ),مكافأت وبدل العمل أيام الاجازات الرسمية,بنك مصر,4400,
2022-12-01,2612,69979756,,محمد محمد حسن (  مرور على اللجان),بدل سفر وانتقال,بنك مصر,2750,
2022-12-01,2613,69979756,,محمد محمد حسن ( استعاضة مجمع الاسكندرية),مجمع لجان الإسكندرية,بنك مصر,407,
2022-12-01,2614,69979757,,محمد محمد حسن (بدل سفر وانتقال ),بدل سفر وانتقال,بنك مصر,700,
2022-12-01,2615,تحويل,,سداد تأمينات  ( مصروفات إدارية,بنكية,,305.12,
2022-12-01,2615,تحويل,,سداد تأمينات  ( مصروفات إدارية,التأمينات الاجتماعية,,86300,
2022-12-01,2615,تحويل,,سداد تأمينات  ( مصروفات إدارية,,بنك مصر,86605.12,
2022-12-01,2616,69979760,,عصام ابو بكر حجاج  ( استعاضة المقر الرئيسى ),مصروفات إدارية المقر الرئيسى,بنك مصر,4992,
2022-12-01,2617,تسوية,,حسام السعيد محمد ( تسوية عهدة اعانات شركة بورسيلين وسيراميك الامير   وتخصم من حصة الاشتراكات),حصص اللجان النقابية بالشركات من الاشتركات,مدينون متنوعون,5000,
2022-12-01,2618,69979761,,شركة المجد للتجارة    (  فاتورة صيانة ),صيانه,,1710,
2022-12-01,2618,69979761,,شركة المجد للتجارة    (  فاتورة صيانة ),,بنك مصر,1665,
2022-12-01,2618,69979761,,شركة المجد للتجارة    (  فاتورة صيانة ),,ضرائب الخصم والاضافة,45,
2022-12-01,2619,69979762,,ايمن عبد العزيز عبد الله ( استعاضة الشئون القانونية ),مصاريف محاماة,بنك مصر,4555,
2022-12-01,2620,69979763,,احمد نعمان محمد  محمد   ( مصروفات مكتب المنصورة 1  شهر نوفمبر 2022 ),مكاتب شئون العضوية,بنك مصر,1260,
2022-12-01,2621,69979764,,نبوية عاشورمحمود ( اعانة اجتماعية نوفمبر + ديسمبر 2022 ),اعانات اجتماعية,بنك مصر,700,
2022-12-01,2622,69979766,,هانم فؤاد حنفى  ( اعانة نوفمبر + ديسمبر  2022 ),اعانات اجتماعية,بنك مصر,800,
2022-12-01,2623,69979769,,نجية محمد يحيى( اعانة نوفمبر + ديسمبر  2022 ),اعانات اجتماعية,بنك مصر,900,
2022-12-01,2624,69979771,,سيدة ذكى محمد ( اعانة نوفمبر + ديسمبر  2022 ),اعانات اجتماعية,بنك مصر,400,
2022-12-01,2625,69979772,,سعدية احمد محمد ( اعانة نوفمبر + ديسمبر  2022 ),اعانات اجتماعية,بنك مصر,100,
2022-12-01,2626,69979773,,ماجده عبد الله عبد اللطيف ( اعانة نوفمبر + ديسمبر  2022 ),اعانات اجتماعية,بنك مصر,400,
2022-12-01,2627,69979774,,نعيمة مصطفى محمد   ( اعانة نوفمبر + ديسمبر  2022 ),اعانات اجتماعية,بنك مصر,300,
2022-12-01,2628,69979775,,سحر رمضان عبد المجيد عبد الوهاب   (  اعانة نوفمبر + ديسمبر  2022 ),اعانات اجتماعية,بنك مصر,700,
2022-12-01,2629,69979776,,فاطمة ابراهيم السيد   ( اعانة نوفمبر + ديسمبر  2022 ),اعانات اجتماعية,بنك مصر,100,
2022-12-01,2630,69979778,,فاطمة حنفى على ( اعانة نوفمبر + ديسمبر  2022 ),اعانات اجتماعية,بنك مصر,700,
2022-12-01,2631,69979781,,رجاء  عبد الفتاح  محمد ( اعانة نوفمبر + ديسمبر  2022 ),اعانات اجتماعية,بنك مصر,900,
2022-12-01,2632,69979784,,حسين احمد حسن   ( اعانة نوفمبر + ديسمبر  2022 ),اعانات اجتماعية,بنك مصر,200,
2022-12-01,2633,69979786,,امل محمد سليمان ( اعانة نوفمبر + ديسمبر  2022 ),اعانات اجتماعية,بنك مصر,200,
2022-12-01,2634,69979787,,انور رجب مختار  ( اعانة نوفمبر + ديسمبر  2022 ),اعانات اجتماعية,بنك مصر,150,
2022-12-01,2635,69979788,,محمد كمال محمود ( اعانة نوفمبر + ديسمبر  2022 ),اعانات اجتماعية,بنك مصر,150,
2022-12-01,2636,69979792,,شحات سلطان حسن  ( اعانة نوفمبر + ديسمبر  2022 ),اعانات اجتماعية,بنك مصر,200,
2022-12-01,2637,69979793,,عادل محمد الطاهر   ( اعانة نوفمبر + ديسمبر  2022 ),اعانات اجتماعية,بنك مصر,150,
2022-12-01,2638,69979794,,عبد الصبور عبد العال حسين   ( اعانة نوفمبر + ديسمبر  2022 ),اعانات اجتماعية,بنك مصر,600,
2022-12-01,2639,69979796,,السيد فرغلى السيد    ( اعانة نوفمبر + ديسمبر  2022 ),اعانات اجتماعية,بنك مصر,600,
2022-12-01,2640,69979797,,بسيونى عبد المطلب على    ( اعانة نوفمبر + ديسمبر  2022 ),اعانات اجتماعية,بنك مصر,100,
2022-12-01,2641,69979801,,سامية عبد الغنى عثمان    ( اعانة نوفمبر + ديسمبر  2022 ),اعانات اجتماعية,بنك مصر,200,
2022-12-01,2642,69979802,,صلاح محمد عبد المقصود    ( اعانة  ديسمبر  2022 ),اعانات اجتماعية,بنك مصر,75,
2022-12-01,2643,69979803,,عبد الغفار احمد مصطفى    ( اعانة نوفمبر + ديسمبر  2022 ),اعانات اجتماعية,بنك مصر,150,
2022-12-01,2644,69979807,,سميرة عنتر إبراهيم     ( اعانة نوفمبر + ديسمبر  2022 ),اعانات اجتماعية,بنك مصر,100,
2022-12-01,2645,69979808,,محمد عبد الله احمد   ( عهدة ),مدينون متنوعون,بنك مصر,20000,
2022-12-01,2646,73893501,,طارق سيد على خلاف علي خلاف   ( عهدة سيارات,مدينون متنوعون,بنك مصر,20000,
2022-12-01,2647,73893502,,حنان ما ضي محمود محمد   ( مصروفات إدارية مكاتب عضوية,مكاتب شئون العضوية,بنك مصر,3135,
2022-12-01,2648,73893503,,صالح محمد نسيم (  لجان ثلاثية,لجان ثلاثية,بنك مصر,1190,
2022-12-01,2649,73893504,,ماضي تمام محمد عبد العزيز   (  بدل سفر,مكاتب شئون العضوية,بنك مصر,1100,
2022-12-01,2650,73893505,,الهيئة العامة لشؤون المطابع الأميرية   (     اشتراك في الجريدة عام 22 عام 23,مصروفات مدفوعة مقدمة,بنك مصر,2000,
2022-12-01,2651,73893506,,كريم إبراهيم عبد الحميد فرج   (   تسوية عهدة مستلزمات الطبية,مستلزمات طبية ( كورونا ),,5914,
2022-12-01,2651,73893506,,كريم إبراهيم عبد الحميد فرج   (   تسوية عهدة مستلزمات الطبية,,بنك مصر,863,
2022-12-01,2651,73893506,,كريم إبراهيم عبد الحميد فرج   (   تسوية عهدة مستلزمات الطبية,,مدينون متنوعون,5000,
2022-12-01,2651,73893506,,كريم إبراهيم عبد الحميد فرج   (   تسوية عهدة مستلزمات الطبية,,ضرائب الخصم والاضافة,51,
2022-12-01,2652,73893507,,عصام أبو بكر حجاج   ( استعاضة المقر الرئيسي,مصروفات إدارية المقر الرئيسى,بنك مصر,4995,
2022-12-01,2653,73893508,,محمد محمد حسن   ( بدل سفر وانتقال,بدل سفر وانتقال,بنك مصر,450,
2022-12-01,2654,73893509,,أحمد محمد مصطفى عبد الباقي   ( بدل سفر وانتقال,بدل سفر وانتقال,بنك مصر,2050,
2022-12-01,2655,73893510,,جهاز الخدمات العامة للقوات المسلحة    (    جراج سيارة,السيارة,,4660,
2022-12-01,2655,73893510,,جهاز الخدمات العامة للقوات المسلحة    (    جراج سيارة,,بنك مصر,4520.2,
2022-12-01,2655,73893510,,جهاز الخدمات العامة للقوات المسلحة    (    جراج سيارة,,ضرائب الخصم والاضافة,139.8,
2022-12-01,2656,73893511,,عدلي أحمد عبد العال   (  مصروفات مكاتب عضوية,مكاتب شئون العضوية,بنك مصر,6870,
2022-12-01,2657,73893512,,عصام أبو بكر حجاج      ( مرتبات,بدلات أعضاء مجلس الادارة,,14320,
2022-12-01,2657,73893512,,عصام أبو بكر حجاج      ( مرتبات,مرتبات ومكافأة شاملة,,116223.2,
2022-12-01,2657,73893512,,عصام أبو بكر حجاج      ( مرتبات,,بنك مصر,93849.96,
2022-12-01,2657,73893512,,عصام أبو بكر حجاج      ( مرتبات,,الاتحاد العام,533.88,
2022-12-01,2657,73893512,,عصام أبو بكر حجاج      ( مرتبات,,سلف العاملين,5940,
2022-12-01,2657,73893512,,عصام أبو بكر حجاج      ( مرتبات,,تأمين تكافلى,2522.5,
2022-12-01,2657,73893512,,عصام أبو بكر حجاج      ( مرتبات,,ضريبة كسب العمل,4998.5,
2022-12-01,2657,73893512,,عصام أبو بكر حجاج      ( مرتبات,,أقساط قروض بنك التنمية لبعض العاملين,6145,
2022-12-01,2657,73893512,,عصام أبو بكر حجاج      ( مرتبات,,التأمينات الاجتماعية,12723.98,
2022-12-01,2657,73893512,,عصام أبو بكر حجاج      ( مرتبات,,خصم كورونا,56.57,
2022-12-01,2657,73893512,,عصام أبو بكر حجاج      ( مرتبات,,خصم جزاءات,95.98,
2022-12-01,2657,73893512,,عصام أبو بكر حجاج      ( مرتبات,,تامينات عاملين مستقطعه وتسدد لمكاتب تامينات بالمحافظات,3676.83,
2022-12-01,2658,73893513,,محمد عبد الله أحمد     (مرتبات,مرتبات ومكافأة شاملة,,183038.81,
2022-12-01,2658,73893513,,محمد عبد الله أحمد     (مرتبات,,بنك مصر,97780.19,
2022-12-01,2658,73893513,,محمد عبد الله أحمد     (مرتبات,,سلف العاملين,23510,
2022-12-01,2658,73893513,,محمد عبد الله أحمد     (مرتبات,,تأمين تكافلى,3547.5,
2022-12-01,2658,73893513,,محمد عبد الله أحمد     (مرتبات,,ضريبة كسب العمل,4412,
2022-12-01,2658,73893513,,محمد عبد الله أحمد     (مرتبات,,أقساط النفقة,180,
2022-12-01,2658,73893513,,محمد عبد الله أحمد     (مرتبات,,أقساط قروض بنك التنمية لبعض العاملين,11448.48,
2022-12-01,2658,73893513,,محمد عبد الله أحمد     (مرتبات,,التأمينات الاجتماعية,42043.03,
2022-12-01,2658,73893513,,محمد عبد الله أحمد     (مرتبات,,خصم كورونا,61.78,
2022-12-01,2658,73893513,,محمد عبد الله أحمد     (مرتبات,,خصم جزاءات,55.83,
2022-12-01,2659,73893514,,ياسمين عبد الحميد إسماعيل  (   إعانة إجتماعية شهرين,اعانات اجتماعية,بنك مصر,100,
2022-12-01,2660,73893516,,كريم إبراهيم عبد الحميد    (  مكافأة جهود,مرتبات ومكافأة شاملة,بنك مصر,2000,
2022-12-01,2661,73893517,,حمدي عبد الرحمن صادق   (     اعانة اجتماعية شهرين,اعانات اجتماعية,بنك مصر,300,
2022-12-01,2662,73893518,,بنك ناصر الاجتماعي  (    قسط النفقة,أقساط النفقة,بنك مصر,720,
2022-12-01,2663,73893519,,حنان ما ضي محمود   (  مصروفات مكتب المنيا,مكاتب شئون العضوية,بنك مصر,1223.75,
2022-12-01,2664,73893520,,حسين ثابت حسن     (    مأمورية زائد مكافأة,مكاتب شئون العضوية,بنك مصر,5250,
2022-12-01,2665,73893521,,عبد الحميد حسن عبد العزيز  (      مصروفات مكتب بورسعيد,مكاتب شئون العضوية,,8382,
2022-12-01,2665,73893521,,عبد الحميد حسن عبد العزيز  (      مصروفات مكتب بورسعيد,,بنك مصر,5382,
2022-12-01,2665,73893521,,عبد الحميد حسن عبد العزيز  (      مصروفات مكتب بورسعيد,,مدينون متنوعون,3000,
2022-12-01,2666,73893522,,كريم إبراهيم عبد الحميد فرج   (     تسوية عهدة الأدوات الكتابية,مستلزمات مكتب رئيس مجلس الإدارة,,5571,
2022-12-01,2666,73893522,,كريم إبراهيم عبد الحميد فرج   (     تسوية عهدة الأدوات الكتابية,,بنك مصر,517.29,
2022-12-01,2666,73893522,,كريم إبراهيم عبد الحميد فرج   (     تسوية عهدة الأدوات الكتابية,,مدينون متنوعون,5000,
2022-12-01,2666,73893522,,كريم إبراهيم عبد الحميد فرج   (     تسوية عهدة الأدوات الكتابية,,ضرائب الخصم والاضافة,53.71,
2022-12-01,2667,73893523,,محمد أحمد أحمد إبراهيم   (  باقي مستحقات المطبوعات,المخزن500,,88300,
2022-12-01,2667,73893523,,محمد أحمد أحمد إبراهيم   (  باقي مستحقات المطبوعات,,بنك مصر,86534,
2022-12-01,2667,73893523,,محمد أحمد أحمد إبراهيم   (  باقي مستحقات المطبوعات,,ضرائب الخصم والاضافة,1766,
2022-12-01,2668,73893524,,أحمد محمد أحمد (   بدل السفر,مكاتب شئون العضوية,بنك مصر,250,
2022-12-01,2669,73893525,,جاب الحنفي محمود  (   لجان ثلاثية,لجان ثلاثية,بنك مصر,350,
2022-12-01,2670,73893526,,السيد عبد المجيد العماوي  (   التسوية,مكاتب شئون العضوية,,2080,
2022-12-01,2670,73893526,,السيد عبد المجيد العماوي  (   التسوية,,بنك مصر,1080,
2022-12-01,2670,73893526,,السيد عبد المجيد العماوي  (   التسوية,,مدينون متنوعون,1000,
2022-12-01,2671,73893527,,شركة المجد للتجارة  (    إيجار ماكينة التصوير,صيانه,,2622,
2022-12-01,2671,73893527,,شركة المجد للتجارة  (    إيجار ماكينة التصوير,,بنك مصر,2553,
2022-12-01,2671,73893527,,شركة المجد للتجارة  (    إيجار ماكينة التصوير,,ضرائب الخصم والاضافة,69,
2022-12-01,2672,73893528,,شريف محمد أحمد عبد المقصود    (  شراء أحبار,مطبوعات وادوات كتابية,,6783,
2022-12-01,2672,73893528,,شريف محمد أحمد عبد المقصود    (  شراء أحبار,,بنك مصر,6723.5,
2022-12-01,2672,73893528,,شريف محمد أحمد عبد المقصود    (  شراء أحبار,,ضرائب الخصم والاضافة,59.5,
2022-12-01,2673,73893529,,محمود ابراهيم محمد زهران عوض زهران  (    مكافأة,مكاتب شئون العضوية,بنك مصر,1500,
2022-12-01,2674,73893530,,علاء عبد الحميد توفيق   (  تسوية,مكاتب شئون العضوية,,4685,
2022-12-01,2674,73893530,,علاء عبد الحميد توفيق   (  تسوية,,بنك مصر,1685,
2022-12-01,2674,73893530,,علاء عبد الحميد توفيق   (  تسوية,,مدينون متنوعون,3000,
2022-12-01,2675,73893531,,عصام أبو بكر( حجاج استعاضة,المؤسسة الثقافية,بنك مصر,5000,
2022-12-01,2676,73893532,,طارق سيد على خلاف علي   ( مصروفات سيارات,مطبوعات وادوات كتابية,بنك مصر,2390,
2022-12-01,2677,73893533,,طارق سيد على خلاف علي   ( تسوية,السيارة,,7599,
2022-12-01,2677,73893533,,طارق سيد على خلاف علي   ( تسوية,,بنك مصر,519,
2022-12-01,2677,73893533,,طارق سيد على خلاف علي   ( تسوية,,مدينون متنوعون,7000,
2022-12-01,2677,73893533,,طارق سيد على خلاف علي   ( تسوية,,ضرائب الخصم والاضافة,80,
2022-12-01,2678,73893534,,عواطف عبد الحفيظ عبد العال (   إعانة,اعانات اجتماعية,بنك مصر,500,
2022-12-01,2679,73893535,,طارق سيد على خلاف علي   ( تسوية  العهدة المستديمة,السيارة,,4982,
2022-12-01,2679,73893535,,طارق سيد على خلاف علي   ( تسوية  العهدة المستديمة,,بنك مصر,482,
2022-12-01,2679,73893535,,طارق سيد على خلاف علي   ( تسوية  العهدة المستديمة,,مدينون متنوعون,4500,
2022-12-01,2680,73893536,,مهاب أحمد عبد الحميد  (  المكافأة الشهرية,مكاتب شئون العضوية,بنك مصر,1500,
2022-12-01,2681,73893537,,محمد أحمد محمد عبد الحميد   (  المكافأة الشهرية,مكاتب شئون العضوية,بنك مصر,1500,
2022-12-01,2682,73893538,,عصام أبو بكر حجاج    ( العمل أيام الأجازات,مكافأت وبدل العمل أيام الاجازات الرسمية,بنك مصر,4250,
2022-12-01,2683,73893539,,الشاذلي علي محمد    (  مصروفات مكتب السادات,مكاتب شئون العضوية,بنك مصر,2525,
2022-12-01,2684,73893540,,هاني عبد الفتاح محمد عبد الملك   (    مكافأة,مرتبات ومكافأة شاملة,بنك مصر,1000,
2022-12-01,2685,73893541,,مسعد صالح محمد جاد   (   مكافأة جهود,مكاتب شئون العضوية,بنك مصر,1400,
2022-12-01,2686,73893542,,عصام أبو بكر حجاج  (     مكافأة,مرتبات ومكافأة شاملة,بنك مصر,1750,
2022-12-01,2687,73893543,,جاب الحنفي محمود  ( لجان ثلاثية,لجان ثلاثية,بنك مصر,980,
2022-12-01,2688,73893544,,محمد مصطفى محمد درويش    (  مصروفات مكتب الإسماعيلية,مكاتب شئون العضوية,بنك مصر,590,
2022-12-01,2689,4625,,عصام أبو بكر حجاج   ( العمل أيام الاجازات,مكافأت وبدل العمل أيام الاجازات الرسمية,بنك العمال 1,7050,
2022-12-01,2690,4626,,الاتحاد العام ( من تحت حساب حصة الاتحاد العام لنقابات عمال مصر,الاتحاد العام,بنك العمال 1,50000,
2022-12-01,2691,4627,,امام سيد قطب   ( أيام عمل سائق الأمين العام,مكافأت وبدل العمل أيام الاجازات الرسمية,بنك العمال 1,1000,
2022-12-01,2692,4628,,عبد الناصر بكر احمد  ( بدل سفر وانتقال الأمين العام,بدل سفر وانتقال,بنك العمال 1,2740,
2022-12-01,2693,4629,,محمد دردير محمد (  مستشار تدريبى مشروع أسيوط,جهاز مشروعات أسيوط,بنك العمال 1,2500,
2022-12-01,2694,4630,,بنك التنمية الصناعية ( أقساط قروض,أقساط قروض بنك التنمية لبعض العاملين,بنك العمال 1,24354.81,
2022-12-01,2695,4873,,حصة اللجنة النقابية ( الشركة العربية للخزف سيراميكا ريماس,حصص اللجان النقابية بالشركات من الاشتركات,بنك العمال 1,12643,
2022-12-01,2696,4874,,حصة اللجنة النقابية ( بشركة النصر للمقاولات - حسن علام,حصص اللجان النقابية بالشركات من الاشتركات,بنك العمال 1,17235,
2022-12-01,2697,4875,,حصة اللجنة النقابية ( بشركة الجيزة العامة للمقاولات,حصص اللجان النقابية بالشركات من الاشتركات,بنك العمال 1,1713,
2022-12-01,2698,4876,,حصة اللجنة النقابية (  بشركة المقاولات المصريه - مختار ابراهيم,حصص اللجان النقابية بالشركات من الاشتركات,بنك العمال 1,30000,
2022-12-01,2699,4877,,حصة اللجنة النقابية ( الشركة العربية للخزف سيراميكا ريماس,حصص اللجان النقابية بالشركات من الاشتركات,بنك العمال 1,12976,
2022-12-01,2700,تسوية,,محمد سمير أبو الفتوح تسوية عهدة مكتب عضوية العاشر,مكاتب شئون العضوية,مدينون متنوعون,1000,
2022-12-01,2701,142118309,,اشتركات شركات ( إيرادات شركة النصر للمبانى والانشاءات ايجيكو اسكندرية,بنك العمال 1,إيرادات من الجان الشركات والهيئات,842.4,
2022-12-01,2702,721770137865,,اشتركات شركات ( إيرادات شركة النصر للمبانى والانشاءات ايجيكو القاهرة,بنك العمال 1,إيرادات من الجان الشركات والهيئات,1336.5,
2022-12-01,2703,721770137868,,اشتركات شركات ( إيرادات شركة النصر للمبانى والانشاءات ايجيكو القاهرة,بنك العمال 1,إيرادات من الجان الشركات والهيئات,178.2,
2022-12-01,2704,2070175092,,اشتركات شركات ( إيرادات شركة النصر للمبانى والانشاءات ايجيكو القاهرة,بنك العمال 1,إيرادات من الجان الشركات والهيئات,259.2,
2022-12-01,2705,138885050,,اشتركات شركات ( إيرادات شركة النصر للمبانى والانشاءات ايجيكو القاهرة,بنك العمال 1,إيرادات من الجان الشركات والهيئات,318.6,
2022-12-01,2706,141548084,,اشتركات شركات ( إيرادات شركة النصر للمبانى والانشاءات ايجيكو القاهرة,بنك العمال 1,إيرادات من الجان الشركات والهيئات,521.1,
2022-12-01,2707,146714777,,اشتركات شركات ( إيرادات شركة النصر للمبانى والانشاءات ايجيكو القاهرة,بنك العمال 1,إيرادات من الجان الشركات والهيئات,1838.7,
2022-12-01,2708,140945835,,اللجنة المهنية بفاقوس  ( حصة الاتحاد العام,بنك العمال 1,الاتحاد العام,610.5,
2022-12-01,2709,140945835,,شركة كاف لتامينات الحياة  (  مستحقات نهاية الخدمة,بنك العمال 1,تأمين تكافلى,50100.98,
2022-12-01,2710,73895321,,إيرادات ( شركة المعادى للتنمية والتعمير,بنك العمال 1,إيرادات من الجان الشركات والهيئات,1728,
2022-12-01,2711,915914882,,إيرادات ( شركة الاسكندرية للحراريات,بنك العمال 1,إيرادات من الجان الشركات والهيئات,39989.7,
2022-12-01,2712,602057363,,إيرادات (شركة المعادى للتنمية والتعمير,بنك العمال 1,إيرادات من الجان الشركات والهيئات,1728,
2022-12-01,2713,915914889,,إيرادات ( شركة النيل العامة للطرق والكبارى,بنك العمال 1,إيرادات من الجان الشركات والهيئات,26311.5,
2022-12-01,2714,142100979,,إيرادات (شركة اسمنت بورتلاند حلوان,بنك العمال 1,إيرادات من الجان الشركات والهيئات,1047.6,
2022-12-01,2715,220382897640,,إيرادات ( الشركة العربية للخزف,بنك العمال 1,إيرادات من الجان الشركات والهيئات,10813.5,
2022-12-01,2716,11117073997221,,إيرادات (الشركة المتحدة للاسكان والتعمير,بنك العمال 1,إيرادات من الجان الشركات والهيئات,232.2,
2022-12-01,2717,146767837,,إيرادات حصص  ( اللجنة المهنية بالزقازيق,بنك العمال 1,إيرادات من اللجان المهنية,16750,
2022-12-02,2718,,,إيرادات (الشركة العربية للخزف سيراميكا ريماس,بنك العمال 1,إيرادات من الجان الشركات والهيئات,10710,
2022-12-01,2719,11117074006246,,إيرادات (الشركة العربية للخزف سيراميكا ريماس,بنك العمال 1,إيرادات من الجان الشركات والهيئات,10813.5,
2022-12-01,2720,11117074006251,,إيرادات ( شركة الاسكندرية للحراريات مصنع سورناجا للسيراميك,بنك العمال 1,إيرادات من الجان الشركات والهيئات,383.4,
2022-12-01,2721,70168615,,إيرادات (  المصرية للخرسانه سابقة الاجهاد,بنك العمال 1,إيرادات من الجان الشركات والهيئات,3765.6,
2022-12-01,2722,968537,,اشتراكات الشركات ( شركة النصر العامة للمقاولات حسن علام,بنك العمال 1,إيرادات من الجان الشركات والهيئات,13977,
2022-12-01,2723,,,اذون خزانة  ( استحقاق اذون حزانة,بنك مصر,أذون الخزانة,500000,
2022-12-01,2724,,,اذون خزانة  ( استحقاق اذون حزانة,بنك مصر,أذون الخزانة,500000,
2022-12-01,2725,,,اذون خزانة  ( استحقاق اذون حزانة,بنك مصر,أذون الخزانة,500000,
2022-12-01,2726,,,مصروفات بنكية (عموله اذون خزانة ومصاريف السويفت,أذون الخزانة,بنك مصر,250.52,
2022-12-01,2727,,,مصروفات بنكية (عموله اذون خزانة ومصاريف السويفت,أذون الخزانة,بنك مصر,250.52,
2022-12-01,2728,,,مصروفات بنكية (عموله اذون خزانة ومصاريف السويفت,أذون الخزانة,بنك مصر,250.52,
2022-12-01,2729,,,ضرائب ( استحقاق اذون خزانة,أذون الخزانة,بنك مصر,3086,
2022-12-01,2730,,,ضرائب ( استحقاق اذون خزانة,أذون الخزانة,بنك مصر,3086,
2022-12-01,2731,,,ضرائب ( استحقاق اذون خزانة,أذون الخزانة,بنك مصر,3086,
2022-12-01,2732,759407,,اللجنه النقابية بشركة المقاولات المصريه - مختار ابراهيم,بنك العمال 1,إيرادات من الجان الشركات والهيئات,50000,
2022-12-01,2733,,,محمد عبد الله احمد ( اقساط قروض مركز التدريب,بنك مصر,أقساط قروض بنك التنمية لبعض العاملين,4010,
2022-12-01,2734,,,خالد عبد العزيز عفيفى (  قسط التامينات,بنك مصر,,1450,
2022-12-01,2734,,,خالد عبد العزيز عفيفى (  قسط التامينات,,تأمين تكافلى,150,
2022-12-01,2734,,,خالد عبد العزيز عفيفى (  قسط التامينات,,التأمينات الاجتماعية,1300,
2022-12-01,2735,,,كريم ابراهيم عبد الحميد( تسوية عهدة المشروبات والضيافة,بنك مصر,,1211,
2022-12-01,2735,,,كريم ابراهيم عبد الحميد( تسوية عهدة المشروبات والضيافة,مستلزمات مكتب رئيس مجلس الإدارة,,3821.84,
2022-12-01,2735,,,كريم ابراهيم عبد الحميد( تسوية عهدة المشروبات والضيافة,,مدينون متنوعون,5000,
2022-12-01,2735,,,كريم ابراهيم عبد الحميد( تسوية عهدة المشروبات والضيافة,,ضرائب الخصم والاضافة,32.84,
2022-12-01,2736,,,محمد عبد المنعم عتمان (اقساط قروض مركز التدريب,بنك مصر,أقساط قروض بنك التنمية لبعض العاملين,4010,
2022-12-01,2737,,,حنان ماضى محمود ( تسويه عهده المنيا باسم / اسماء عبد المنعم فراج,بنك مصر,,3635,
2022-12-01,2737,,,حنان ماضى محمود ( تسويه عهده المنيا باسم / اسماء عبد المنعم فراج,مكاتب شئون العضوية,,1365,
2022-12-01,2737,,,حنان ماضى محمود ( تسويه عهده المنيا باسم / اسماء عبد المنعم فراج,,مدينون متنوعون,5000,
2022-12-01,2738,,,عماد الدين محمد مبروك( تسويه عهده لجنه المراة,بنك مصر,,2612,
2022-12-01,2738,,,عماد الدين محمد مبروك( تسويه عهده لجنه المراة,نشاط اجتماعى وثقافى,,12756.48,
2022-12-01,2738,,,عماد الدين محمد مبروك( تسويه عهده لجنه المراة,,مدينون متنوعون,15000,
2022-12-01,2738,,,عماد الدين محمد مبروك( تسويه عهده لجنه المراة,,ضرائب الخصم والاضافة,368.48,
2022-12-02,2739,,,ايرادات مكتب المنيا,بنك مصر,إيرادات مكاتب شئون العضوية,2150,
2022-12-01,2740,,,محمود ابراهيم محمد زهران زهران ( تسويه عهده مكتب زفتى,بنك مصر,,75,
2022-12-01,2740,,,محمود ابراهيم محمد زهران زهران ( تسويه عهده مكتب زفتى,مكاتب شئون العضوية,,1925,
2022-12-01,2740,,,محمود ابراهيم محمد زهران زهران ( تسويه عهده مكتب زفتى,,مدينون متنوعون,2000,
2022-12-01,2741,,,محمد عبد الله احمد (تسويه عهده مامورية مرسى مطروح,بنك مصر,,1697,
2022-12-01,2741,,,محمد عبد الله احمد (تسويه عهده مامورية مرسى مطروح,مصروفات مصيف مطروح,,18303,
2022-12-01,2741,,,محمد عبد الله احمد (تسويه عهده مامورية مرسى مطروح,,مدينون متنوعون,20000,
2022-12-01,2742,,,هشام مصطفى محمد عبد المعطى محمد ( تسويه عهده مستديمة مطروح,بنك مصر,,5992,
2022-12-01,2742,,,هشام مصطفى محمد عبد المعطى محمد ( تسويه عهده مستديمة مطروح,مصروفات مصيف مطروح,,24008,
2022-12-01,2742,,,هشام مصطفى محمد عبد المعطى محمد ( تسويه عهده مستديمة مطروح,,مدينون متنوعون,30000,
2022-12-01,2743,,,هانى عبد الفتاح محمد عبد المللك  (تسويه عهده السيارات,بنك مصر,,9002,
2022-12-01,2743,,,هانى عبد الفتاح محمد عبد المللك  (تسويه عهده السيارات,السيارة,,10998,
2022-12-01,2743,,,هانى عبد الفتاح محمد عبد المللك  (تسويه عهده السيارات,,مدينون متنوعون,20000,
2022-12-01,2744,,,محمد عبد الله احمد  (  قساط قروض مركز التدريب,بنك مصر,أقساط قروض بنك التنمية لبعض العاملين,8020,
2022-12-01,2745,,,طارق سيد على خلاف على خلاف  ( تسويه عهده السيارة السولارس569,السيارة,مدينون متنوعون,3500,
2022-12-01,2746,,,طارق سيد على خلاف على خلاف (  تسويه عهده السيارة التوسان رقم564,بنك مصر,,6031,
2022-12-01,2746,,,طارق سيد على خلاف على خلاف (  تسويه عهده السيارة التوسان رقم564,السيارة,,14126.25,
2022-12-01,2746,,,طارق سيد على خلاف على خلاف (  تسويه عهده السيارة التوسان رقم564,,مدينون متنوعون,20000,
2022-12-01,2746,,,طارق سيد على خلاف على خلاف (  تسويه عهده السيارة التوسان رقم564,,ضرائب الخصم والاضافة,157.25,
2022-12-01,2747,,,محمد محمد حسن (تسوية عهدة مرور على اللجان,بنك مصر,مدينون متنوعون,3000,
2022-12-01,2748,,,علاء سعيد رزق عبد العزيز ( تسويه عهده مكتب دسوق,بنك مصر,,251,
2022-12-01,2748,,,علاء سعيد رزق عبد العزيز ( تسويه عهده مكتب دسوق,مكاتب شئون العضوية,,4749,
2022-12-01,2748,,,علاء سعيد رزق عبد العزيز ( تسويه عهده مكتب دسوق,,مدينون متنوعون,5000,
2022-12-01,2749,,,مسعد صالح محمد ( تسوية عهدة مكتب المنصورة 2,مكاتب شئون العضوية,مدينون متنوعون,10000,
2022-12-01,2750,,,جوزيف فؤاد أيوب ( فرق تسويه عهده الاتحاد العام  ),بنك مصر,مدينون متنوعون,100,
2022-12-01,2751,,,امل فاروق عبد الله عبد الله ( تسويه عهده مكتب اكتوبر,بنك مصر,,180,
2022-12-01,2751,,,امل فاروق عبد الله عبد الله ( تسويه عهده مكتب اكتوبر,مكاتب شئون العضوية,,820,
2022-12-01,2751,,,امل فاروق عبد الله عبد الله ( تسويه عهده مكتب اكتوبر,,مدينون متنوعون,1000,
2022-12-01,2752,,,إيرادات ( شركة الواد العالمية للاستثمار مناولة محمد عبد الله تامين شهر + ايجار شهر يناير 2022 عمارة المعادى,بنك مصر,إيرادات مقدمة,20000,
2022-12-01,2753,,,إيرادات ( شركة جولدن كوست السخنة للاستثمار السياحى / تامين شهر + ايجار شهر يناير 2023 عمارة المعادى,بنك مصر,إيرادات مقدمة,22000,
2022-12-01,2754,,,بهجت احمد حامد تسويه ( عهدة استراحه الاسكندرية,بنك مصر,,180,
2022-12-01,2754,,,بهجت احمد حامد تسويه ( عهدة استراحه الاسكندرية,مجمع لجان الإسكندرية,,320,
2022-12-01,2754,,,بهجت احمد حامد تسويه ( عهدة استراحه الاسكندرية,,مدينون متنوعون,500,
2022-12-01,2755,,,دعاء حسين رمضان رمضان  ( تسويه عهده مكتب  ببا ببنى سويف,بنك مصر,,257,
2022-12-01,2755,,,دعاء حسين رمضان رمضان  ( تسويه عهده مكتب  ببا ببنى سويف,مكاتب شئون العضوية,,1743,
2022-12-01,2755,,,دعاء حسين رمضان رمضان  ( تسويه عهده مكتب  ببا ببنى سويف,,مدينون متنوعون,2000,
2022-12-01,2756,,,دعاء حسين رمضان رمضان  ( تسويه عهده مكتب  ببنى سويف,بنك مصر,,530.5,
2022-12-01,2756,,,دعاء حسين رمضان رمضان  ( تسويه عهده مكتب  ببنى سويف,مكاتب شئون العضوية,,1469.5,
2022-12-01,2756,,,دعاء حسين رمضان رمضان  ( تسويه عهده مكتب  ببنى سويف,,مدينون متنوعون,2000,
2022-12-01,2757,,,إيرادات مكتب ( إيداع نقدى حسين ثابت حسن   مكتب شئون عضوية اسيوط,بنك العمال 1,إيرادات مكاتب شئون العضوية,9000,
2022-12-01,2758,,,اشتراكات الشركات (   السويس للاكياس,بنك العمال 1,إيرادات من الجان الشركات والهيئات,370,
2022-12-01,2759,,,مصرفات بنكية ( كشف حساب بنك التنمية الصناعية,بنكية,بنك العمال 1,360,
2022-12-01,2760,,,فائدة محوله على حساب القرض والعموله ( للقرض الممنوح للمؤسسة الثقافية العمالية بضمان النقابة العامة,المؤسسة الثقافية,بنك العمال 1,11841,
2022-12-01,2761,,,إبراهيم محمد محمود غلوش ( تسوية عهدة مكتب عضوية طنطا,مكاتب شئون العضوية,مدينون متنوعون,2000,
2022-12-01,2762,,,محمد مصطفى رمضان  (تسوية عهدة مكتب العضوية دمنهور,مكاتب شئون العضوية,مدينون متنوعون,5000,
2022-12-01,2763,,,إيرادات مكتب ( إيداع نقدى محمد سمير أبو الفتوح   مكتب شئون العضوية العاشر من رمضان,بنك العمال 1,إيرادات مكاتب شئون العضوية,5500,
2022-12-01,2764,,,إيرادات مكتب (   داليا محمد مصطفى   مكتب شئون العضوية دمنهور,بنك العمال 1,إيرادات مكاتب شئون العضوية,2300,
2022-12-01,2765,,,إيرادات مكتب ( داليا محمد مصطفى   مكتب شئون العضوية دمنهور,بنك العمال 1,إيرادات مكاتب شئون العضوية,3266,
2022-12-01,2766,,,إيرادات (  مكتب شئون عضوية بأشمون,بنك مصر,إيرادات مكاتب شئون العضوية,12240,
2022-12-01,2767,,,إيرادات (  مكتب شئون عضوية بأشمون,بنك مصر,إيرادات مكاتب شئون العضوية,4000,
2022-12-01,2768,,,إيرادات ( مكتب شئون عضوية بالسويس,بنك مصر,إيرادات مكاتب شئون العضوية,1120,
2022-12-01,2769,,,إيرادات (مكتب شئون عضوية ببنى سويف,بنك مصر,إيرادات مكاتب شئون العضوية,2475,
2022-12-01,2770,,,إيرادات (مكتب شئون عضوية ببنى سويف,بنك مصر,إيرادات مكاتب شئون العضوية,4700,
2022-12-01,2771,,,إبراهيم محمد محمود غلوش ( ايرادات مكتب عضوية طنطا,بنك مصر,إيرادات مكاتب شئون العضوية,4300,
2022-12-01,2772,,,إبراهيم محمد محمود غلوش ( ايرادات مكتب عضوية طنطا,بنك مصر,إيرادات مكاتب شئون العضوية,4300,
2022-12-01,2773,,,إبراهيم محمد محمود غلوش ( ايرادات مكتب عضوية طنطا,بنك مصر,إيرادات مكاتب شئون العضوية,4300,
2022-12-01,2774,,,إبراهيم محمد محمود غلوش ( ايرادات مكتب عضوية طنطا,بنك مصر,إيرادات مكاتب شئون العضوية,2580,
2022-12-01,2775,,,إيرادات (  شئون عضوية بزفتى,بنك مصر,إيرادات مكاتب شئون العضوية,4000,
2022-12-01,2776,,,إيرادات ( مكتب شئون عضوية بكفر صقر,بنك مصر,إيرادات مكاتب شئون العضوية,3200,
2022-12-01,2777,,,إيرادات متنوعة ( بهجت احمد حامد  - شهادة خبرة ولوائح الاسكندرية,بنك مصر,الإيرادات المتنوعة,1060,
2022-12-01,2778,,,هانى عبد الفتاح محمد عبد المللك  (تسويه العهده المستديمة عمارة المعادى,عمارة المعادى,مدينون متنوعون,2000,
2022-12-01,2779,,,هانى عبد الفتاح محمد عبد المللك  (تسويه العهده المستديمة  لعمل الكارنيهات,عمارة المعادى,مدينون متنوعون,3000,
2022-12-01,2780,,,هانى عبد الفتاح محمد عبد المللك  (تسويه عهده اعمال صيانة سباكة عمارة المعادى,عمارة المعادى,مدينون متنوعون,2000,
2022-12-01,2781,,,اشتراكات الشركات ( اللجنه النقابية بشركةالتعمير والاستشارات الهندسية,بنك العمال 1,إيرادات من الجان الشركات والهيئات,1225.8,
2022-12-01,2782,,,حنان عاطف محمود  (تسوية عهدة الادوية ),علاج ومستلزمات طبية,مدينون متنوعون,2500,
2022-12-01,2783,,,طارق إبراهيم سليمان  ( تسوية عهدة مصيف جمصة,بنك مصر,,1889.5,
2022-12-01,2783,,,طارق إبراهيم سليمان  ( تسوية عهدة مصيف جمصة,مصروفات مصيف جمصة,,23110.5,
2022-12-01,2783,,,طارق إبراهيم سليمان  ( تسوية عهدة مصيف جمصة,,مدينون متنوعون,25000,
2022-12-28,2784,,,ايمن عبد العزيز عبد الله ( تسوية عهدة الشئون القانونية ),مصاريف محاماة,مدينون متنوعون,5000,
2022-12-01,2785,,,محمد مصطفى عبد الباقى ( تسوية عهدة مكاتب عضوية الفيوم,مكاتب شئون العضوية,مدينون متنوعون,10000,
2022-12-01,2786,,,ماضى تمام عبد العزيز محمد  ( تسوية عهدة  مكتب فرشوط,مكاتب شئون العضوية,مدينون متنوعون,2000,
2022-12-01,2787,,,طه رمضان حجازى ( تسوية عهدة مكتب الجيزة,بنك مصر,,1072,
2022-12-01,2787,,,طه رمضان حجازى ( تسوية عهدة مكتب الجيزة,مكاتب شئون العضوية,,1428,
2022-12-01,2787,,,طه رمضان حجازى ( تسوية عهدة مكتب الجيزة,,مدينون متنوعون,2500,
2022-12-01,2788,,,احمد نعمان محمد  محمد   (  تسوية عهدة مكتب المنصورة 1,بنك مصر,,2085,
2022-12-01,2788,,,احمد نعمان محمد  محمد   (  تسوية عهدة مكتب المنصورة 1,مكاتب شئون العضوية,,915,
2022-12-01,2788,,,احمد نعمان محمد  محمد   (  تسوية عهدة مكتب المنصورة 1,,مدينون متنوعون,3000,
2022-12-01,2789,,,حسين ثابت حسن     (   تسوية عهدة مكتب أسيوط,مكاتب شئون العضوية,مدينون متنوعون,2000,
2022-12-01,2790,,,جيهان موسى محمد الشجاعى محمد السجاعى محمد  ( تسوية عهدة مكتب منيا القمح,مكاتب شئون العضوية,مدينون متنوعون,5000,
2022-12-01,2791,,,شريفة شحات حسن زعتر   ( تسوية عهدة  مكتب اشمون,مكاتب شئون العضوية,مدينون متنوعون,1000,
2022-12-01,2792,,,محمود حسن حسين ( تسوية عهدة مكتب السويس,مكاتب شئون العضوية,مدينون متنوعون,2000,
2022-12-01,2793,,,ايمن احمد مصطفى سلام مصطفى سلام  (تسوية عهدة مكتب شربين ودنجواى,مكاتب شئون العضوية,مدينون متنوعون,5000,
2022-12-01,2794,,,إيرادات متنوعة (تحويل بنكى,بنك مصر,الإيرادات المتنوعة,10998,
2022-12-01,2795,,,عبد المعبود عبد السلام حسن ( إيرادات مكاتب عضوية شبرا الخيمة,بنك مصر,إيرادات مكاتب شئون العضوية,2000,
2022-12-01,2796,,,عبد المعبود عبد السلام حسن ( إيرادات مكتب عضوية شبرا الخيمة,بنك مصر,إيرادات مكاتب شئون العضوية,2000,
2022-12-01,2797,,,عبد المعبود عبد السلام حسن (تسوية عهدة مكتب عضوية شبرا الخيمة,مكاتب شئون العضوية,مدينون متنوعون,1000,
2022-12-01,2798,,,عوض عبد العزيز المهدى  ( ايرادات مكتب بنى عبيد,بنك مصر,إيرادات مكاتب شئون العضوية,8000,
2022-12-01,2799,,,عوض عبد العزيز المهدى  ( ايرادات مكتب بنى عبيد,بنك مصر,إيرادات مكاتب شئون العضوية,3960,
2022-12-01,2800,,,امجد السيد العشرى ( ايرادات مكتب منية النصر,بنك مصر,إيرادات مكاتب شئون العضوية,4000,
2022-12-01,2801,,,امجد السيد العشرى ( ايرادات مكتب منية النصر,بنك مصر,إيرادات مكاتب شئون العضوية,4000,
2022-12-01,2802,,,امجد السيد العشرى ( ايرادات مكتب منية النصر,بنك مصر,إيرادات مكاتب شئون العضوية,4000,
2022-12-01,2803,,,امجد السيد العشرى ( ايرادات مكتب منية النصر,بنك مصر,إيرادات مكاتب شئون العضوية,4000,
2022-12-01,2804,,,امجد السيد العشرى ( ايرادات مكتب منية النصر,بنك مصر,إيرادات مكاتب شئون العضوية,4000,
2022-12-01,2805,,,امجد السيد العشرى ( ايرادات مكتب منية النصر,بنك مصر,إيرادات مكاتب شئون العضوية,4000,
2022-12-01,2806,,,ايمن احمد مصطفى سلام مصطفى سلام ( ايرادات مكتب شربين,بنك مصر,إيرادات مكاتب شئون العضوية,6000,
2022-12-01,2807,,,ايمن احمد مصطفى سلام مصطفى سلام ( ايرادات مكتب شربين,بنك مصر,إيرادات مكاتب شئون العضوية,9960,
2022-12-01,2808,,,احمد نعمان محمد  محمد ( ايرادات مكتب المنصورة 1,بنك مصر,إيرادات مكاتب شئون العضوية,4400,
2022-12-01,2809,,,مسعد صالح محمد  ( ايرادات مكتب المنصورة 2,بنك مصر,إيرادات مكاتب شئون العضوية,9750,
2022-12-01,2810,,,مسعد صالح محمد  ( ايرادات مكتب المنصورة 2,بنك مصر,إيرادات مكاتب شئون العضوية,1350,
2022-12-01,2811,,,مسعد صالح محمد  ( ايرادات مكتب المنصورة 2,بنك مصر,إيرادات مكاتب شئون العضوية,5000,
2022-12-01,2812,,,مسعد صالح محمد  ( ايرادات مكتب المنصورة 2,بنك مصر,إيرادات مكاتب شئون العضوية,3000,
2022-12-01,2813,,,مسعد صالح محمد  ( ايرادات مكتب المنصورة 2,بنك مصر,إيرادات مكاتب شئون العضوية,3500,
2022-12-01,2814,,,مسعد صالح محمد  ( ايرادات مكتب المنصورة 2,بنك مصر,إيرادات مكاتب شئون العضوية,2500,
2022-12-01,2815,,,مسعد صالح محمد  ( ايرادات مكتب المنصورة 2,بنك مصر,إيرادات مكاتب شئون العضوية,1500,
2022-12-01,2816,,,مسعد صالح محمد  ( ايرادات مكتب المنصورة 2,بنك مصر,إيرادات مكاتب شئون العضوية,1500,
2022-12-01,2817,,,مسعد صالح محمد  تسوية السلفة الشخصية,بنك مصر,سلف العاملين,6250,
2022-12-01,2818,,,مسعد صالح محمد  ( ايرادات مكتب المنصورة 2,بنك مصر,إيرادات مكاتب شئون العضوية,6000,
2022-12-01,2819,,,مسعد صالح محمد  ( ايرادات مكتب المنصورة 2,بنك مصر,إيرادات مكاتب شئون العضوية,1900,
2022-12-01,2820,,,علاء سعيد رزق عبد العزيز ( ايرادات مكتب دسوق,بنك مصر,إيرادات مكاتب شئون العضوية,7000,
2022-12-01,2821,,,عصام ابو بكر حجاج  (  ايرادات مكتب عضوية القاهرة,بنك مصر,إيرادات مكاتب شئون العضوية,17996,
2022-12-01,2822,,,عصام ابو بكر حجاج  (  ايرادات مكتب عضوية القاهرة,بنك مصر,إيرادات مكاتب شئون العضوية,25494,
2022-12-01,2823,,,علاء عبد الحميد توفيق   ( ايرادات مكتب عضوية قليوب,بنك مصر,إيرادات مكاتب شئون العضوية,5840,
2022-12-01,2824,,,طارق بدوى   ( ايرادات مكتب المنزله,بنك مصر,إيرادات مكاتب شئون العضوية,1000,
2022-12-01,2825,,,طارق بدوى   ( ايرادات مكتب المنزله,بنك مصر,إيرادات مكاتب شئون العضوية,1000,
2022-12-01,2826,,,طارق بدوى   ( ايرادات مكتب المنزله,بنك مصر,إيرادات مكاتب شئون العضوية,2000,
2022-12-01,2827,,,طارق بدوى   ( ايرادات مكتب المنزله,بنك مصر,إيرادات مكاتب شئون العضوية,1000,
2022-12-01,2828,,,محمد عبد العزيز عوض   ( ايرادات مكتب ههيا,بنك مصر,إيرادات مكاتب شئون العضوية,19000,
2022-12-02,2829,,,مكتب المنيا,بنك مصر,إيرادات مكاتب شئون العضوية,4300,
2022-12-01,2830,,,عبد الحميد حسن عبد العزيز ( ايرادات مكتب بورسعيد,بنك مصر,إيرادات مكاتب شئون العضوية,2570,
2022-12-01,2831,,,عبد الحميد حسن عبد العزيز ( ايرادات مكتب بورسعيد,بنك مصر,إيرادات مكاتب شئون العضوية,145,
2022-12-01,2832,,,عبد الحميد حسن عبد العزيز ( ايرادات مكتب بورسعيد,بنك مصر,إيرادات مكاتب شئون العضوية,203,
2022-12-01,2833,,,عبد الحميد حسن عبد العزيز ( ايرادات مكتب بورسعيد,بنك مصر,إيرادات مكاتب شئون العضوية,3162,
2022-12-01,2834,,,طه رمضان حجازى ( إيرادات  مكتب الجيزة,بنك مصر,إيرادات مكاتب شئون العضوية,2640,
2022-12-02,2835,,,طه رمضان حجازى ( إيرادات  مكتب الجيزة,بنك مصر,إيرادات مكاتب شئون العضوية,1600,
2022-12-01,2836,,,عدلى احمد عبد العال (ايرادات مكاتب العضوية نجع حمادى وقنا,بنك مصر,إيرادات مكاتب شئون العضوية,9000,
2022-12-01,2837,,,حامد طلبة السيد  ( إيرادات مكتب السنبلاوين,بنك مصر,إيرادات مكاتب شئون العضوية,10000,
2022-12-01,2838,,,حامد طلبة السيد  ( إيرادات مكتب السنبلاوين,بنك مصر,إيرادات مكاتب شئون العضوية,13220,
2022-12-01,2839,,,محمد مصطفى محمد درويش    (  ايرادات مكتب الإسماعيلية,بنك مصر,إيرادات مكاتب شئون العضوية,5280,
2022-12-01,2840,,,جيهان موسى محمد الشجاعى محمد السجاعى منوله صابر السيد (إيرادات مكتب منيا القمح,بنك مصر,إيرادات مكاتب شئون العضوية,2200,
2022-12-01,2841,,,احمد محمد مصطفى عبد الباقى ( إيرادات مكتب الفيوم,بنك مصر,إيرادات مكاتب شئون العضوية,15000,
2022-12-01,2842,,,احمد محمد مصطفى عبد الباقى ( إيرادات مكتب الفيوم,بنك مصر,إيرادات مكاتب شئون العضوية,1500,
2022-12-01,2843,,,إيرادات ( اللجنة النقابية بشركة لافارج اسمنت مصر,بنك مصر,إيرادات من الجان الشركات والهيئات,726,
2022-12-01,2844,64201407399525,,اشتراكات الشركات ( الهيئة العامة للطرق والكبارى,بنك مصر,إيرادات من الجان الشركات والهيئات,2671.71,
2022-12-01,2845,,,اشتراكات الشركات  ( اللجنه النقابية بشركة طرق ونقل طنطا,بنك مصر,إيرادات من الجان الشركات والهيئات,28.5,
2022-12-01,2846,,,اشتراكات الشركات  ( اللجنه النقابية بشركة طرق ونقل طنطا,بنك مصر,إيرادات من الجان الشركات والهيئات,293.1,
2022-12-01,2847,,,اشتراكات شركات ( طرق ونقل الغربية,بنك مصر,إيرادات من الجان الشركات والهيئات,190.5,
2022-12-01,2848,,,اشتراكات شركات ( منطقة شرق الدلتا للطرق والكبارى,بنك مصر,إيرادات من الجان الشركات والهيئات,50.1,
2022-12-01,2849,,,اشتراكات شركات ( طرف ونقل السويس,بنك مصر,إيرادات من الجان الشركات والهيئات,9.6,
2022-12-01,2850,,,اشتراكات شركات ( النقل البرى,بنك مصر,إيرادات من الجان الشركات والهيئات,77,
2022-12-01,2851,,,اشتراكات شركات ( طرق ونقل البحيرة,بنك مصر,إيرادات من الجان الشركات والهيئات,3,
2022-12-01,2852,,,إيرادات متنوعة,بنك مصر,الإيرادات المتنوعة,25,
2022-12-01,2853,,,اشتراكات شركات ( طرق ونقل البحيرة,بنك مصر,إيرادات من الجان الشركات والهيئات,747,
2022-12-01,2854,,,اشتراكات شركات ( طرق ونقل كفر الشيخ,بنك مصر,إيرادات من الجان الشركات والهيئات,523,
2022-12-01,2855,,,اشتراكات شركات ( منطقة غرب الدلتا للطرق والكبارى الاسكندرية,بنك مصر,إيرادات من الجان الشركات والهيئات,449.7,
2022-12-01,2856,,,اشتراكات شركات ( منطقة شرق الدلتا للطرق والكبارى الزقازيق,بنك مصر,إيرادات من الجان الشركات والهيئات,430.8,
2022-12-02,2857,,,إيرادات (اللجنة النقابية بشركة بطرق ونقل المنوفية,بنك مصر,إيرادات من الجان الشركات والهيئات,448.8,
2022-12-01,2858,,,اشتراكات شركات (  طرق والكبارى أسيوط,بنك مصر,إيرادات من الجان الشركات والهيئات,323,
2022-12-01,2859,,,اشتراكات شركات ( طرق ونقل الجيزة,بنك مصر,إيرادات من الجان الشركات والهيئات,606.3,
2022-12-01,2860,,,اشتراكات شركات ( طرق ونقل القليوبية,بنك مصر,إيرادات من الجان الشركات والهيئات,201,
2022-12-01,2861,,,اشتراكات شركات (  طرق والكبارى أسيوط,بنك مصر,إيرادات من الجان الشركات والهيئات,16,
2022-12-01,2862,,,اشتراكات شركات (  طرق والكبارى الوادى الجديد,بنك مصر,إيرادات من الجان الشركات والهيئات,536.1,
2022-12-01,2863,,,اشتراكات شركات (  طرق والكبارى النقل البرى,بنك مصر,إيرادات من الجان الشركات والهيئات,622.5,
2022-12-01,2864,,,اشتراكات شركات (  طرق والكبارى النقل البرى,بنك مصر,إيرادات من الجان الشركات والهيئات,2940.9,
2022-12-02,2865,,,اشتراكات شركات (  طرق والكبارى الوادى الجديد,بنك مصر,إيرادات من الجان الشركات والهيئات,51,
2022-12-03,2866,,,اشتراكات شركات ( طرق ونقل الجيزة,بنك مصر,إيرادات من الجان الشركات والهيئات,60.9,
2022-12-04,2867,137662955,,إيرادات (اللجنة النقابية بشركة بطرق ونقل المنوفية,بنك مصر,إيرادات من الجان الشركات والهيئات,248.1,
2022-12-05,2868,,,إيرادات متنوعة ( لوائح,بنك مصر,الإيرادات المتنوعة,2475,
2022-12-06,2869,,,إيرادات متنوعة ( شهادات خبره,بنك مصر,الإيرادات المتنوعة,360,
2022-12-07,2870,,,اشتراكات شركات (  طرق والكبارى جنوب سيناء,بنك مصر,إيرادات من الجان الشركات والهيئات,123,
2022-12-08,2871,,,اشتراكات شركات (  طرق والكبارى الاسماعيلية,بنك مصر,إيرادات من الجان الشركات والهيئات,625.5,
2022-12-09,2872,,,اشتراكات شركات ( طرق ونقل الشرقية,بنك مصر,إيرادات من الجان الشركات والهيئات,2472,
2022-12-10,2873,,,إيرادات متنوعة ( لوائح,بنك مصر,الإيرادات المتنوعة,20000,
2022-12-11,2874,,,إيرادات متنوعة ( لوائح,بنك مصر,الإيرادات المتنوعة,1050,
2022-12-12,2875,,,دفاتر شيكات,بنكية,بنك مصر,1440,
2022-12-12,2876,,,مصروفات كشف حساب بنك مصر شهر ديسمبر 2022,بنكية,بنك مصر,50,
2022-12-13,2877,,,اشتراكات شركات ( منطقة شرق الدلتا للطرق والكبارى الزقازيق,بنك مصر,إيرادات من الجان الشركات والهيئات,44.7,
2022-12-14,2878,,,عصام ابو بكر حجاج  (  تسوية العهدة المستديمة للخزينة,مصروفات إدارية المقر الرئيسى,مدينون متنوعون,5000,
2022-12-15,2879,,,تسوية عهدة كريم,بنك مصر,مدينون متنوعون,300,
2022-12-16,2880,,,فرشووط,بنك مصر,إيرادات مكاتب شئون العضوية,2000,
2022-12-17,2881,,,العماوى,بنك مصر,إيرادات مكاتب شئون العضوية,480,
2022-12-18,2882,,,طرق وكبارى  قنا,بنك مصر,إيرادات من الجان الشركات والهيئات,779.1,
2022-12-19,2883,,,طرق ونقل السويس,بنك مصر,إيرادات من الجان الشركات والهيئات,314.7,
2022-12-30,2884,,,شيكات مرتجعة بنك التنمية الصناعية,بنك العمال 1,بنك العمال 1,90624.5,